house_type,room_count,house_size,location,city,latitude,longitude,num_bathrooms,num_balconies,security_deposit,status,price
Apartment ,2 BHK,1250.0,Balewadi,Pune,18.5743351,73.7727356,2.0,2.0,<=100k,Semi-Furnished,25000
Independent Floor ,3 BHK,2000.0,Greater Kailash,Delhi,28.5448494,77.24253845,3.0,0.0,,Semi-Furnished,150000
Villa ,4 BHK,5896.0,Navjeevan Vihar,Delhi,28.53347588,77.19955444,4.0,2.0,>100k,Unfurnished,401105
Apartment ,1 BHK,650.0,Dombivali,Mumbai,19.20880127,73.09664917,2.0,0.0,0,Semi-Furnished,15000
Apartment ,2 BHK,900.0,Dadar East,Mumbai,19.01447678,72.84549713,,0.0,,Furnished,60000
Independent Floor ,3 BHK,2856.0,Panchsheel Enclave,Delhi,28.54351997,77.22973633,3.0,2.0,>100k,Unfurnished,301012
Apartment ,4 BHK,3600.0,Greater Kailash,Delhi,28.53805542,77.24464417,,0.0,>100k,Semi-Furnished,150000
Apartment ,1 BHK,650.0,Andheri East,Mumbai,19.15122414,72.82866669,1.0,0.0,0,Furnished,42000
Apartment ,2 BHK,753.0,Thane West,Mumbai,19.22478485,72.97016144,2.0,0.0,0,Semi-Furnished,37000
Villa ,4 BHK,5896.0,Jor bagh,Delhi,28.67728996,77.15930176,4.0,2.0,>100k,Unfurnished,1418181
Apartment ,2 BHK,658.0,Hinjewadi,Pune,18.59685707,73.69957733,2.0,0.0,0,Unfurnished,15000
Apartment ,2 BHK,923.0,Goregaon West,Mumbai,19.15022278,72.8476181,2.0,0.0,0,Semi-Furnished,60000
Apartment ,1 BHK,621.0,Wagholi,Pune,18.57613182,74.00145721,,1.0,<=100k,Unfurnished,9000
Independent Floor ,3 BHK,1800.0,Rajouri Garden,Delhi,28.64152908,77.12091064,3.0,0.0,0,Furnished,53000
Independent Floor ,3 BHK,2856.0,Golf Links,Delhi,28.59763908,77.23332977,3.0,2.0,>100k,Unfurnished,401012
Apartment ,2 BHK,766.0,Goregaon East,Mumbai,19.1738739,72.87392426,,0.0,>100k,Semi-Furnished,55000
Apartment ,2 BHK,1050.0,Chembur,Mumbai,19.05386925,72.88916016,2.0,0.0,0,Unfurnished,46000
Apartment ,3 BHK,1500.0,Powai,Mumbai,19.11481285,72.90932465,,0.0,0,Furnished,80000
Apartment ,2 BHK,,Kharghar,Mumbai,19.07176971,73.07587433,2.0,0.0,0,Semi-Furnished,28000
Independent Floor ,3 BHK,2000.0,Preet Vihar,Delhi,28.6364193,77.29275513,3.0,0.0,0,Semi-Furnished,45000
,4 BHK,2700.0,Pitampura,Delhi,28.69230652,77.14048004,3.0,0.0,0,Semi-Furnished,75000
Apartment ,2 BHK,1400.0,Santacruz East,Mumbai,19.0825882,72.85115051,2.0,0.0,0,Semi-Furnished,62000
Apartment ,3 BHK,2100.0,Baner,Pune,18.57022858,73.77071381,3.0,0.0,0,Furnished,100000
Apartment ,1 BHK,450.0,Malviya Nagar,Delhi,28.61302757,77.09531403,1.0,1.0,<=100k,Semi-Furnished,12000
Apartment ,2 BHK,950.0,Saket,Delhi,28.52349854,77.20964813,2.0,0.0,0,Furnished,30000
,2 BHK,1200.0,NIBM Annex Mohammadwadi,Pune,18.4762764,73.90934753,2.0,2.0,,Semi-Furnished,23000
,2 BHK,945.0,Tathawade,Pune,18.6384201,73.73475647,2.0,0.0,0,Semi-Furnished,13100
Apartment ,3 BHK,1642.0,Kandivali West,Mumbai,19.20575714,72.82209778,3.0,0.0,,Semi-Furnished,50000
Independent Floor ,3 BHK,,Paschim Vihar,Delhi,28.67886734,77.09030914,2.0,0.0,0,Semi-Furnished,22000
Independent Floor ,4 BHK,5562.0,Greater Kailash II,Delhi,28.53174019,77.24913788,4.0,2.0,>100k,Unfurnished,301202
Apartment ,2 BHK,963.0,Wagholi,Pune,18.57494926,74.00061035,2.0,2.0,<=100k,Semi-Furnished,12000
Apartment ,3 BHK,1500.0,Sector 7 Dwarka,Delhi,28.58943748,77.0688324,2.0,0.0,0,Semi-Furnished,35000
Independent Floor ,3 BHK,2856.0,Greater Kailash II,Delhi,28.53174019,77.24913788,3.0,2.0,>100k,Unfurnished,301011
Apartment ,2 BHK,,Tardeo,Mumbai,18.96496964,72.80918121,2.0,0.0,0,Semi-Furnished,90000
Apartment ,2 BHK,900.0,Ville Parle East,Mumbai,19.0951004,72.8605957,,0.0,0,Furnished,65000
Independent Floor ,4 BHK,6251.0,Navjeevan Vihar,Delhi,28.53347588,77.19955444,4.0,2.0,>100k,Unfurnished,235562
Apartment ,2 BHK,900.0,Kandivali West,Mumbai,19.20372581,72.83464813,2.0,0.0,0,Semi-Furnished,50000
,2 BHK,1008.0,Mulund West,Mumbai,19.15857124,72.94791412,2.0,0.0,,Semi-Furnished,38000
Apartment ,2 BHK,1000.0,Hinjewadi,Pune,18.58396339,73.69768524,2.0,0.0,0,Unfurnished,17000
Apartment ,2 BHK,1400.0,Kharadi,Pune,18.54661369,73.93197632,2.0,0.0,0,Furnished,43000
Studio Apartment ,1 RK,,Wakad,Pune,18.59894371,73.76527405,,0.0,0,Furnished,4000
Apartment ,2 BHK,820.0,Chembur,Mumbai,19.06293297,72.89239502,2.0,0.0,0,Semi-Furnished,55000
Apartment ,3 BHK,1275.0,Kharadi,Pune,18.54770279,73.93723297,3.0,0.0,0,Furnished,35000
Apartment ,2 BHK,954.0,Wagholi,Pune,18.58126259,73.98873901,2.0,2.0,<=100k,Unfurnished,10000
Apartment ,1 BHK,620.0,Wadgaon Sheri,Pune,18.55481339,73.92793274,1.0,0.0,0,Unfurnished,12000
Apartment ,2 BHK,880.0,Santacruz East,Mumbai,19.07358932,72.86816406,2.0,0.0,0,Furnished,60000
Apartment ,2 BHK,900.0,Mira Road East,Mumbai,19.28087616,72.87459564,1.0,0.0,0,Semi-Furnished,14000
Apartment ,1 BHK,650.0,Ghansoli,Mumbai,19.11912727,73.00679016,,0.0,0,Furnished,49999
Independent Floor ,3 BHK,1820.0,Greater Kailash,Delhi,28.55015373,77.24145508,3.0,0.0,0,Semi-Furnished,155000
Apartment ,3 BHK,1400.0,Ulwe,Mumbai,18.98021317,73.02484894,3.0,0.0,0,Semi-Furnished,35000
Apartment ,2 BHK,989.0,Wagholi,Pune,18.58126259,73.98873901,2.0,2.0,<=100k,Furnished,16000
Apartment ,3 BHK,1300.0,Kondhwa,Pune,18.47638512,73.89437866,3.0,1.0,<=100k,Unfurnished,35000
Apartment ,1 BHK,360.0,Dombivli (West),Mumbai,19.21966934,73.08443451,1.0,0.0,0,Unfurnished,8000
Apartment ,1 BHK,,Dombivali,Mumbai,19.16758537,73.07501221,1.0,0.0,0,Unfurnished,11000
,2 BHK,850.0,Shalimar Bagh,Delhi,28.71339226,77.15860748,2.0,0.0,0,Unfurnished,26000
Apartment ,1 BHK,,Sector 21 Ghansoli,Mumbai,19.13016319,72.99938202,2.0,3.0,<=100k,Unfurnished,19800
Apartment ,2 BHK,1254.0,Ghansoli,Mumbai,19.12706566,73.00237274,2.0,4.0,>100k,Furnished,52000
Apartment ,1 BHK,600.0,Wanowrie,Pune,18.48850441,73.9008255,1.0,0.0,<=100k,Unfurnished,13000
Independent Floor ,4 BHK,3600.0,Safdarjung Enclave,Delhi,28.56477928,77.19426727,4.0,0.0,0,Semi-Furnished,300000
Apartment ,1 BHK,600.0,Kalwa,Mumbai,19.20784187,73.01161957,1.0,0.0,0,Semi-Furnished,15000
Apartment ,1 BHK,700.0,Viman Nagar,Pune,18.56255913,73.91382599,1.0,0.0,0,Unfurnished,16000
Apartment ,2 BHK,1100.0,Vashi,Mumbai,19.07254219,73.00183105,2.0,0.0,0,Furnished,50000
Apartment ,2 BHK,1100.0,Jogeshwari West,Mumbai,19.14773178,72.84082794,,0.0,0,Unfurnished,50000
Apartment ,3 BHK,1248.0,Mulund West,Mumbai,19.15857124,72.94791412,2.0,0.0,0,Semi-Furnished,42000
Independent Floor ,3 BHK,1872.0,Greater kailash 1,Delhi,28.55195999,77.23581696,3.0,0.0,0,Semi-Furnished,110000
Apartment ,2 BHK,1050.0,Andheri West,Mumbai,19.13529968,72.81290436,3.0,3.0,>100k,Semi-Furnished,75000
Apartment ,2 BHK,960.0,Wagholi,Pune,18.58333015,73.98332977,2.0,2.0,<=100k,Semi-Furnished,16000
Apartment ,2 BHK,989.0,Pimple Saudagar,Pune,18.5911026,73.80147552,2.0,0.0,<=100k,Unfurnished,18000
Apartment ,3 BHK,1890.0,Sector 22 Dwarka,Delhi,28.56194878,77.05779266,4.0,0.0,0,Semi-Furnished,30000
Apartment ,2 BHK,950.0,Colaba,Mumbai,18.90838814,72.81639862,,0.0,0,Semi-Furnished,130000
,3 BHK,980.0,Jogeshwari East,Mumbai,19.14051628,72.86472321,2.0,0.0,0,Semi-Furnished,120000
Independent Floor ,2 BHK,680.0,Manglapuri,Delhi,28.60354996,77.08726501,,0.0,0,Semi-Furnished,9000
,2 BHK,1180.0,Dhanori,Pune,18.59954453,73.9006958,2.0,1.0,<=100k,Semi-Furnished,24000
Independent Floor ,4 BHK,6521.0,Sarvpriya Vihar,Delhi,28.54276657,77.20674133,4.0,2.0,>100k,Unfurnished,329295
Apartment ,2 BHK,650.0,Janakpuri,Delhi,28.62412453,77.08145905,1.0,1.0,<=100k,Semi-Furnished,16000
Independent Floor ,3 BHK,2741.0,Safdarjung Enclave,Delhi,28.56125832,77.19052124,,2.0,>100k,Unfurnished,301012
Apartment ,2 BHK,1005.0,Lohegaon,Pune,18.60913467,73.90710449,2.0,0.0,0,Semi-Furnished,19900
Apartment ,2 BHK,1000.0,Andheri West,Mumbai,19.13294411,72.81173706,2.0,0.0,0,Unfurnished,85000
Independent Floor ,4 BHK,5896.0,Jor bagh,Delhi,28.67728996,77.15930176,4.0,2.0,>100k,Unfurnished,410202
Apartment ,1 BHK,550.0,Mulund East,Mumbai,19.17316628,72.96511841,2.0,0.0,0,Unfurnished,23000
Apartment ,1 BHK,510.0,Andheri East,Mumbai,19.11567116,72.88295746,2.0,0.0,0,Furnished,45000
,4 BHK,2700.0,Naraina,Delhi,28.63214111,77.13885498,4.0,0.0,0,Semi-Furnished,90000
Independent Floor ,3 BHK,1856.0,Defence Colony,Delhi,28.57183075,77.23332977,3.0,2.0,>100k,Unfurnished,235625
,1 RK,340.0,Goregaon East,Mumbai,19.15353012,72.88446045,1.0,0.0,0,Semi-Furnished,14000
Independent Floor ,4 BHK,5896.0,Vasant Vihar,Delhi,28.55739021,77.15714264,4.0,2.0,>100k,Unfurnished,381022
,2 BHK,,Borivali West,Mumbai,19.21877861,72.84942627,2.0,0.0,0,Semi-Furnished,46000
Apartment ,3 BHK,1250.0,Chembur,Mumbai,19.05024719,72.89205933,3.0,0.0,0,Semi-Furnished,78000
Apartment ,1 BHK,950.0,Kothrud,Pune,18.50198364,73.82216644,1.0,0.0,0,Furnished,15000
Apartment ,1 BHK,460.0,Kothrud,Pune,18.50792885,73.80702972,1.0,0.0,<=100k,Unfurnished,13000
Apartment ,1 BHK,450.0,Chattarpur,Delhi,28.49557686,77.18509674,1.0,0.0,,Semi-Furnished,8000
Apartment ,1 BHK,710.0,Titwala,Mumbai,19.29587364,73.20278931,,0.0,0,Unfurnished,8500
Independent Floor ,4 BHK,4500.0,Sheikh Sarai,Delhi,28.54195404,77.21608734,4.0,0.0,0,Semi-Furnished,250000
Studio Apartment ,1 RK,420.0,Girgaon,Mumbai,18.95305443,72.82118225,1.0,0.0,0,Furnished,15000
Independent Floor ,3 BHK,2856.0,Vasant Vihar,Delhi,28.55739021,77.15714264,,2.0,>100k,Unfurnished,401012
Apartment ,2 BHK,1065.0,Kharghar,Mumbai,19.07026482,73.06941223,2.0,3.0,<=100k,Unfurnished,26000
Apartment ,2 BHK,850.0,Andheri West,Mumbai,19.12837791,72.82110596,2.0,0.0,0,Semi-Furnished,63000
Apartment ,1 BHK,400.0,Dombivali East,Mumbai,19.20571518,73.09552765,1.0,1.0,<=100k,Semi-Furnished,4000
Apartment ,2 BHK,,Borivali East,Mumbai,19.22686195,72.86437988,2.0,1.0,>100k,Unfurnished,45000
,4 BHK,2050.0,Sheikh Sarai,Delhi,28.53895569,77.2000351,4.0,0.0,,Furnished,180000
Independent House ,1 BHK,650.0,Baner,Pune,18.55945969,73.79322052,2.0,0.0,0,Unfurnished,15000
Apartment ,1 BHK,573.0,Chikhali,Pune,18.67391586,73.80892944,1.0,0.0,0,Unfurnished,8500
Studio Apartment ,1 RK,340.0,Haiderpur,Delhi,28.71986961,77.14903259,1.0,0.0,,Semi-Furnished,6500
Apartment ,2 BHK,1000.0,Karve Nagar,Pune,18.48571777,73.81295776,2.0,0.0,0,Semi-Furnished,19000
Apartment ,2 BHK,1080.0,Aundh,Pune,18.5678463,73.80082703,2.0,0.0,<=100k,Semi-Furnished,26500
Apartment ,3 BHK,1301.0,Wakad,Pune,18.59833908,73.7580719,3.0,3.0,,Unfurnished,29500
Independent Floor ,3 BHK,1400.0,Rajouri Garden,Delhi,28.64152908,77.12091064,3.0,0.0,0,Semi-Furnished,27000
Apartment ,2 BHK,962.0,Thane West,Mumbai,19.27250862,72.96461487,,0.0,0,Unfurnished,20999
Apartment ,1 BHK,600.0,Amrut Nagar,Mumbai,19.10214233,72.91384125,1.0,0.0,,Semi-Furnished,28000
Apartment ,3 BHK,1405.0,Lohegaon,Pune,18.62320328,73.91668701,3.0,0.0,0,Semi-Furnished,26000
Independent Floor ,2 BHK,500.0,Govindpuri,Delhi,28.53511238,77.26423645,2.0,0.0,0,Semi-Furnished,13000
Independent Floor ,3 BHK,1150.0,East of Kailash,Delhi,28.55871391,77.25095367,3.0,2.0,<=100k,Unfurnished,40000
,3 BHK,3100.0,Defence Colony,Delhi,28.57709885,77.23474884,3.0,2.0,>100k,Semi-Furnished,225000
Independent Floor ,1 BHK,550.0,Subhash Nagar,Delhi,28.63766098,77.11206818,,0.0,0,Furnished,18250
Apartment ,2 BHK,1000.0,Pimple Saudagar,Pune,18.59511375,73.78903961,2.0,2.0,<=100k,Unfurnished,25000
Apartment ,2 BHK,1068.0,Goregaon East,Mumbai,19.14554596,72.85346985,2.0,0.0,>100k,Furnished,90000
Apartment ,3 BHK,1400.0,Andheri West,Mumbai,19.13865662,72.82530975,,0.0,>100k,Furnished,130000
Apartment ,2 BHK,950.0,Dhanori,Pune,18.59778595,73.90550995,2.0,0.0,<=100k,Unfurnished,22000
Apartment ,1 BHK,453.0,Bhandup West,Mumbai,19.15924072,72.93253326,1.0,2.0,<=100k,Semi-Furnished,23000
Independent Floor ,2 BHK,750.0,Mansa Ram Park,Delhi,28.61807823,77.04087067,2.0,0.0,0,Furnished,20000
Apartment ,2 BHK,1150.0,Kalyan West,Mumbai,19.25474739,73.13502502,2.0,1.0,<=100k,Semi-Furnished,18000
Apartment ,3 BHK,1230.0,Sector 9 Rohini,Delhi,28.72058678,77.12262726,2.0,2.0,,Semi-Furnished,30000
Apartment ,1 BHK,650.0,Santacruz East,Mumbai,19.0833168,72.8532486,2.0,0.0,0,Unfurnished,28000
Apartment ,4 BHK,1900.0,Andheri West,Mumbai,19.12146759,72.82640076,4.0,0.0,0,Furnished,180000
,2 BHK,1200.0,Borivali East,Mumbai,19.22075844,72.85770416,2.0,0.0,>100k,Unfurnished,45000
Apartment ,2 BHK,1040.0,Chembur,Mumbai,19.05179214,72.89902496,2.0,0.0,0,Semi-Furnished,60000
Independent Floor ,4 BHK,5896.0,Greater Kailash II,Delhi,28.53174019,77.24913788,4.0,2.0,>100k,Unfurnished,401015
,4 BHK,5896.0,Anand Niketan,Delhi,28.57893944,77.16504669,4.0,2.0,>100k,Unfurnished,301022
Apartment ,1 BHK,573.0,Chikhali,Pune,18.67391586,73.80892944,1.0,0.0,0,Unfurnished,8500
Apartment ,1 BHK,710.0,Mira Road East,Mumbai,19.28744507,72.87618256,2.0,0.0,0,Semi-Furnished,21000
Apartment ,1 BHK,600.0,Naigaon East,Mumbai,19.36510086,72.86039734,2.0,0.0,0,Unfurnished,8500
Apartment ,2 BHK,922.0,Undri,Pune,18.44987106,73.91234589,2.0,0.0,<=100k,Unfurnished,15000
Apartment ,2 BHK,980.0,Wagholi,Pune,18.5781498,74.00430298,2.0,2.0,<=100k,Semi-Furnished,15000
Apartment ,2 BHK,850.0,Kanjurmarg,Mumbai,19.1339817,72.93009186,2.0,0.0,0,Semi-Furnished,45000
Apartment ,4 BHK,2200.0,Sector 22 Dwarka,Delhi,28.55875778,77.06130219,3.0,0.0,,Semi-Furnished,65000
,1 BHK,444.0,Badlapur East,Mumbai,19.14508629,73.24726868,2.0,3.0,<=100k,Unfurnished,6000
Apartment ,2 BHK,1250.0,Ghansoli,Mumbai,19.11885071,73.00692749,,0.0,0,Unfurnished,55000
Apartment ,4 BHK,7000.0,Bandra West,Mumbai,19.06009293,72.83030701,5.0,6.0,>100k,Furnished,600000
Apartment ,3 BHK,1300.0,Andheri West,Mumbai,19.14209175,72.82617188,3.0,0.0,0,Unfurnished,70000
Apartment ,1 BHK,585.0,Thane West,Mumbai,19.22903824,72.98190308,2.0,0.0,0,Furnished,28000
Apartment ,3 BHK,1650.0,Sector 2 Dwarka,Delhi,28.59669495,77.06964111,3.0,3.0,<=100k,Semi-Furnished,35000
Independent Floor ,3 BHK,1800.0,Green Park Extension,Delhi,28.55844879,77.20293427,4.0,0.0,0,Semi-Furnished,70000
Independent Floor ,3 BHK,1900.0,Kalkaji,Delhi,28.5351696,77.25666046,3.0,3.0,>100k,Unfurnished,53000
,2 BHK,1250.0,Ghansoli,Mumbai,19.11301613,73.00727081,2.0,0.0,0,Unfurnished,39999
Independent Floor ,3 BHK,2856.0,Sarvodaya Enclave,Delhi,28.5376606,77.20207214,3.0,2.0,>100k,Unfurnished,301102
Apartment ,2 BHK,1100.0,Andheri West,Mumbai,19.14638519,72.82272339,2.0,0.0,0,Furnished,60000
Apartment ,2 BHK,520.0,Kalyan West,Mumbai,19.25352097,73.13677979,2.0,2.0,,Unfurnished,20000
Apartment ,3 BHK,1360.0,Goregaon West,Mumbai,19.14982986,72.84686279,3.0,0.0,0,Semi-Furnished,89000
Apartment ,2 BHK,850.0,Sheikh Sarai,Delhi,28.53419876,77.21559143,2.0,1.0,<=100k,Semi-Furnished,22000
Apartment ,2 BHK,1034.0,Wagholi,Pune,18.56959343,73.95823669,2.0,0.0,<=100k,Unfurnished,16500
Apartment ,2 BHK,951.0,Wagholi,Pune,18.57373619,73.97103882,2.0,2.0,<=100k,Semi-Furnished,14500
Apartment ,3 BHK,1300.0,Kandivali West,Mumbai,19.21173286,72.84081268,3.0,0.0,0,Semi-Furnished,72000
Independent Floor ,3 BHK,690.0,Uttam Nagar,Delhi,28.62089157,77.0579834,2.0,0.0,0,Furnished,18000
Apartment ,2 BHK,1001.0,Vishrantwadi,Pune,18.57247734,73.8839798,2.0,0.0,<=100k,Unfurnished,27000
Apartment ,3 BHK,950.0,Jogeshwari West,Mumbai,19.1422596,72.8319397,3.0,0.0,0,Unfurnished,85000
Apartment ,3 BHK,1750.0,Malabar Hill,Mumbai,18.95371056,72.8004303,3.0,0.0,0,Furnished,200000
,2 BHK,1265.0,Kharghar,Mumbai,19.07069588,73.07765198,2.0,0.0,<=100k,Semi-Furnished,28000
Apartment ,1 BHK,650.0,Andheri East,Mumbai,19.1172924,72.8841095,2.0,0.0,0,Semi-Furnished,43000
Apartment ,3 BHK,1345.0,Borivali East,Mumbai,19.22131157,72.85739899,3.0,0.0,>100k,Unfurnished,75000
Apartment ,2 BHK,,Kharghar,Mumbai,19.07118607,73.07369232,2.0,0.0,<=100k,Furnished,13000
Independent Floor ,3 BHK,2000.0,Rajouri Garden,Delhi,28.64152908,77.12091064,3.0,0.0,0,Semi-Furnished,50000
Apartment ,3 BHK,1100.0,Santacruz East,Mumbai,19.07358932,72.86816406,3.0,0.0,0,Furnished,103000
Apartment ,1 BHK,420.0,Goregaon West,Mumbai,19.16604233,72.83409119,1.0,0.0,>100k,Semi-Furnished,30000
Independent Floor ,2 BHK,600.0,Uttam Nagar,Delhi,28.61945724,77.05670929,2.0,0.0,0,Furnished,20000
Apartment ,1 BHK,,Thane West,Mumbai,19.27623749,72.95905304,1.0,0.0,0,Semi-Furnished,13999
Independent House ,4 BHK,5211.0,Shanti Niketan,Delhi,28.57792091,77.16937256,4.0,2.0,>100k,Unfurnished,526161
Apartment ,1 BHK,600.0,Baner,Pune,18.54877853,73.76789093,1.0,1.0,<=100k,Unfurnished,17000
Apartment ,1 BHK,700.0,Ulwe,Mumbai,18.97488022,73.05581665,1.0,0.0,0,Unfurnished,9000
Independent Floor ,1 BHK,900.0,Lohegaon,Pune,18.60510826,73.91703796,1.0,1.0,,Unfurnished,6500
Apartment ,2 BHK,951.0,Wagholi,Pune,18.5670414,73.95563507,2.0,2.0,<=100k,Unfurnished,17000
Independent Floor ,4 BHK,5569.0,Safdarjung Enclave,Delhi,28.56125832,77.19052124,4.0,2.0,>100k,Unfurnished,235925
Independent Floor ,4 BHK,3150.0,Sarvpriya Vihar,Delhi,28.5420208,77.20693207,4.0,0.0,,Semi-Furnished,165000
Independent Floor ,3 BHK,1750.0,Poorvi Pitampura,Delhi,28.70433044,77.14995575,3.0,1.0,>100k,Semi-Furnished,55000
,1 BHK,,Jogeshwari West,Mumbai,19.14189911,72.84374237,2.0,0.0,0,Unfurnished,30000
Studio Apartment ,1 RK,344.0,Goregaon East,Mumbai,19.15221214,72.88626099,1.0,0.0,0,Unfurnished,10000
,3 BHK,900.0,Shalimar Bagh,Delhi,28.71273994,77.16290283,,1.0,<=100k,Semi-Furnished,31000
Apartment ,2 BHK,690.0,Kanjurmarg,Mumbai,19.1315136,72.92739868,2.0,0.0,0,Semi-Furnished,27000
Apartment ,1 BHK,600.0,Nigdi,Pune,18.6574707,73.76837921,1.0,1.0,<=100k,Furnished,13500
Apartment ,1 BHK,500.0,Koper Khairane,Mumbai,19.1027832,73.01050568,1.0,0.0,0,Furnished,18000
Apartment ,3 BHK,1367.0,Hadapsar,Pune,18.51945686,73.91488647,,0.0,0,Unfurnished,25000
Independent Floor ,5 BHK,6521.0,Panchsheel Park,Delhi,28.54154015,77.21611786,,2.0,>100k,Unfurnished,301012
Independent Floor ,4 BHK,5852.0,Sarvodaya Enclave,Delhi,28.5376606,77.20207214,4.0,2.0,>100k,Unfurnished,308225
Apartment ,2 BHK,1000.0,Kanjurmarg,Mumbai,19.12768173,72.9312439,2.0,0.0,0,Semi-Furnished,45000
Apartment ,1 BHK,570.0,Nalasopara West,Mumbai,19.40540504,72.75317383,1.0,1.0,<=100k,Unfurnished,6000
Apartment ,3 BHK,1248.0,Mulund West,Mumbai,19.15857124,72.94791412,2.0,0.0,0,Semi-Furnished,42000
Apartment ,2 BHK,1200.0,Wagholi,Pune,18.58279419,73.97045135,,2.0,<=100k,Semi-Furnished,20000
Independent Floor ,3 BHK,1800.0,Pitampura,Delhi,28.69317627,77.13703156,3.0,0.0,0,Furnished,60000
Apartment ,2 BHK,950.0,Wagholi,Pune,18.54379272,73.92418671,2.0,0.0,0,Unfurnished,25000
Apartment ,2 BHK,777.0,Rahatani,Pune,18.60426903,73.78177643,2.0,1.0,<=100k,Unfurnished,16000
Independent Floor ,4 BHK,1900.0,Defence Colony,Delhi,28.57263374,77.23251343,4.0,0.0,0,Semi-Furnished,200000
Apartment ,2 BHK,1045.0,Wagholi,Pune,18.5841217,74.02622223,2.0,2.0,<=100k,Unfurnished,13000
Apartment ,4 BHK,2465.0,Goregaon East,Mumbai,19.17181015,72.87014771,4.0,0.0,>100k,Semi-Furnished,87000
Apartment ,2 BHK,1140.0,Kalyan West,Mumbai,19.26477242,73.13123322,2.0,0.0,0,Unfurnished,15000
Independent Floor ,3 BHK,2856.0,Golf Links,Delhi,28.59763908,77.23332977,,3.0,>100k,Unfurnished,301022
Independent Floor ,2 BHK,951.0,Subhash Nagar,Delhi,28.63544846,77.11630249,2.0,0.0,0,Semi-Furnished,25500
Apartment ,2 BHK,1245.0,Dapodi,Pune,18.58242989,73.8307724,2.0,1.0,,Semi-Furnished,23000
Independent Floor ,4 BHK,5896.0,Hauz Khas,Delhi,28.55542183,77.20988464,4.0,2.0,,Unfurnished,301022
Independent Floor ,3 BHK,4500.0,Jor bagh,Delhi,28.58775711,77.21530914,3.0,0.0,0,Semi-Furnished,450000
Apartment ,2 BHK,1100.0,Chembur,Mumbai,19.04534531,72.91001892,2.0,0.0,>100k,Semi-Furnished,55000
Apartment ,3 BHK,1845.0,Parel,Mumbai,18.99886894,72.84266663,,0.0,0,Furnished,375000
Apartment ,3 BHK,1450.0,Juhu,Mumbai,19.10879707,72.82907867,3.0,0.0,0,Semi-Furnished,150000
Independent Floor ,3 BHK,2856.0,Hauz Khas,Delhi,28.55542183,77.20988464,3.0,2.0,>100k,Unfurnished,301022
Independent Floor ,3 BHK,2000.0,Rajouri Garden,Delhi,28.64152908,77.12091064,3.0,0.0,0,Unfurnished,50100
Apartment ,2 BHK,741.0,Wagholi,Pune,18.57751656,73.9812851,2.0,2.0,,Unfurnished,11000
Independent Floor ,4 BHK,5896.0,Maharani Bagh,Delhi,28.57262039,77.26422119,4.0,2.0,>100k,Unfurnished,310102
Apartment ,3 BHK,1750.0,Chembur,Mumbai,19.05800629,72.9004364,3.0,1.0,>100k,Semi-Furnished,95000
Apartment ,2 BHK,925.0,Andheri West,Mumbai,19.14537239,72.82387543,2.0,0.0,0,Unfurnished,48000
Apartment ,1 BHK,575.0,Mira Road East,Mumbai,19.28087616,72.87459564,1.0,0.0,0,Furnished,20000
Apartment ,1 BHK,550.0,Mundhwa,Pune,18.53367805,73.93003845,1.0,0.0,0,Unfurnished,12500
Villa ,4 BHK,6521.0,Malcha Marg,Delhi,28.60173035,77.18534088,4.0,2.0,>100k,Unfurnished,1549491
Independent Floor ,3 BHK,,Saket,Delhi,28.52354813,77.20014191,3.0,2.0,>100k,Unfurnished,301012
Apartment ,1 BHK,670.0,Virar,Mumbai,19.46809959,72.79780579,2.0,0.0,0,Furnished,6500
Apartment ,1 BHK,600.0,Wadgaon Sheri,Pune,18.55271912,73.92081451,1.0,0.0,0,Semi-Furnished,18000
,3 BHK,1450.0,Cuffe Parade,Mumbai,18.91054344,72.82027435,2.0,0.0,0,Furnished,220000
Apartment ,1 BHK,420.0,Chattarpur,Delhi,28.49385643,77.18325043,1.0,0.0,0,Furnished,14000
Apartment ,2 BHK,985.0,Wagholi,Pune,18.5841217,74.02622223,2.0,2.0,<=100k,Unfurnished,16500
Studio Apartment ,1 RK,342.0,Karampura,Delhi,28.66576004,77.15023041,1.0,0.0,0,Furnished,24000
Apartment ,2 BHK,1100.0,Seawoods,Mumbai,19.00620651,73.01461792,2.0,0.0,0,Furnished,63000
Apartment ,2 BHK,985.0,Wagholi,Pune,18.58279419,73.97045135,2.0,2.0,<=100k,Semi-Furnished,18000
Apartment ,2 BHK,1050.0,Kalyan West,Mumbai,19.24520874,73.12499237,2.0,2.0,<=100k,Furnished,24000
Independent Floor ,3 BHK,2450.0,Greater kailash 1,Delhi,28.55195999,77.23581696,3.0,0.0,0,Semi-Furnished,127000
Independent Floor ,3 BHK,2852.0,Hauz Khas,Delhi,28.55542183,77.20988464,3.0,2.0,>100k,Unfurnished,308212
Apartment ,1 BHK,670.0,Wanowrie,Pune,18.49789619,18.49789619,1.0,2.0,<=100k,Semi-Furnished,13000
Apartment ,2 BHK,790.0,Andheri East,Mumbai,19.11686325,72.86997986,2.0,0.0,0,Furnished,65000
Apartment ,1 BHK,535.0,Naigaon East,Mumbai,19.36005211,72.85678864,1.0,0.0,0,Semi-Furnished,5500
,1 BHK,670.0,Virar,Mumbai,19.47033882,72.79947662,2.0,0.0,0,Semi-Furnished,6500
Apartment ,1 BHK,,Thane West,Mumbai,19.27896118,72.94429016,2.0,0.0,0,Semi-Furnished,22000
Independent Floor ,3 BHK,1500.0,Greater kailash 1,Delhi,28.55183792,77.23640442,,0.0,0,Unfurnished,140000
Apartment ,2 BHK,950.0,Kanjurmarg,Mumbai,19.1339817,72.93009186,,0.0,0,Furnished,45000
Apartment ,1 BHK,508.0,Dhanori,Pune,18.59919357,73.89832306,1.0,0.0,<=100k,Unfurnished,13500
Apartment ,3 BHK,1600.0,Sector-18 Dwarka,Delhi,28.58725357,77.03544617,2.0,0.0,0,Semi-Furnished,38000
Apartment ,2 BHK,1250.0,Powai,Mumbai,19.12325668,72.91281128,2.0,0.0,0,Semi-Furnished,75000
Apartment ,2 BHK,1000.0,Santacruz East,Mumbai,19.07358932,72.86816406,2.0,0.0,0,Furnished,99000
Independent Floor ,4 BHK,1800.0,Saket,Delhi,28.52349854,77.20964813,4.0,0.0,0,Semi-Furnished,190000
Apartment ,1 BHK,750.0,Pimple Saudagar,Pune,18.59486961,73.79818726,1.0,0.0,<=100k,Unfurnished,13000
Independent Floor ,4 BHK,2700.0,Kirti Nagar,Delhi,28.64817238,77.14144897,4.0,0.0,0,Semi-Furnished,75000
Apartment ,2 BHK,1250.0,Andheri East,Mumbai,19.10038948,72.88574982,2.0,0.0,0,Furnished,57000
Apartment ,4 BHK,2450.0,Prabhadevi,Mumbai,19.01035881,72.83055115,5.0,0.0,,Semi-Furnished,575000
Apartment ,1 BHK,586.0,Andheri East,Mumbai,19.11804008,72.88634491,1.0,0.0,,Unfurnished,30000
Apartment ,1 BHK,597.0,Undri,Pune,18.45446014,73.9148407,1.0,1.0,<=100k,Semi-Furnished,11000
Apartment ,1 BHK,425.0,Kandivali West,Mumbai,19.20246506,72.82470703,1.0,0.0,<=100k,Unfurnished,17000
,1 BHK,641.0,Wadgaon Sheri,Pune,18.55271912,73.92081451,1.0,0.0,0,Furnished,20000
Apartment ,2 BHK,780.0,Andheri West,Mumbai,19.14356232,72.82190704,2.0,0.0,0,Furnished,70000
Apartment ,3 BHK,1500.0,Hadapsar,Pune,18.51144791,73.92240143,3.0,0.0,0,Semi-Furnished,27000
Independent House ,4 BHK,5562.0,Greater kailash 1,Delhi,28.55175018,77.23332977,4.0,2.0,>100k,Unfurnished,401012
,3 BHK,1300.0,NIBM Annex Mohammadwadi,Pune,18.47131538,73.90200043,3.0,1.0,<=100k,Furnished,35000
Independent Floor ,3 BHK,1440.0,Chittaranjan Park,Delhi,28.53881073,77.2489624,3.0,0.0,0,Semi-Furnished,75000
Independent Floor ,2 BHK,500.0,Dwarka Mor,Delhi,28.6241684,77.0315094,2.0,0.0,0,Semi-Furnished,10000
Apartment ,3 BHK,1255.0,Kandivali East,Mumbai,19.19691467,72.87820435,2.0,0.0,0,Furnished,52000
Apartment ,2 BHK,1000.0,NIBM Annex Mohammadwadi,Pune,18.47255516,73.91059113,2.0,1.0,<=100k,Unfurnished,23000
Independent Floor ,3 BHK,1000.0,Dabri,Delhi,28.60548592,77.09065247,2.0,0.0,0,Semi-Furnished,22000
Apartment ,2 BHK,952.0,Dhanori,Pune,18.59297371,73.90126038,2.0,0.0,,Semi-Furnished,19600
Independent Floor ,1 BHK,,Subhash Nagar,Delhi,28.63766098,77.11206818,1.0,0.0,0,Semi-Furnished,20000
Apartment ,3 BHK,1300.0,Ghansoli,Mumbai,19.12031364,72.99881744,3.0,0.0,0,Furnished,65000
Apartment ,2 BHK,750.0,Chembur,Mumbai,19.05700111,72.90486145,2.0,0.0,0,Unfurnished,55000
Independent Floor ,3 BHK,2741.0,Safdarjung Enclave,Delhi,28.56125832,77.19052124,3.0,2.0,>100k,Unfurnished,301022
Independent Floor ,4 BHK,2700.0,Greater Kailash,Delhi,28.53398132,77.24250031,4.0,0.0,0,Furnished,180000
Independent Floor ,3 BHK,2856.0,Greater Kailash II,Delhi,28.53174019,77.24913788,3.0,2.0,>100k,Unfurnished,301012
Apartment ,1 BHK,595.0,Ravet,Pune,18.64532852,73.75150299,1.0,0.0,<=100k,Unfurnished,12000
Independent Floor ,5 BHK,6521.0,Golf Links,Delhi,28.59763908,77.23332977,4.0,2.0,,Unfurnished,301012
Apartment ,2 BHK,987.0,Wagholi,Pune,18.58679199,73.99843597,2.0,2.0,<=100k,Unfurnished,17000
Independent Floor ,3 BHK,1400.0,Ramesh Nagar,Delhi,28.64922142,77.13320923,3.0,0.0,0,Semi-Furnished,35000
Apartment ,2 BHK,1700.0,Andheri East,Mumbai,19.11436844,72.884758,2.0,0.0,,Unfurnished,70000
,2 BHK,1130.0,Kharadi,Pune,18.55356216,73.94377899,2.0,1.0,<=100k,Furnished,28000
Apartment ,2 BHK,865.0,Vikhroli,Mumbai,19.11166382,72.92677307,2.0,0.0,0,Semi-Furnished,50000
Apartment ,2 BHK,1050.0,Andheri West,Mumbai,19.1355629,72.81622314,2.0,0.0,0,Furnished,55000
Independent Floor ,3 BHK,1800.0,Safdarjung Development Area,Delhi,28.55068588,77.20052338,3.0,0.0,0,Furnished,135000
Independent Floor ,3 BHK,2856.0,Vasant Vihar,Delhi,28.55739021,77.15714264,,2.0,>100k,Unfurnished,312828
Villa ,2 BHK,1200.0,Viman Nagar,Pune,18.56818581,73.91455841,3.0,0.0,0,Furnished,45000
Independent House ,5 BHK,5000.0,Wadgaon Sheri,Pune,18.5601635,73.92492676,5.0,0.0,0,Unfurnished,110000
Independent House ,1 BHK,780.0,Wagholi,Pune,18.58660889,73.99105835,1.0,0.0,0,Unfurnished,9500
Apartment ,1 BHK,650.0,Kurla,Mumbai,19.06987572,72.87733459,2.0,0.0,0,Semi-Furnished,55000
,3 BHK,1800.0,Sector 13 Dwarka,Delhi,28.60041809,77.0395813,3.0,0.0,0,Semi-Furnished,37000
Apartment ,1 BHK,650.0,Narayan Peth,Pune,18.51502228,73.84793091,1.0,0.0,<=100k,Semi-Furnished,16000
Independent House ,5 BHK,6521.0,Chattarpur,Delhi,28.49946976,77.19647217,4.0,2.0,>100k,Unfurnished,401014
Apartment ,2 BHK,1000.0,Wakad,Pune,18.58989906,73.7726593,2.0,1.0,<=100k,Semi-Furnished,20000
Studio Apartment ,1 RK,200.0,Wakad,Pune,18.59894371,73.76527405,1.0,0.0,0,Furnished,4000
Apartment ,1 BHK,750.0,Pimple Saudagar,Pune,18.59486961,73.79818726,1.0,0.0,<=100k,Unfurnished,14000
Independent Floor ,3 BHK,2741.0,Anand Niketan,Delhi,28.57893944,77.16504669,3.0,2.0,>100k,Unfurnished,310102
Apartment ,3 BHK,1147.0,Malad West,Mumbai,19.18694305,72.83223724,3.0,2.0,>100k,Unfurnished,70000
Apartment ,3 BHK,2050.0,Worli,Mumbai,18.99952126,72.81811523,3.0,0.0,0,Semi-Furnished,160000
Independent Floor ,3 BHK,2856.0,Jor bagh,Delhi,28.67728996,77.15930176,3.0,2.0,>100k,Unfurnished,301022
Apartment ,1 BHK,526.0,Goregaon East,Mumbai,19.1560955,72.88613892,1.0,0.0,0,Furnished,16000
Apartment ,2 BHK,1250.0,Seawoods,Mumbai,19.00620651,73.01461792,2.0,0.0,0,Semi-Furnished,60000
Independent Floor ,4 BHK,5896.0,Vasant Vihar,Delhi,28.55739021,77.15714264,4.0,2.0,>100k,Unfurnished,301022
Independent House ,5 BHK,6521.0,New Friends Colony,Delhi,28.56705093,77.27355957,4.0,2.0,>100k,Unfurnished,549115
Independent Floor ,3 BHK,1300.0,Dwarka Mor,Delhi,28.62420845,77.03496552,3.0,0.0,0,Semi-Furnished,17000
,2 BHK,1700.0,Green Park Extension,Delhi,28.55907249,77.20407104,2.0,0.0,0,Semi-Furnished,50000
Studio Apartment ,1 RK,300.0,East of Kailash,Delhi,28.55871391,77.25095367,,1.0,<=100k,Furnished,13000
Apartment ,3 BHK,1100.0,Andheri West,Mumbai,19.1423111,72.81121826,3.0,0.0,0,Unfurnished,110000
Independent Floor ,2 BHK,1450.0,Rajouri Garden,Delhi,28.63847351,77.11963654,2.0,0.0,0,Furnished,35000
Apartment ,1 BHK,580.0,Wagholi,Pune,18.57388115,73.97631073,2.0,2.0,<=100k,Furnished,12000
Apartment ,2 BHK,,Wagholi,Pune,18.59166145,74.00128174,2.0,0.0,<=100k,Semi-Furnished,15000
Apartment ,1 BHK,700.0,Airoli,Mumbai,19.14788246,72.99542999,1.0,0.0,0,Semi-Furnished,21000
,2 BHK,,Kalyan West,Mumbai,19.25731087,73.12992096,,0.0,0,Unfurnished,18000
Apartment ,2 BHK,,juhu tara,Mumbai,19.10225296,72.82697296,3.0,2.0,>100k,Furnished,180000
Apartment ,2 BHK,1200.0,Malad West,Mumbai,19.18059731,72.84043121,2.0,0.0,0,Furnished,52000
Apartment ,4 BHK,1600.0,Chinchwad,Pune,18.63941002,73.78873444,,0.0,0,Furnished,45000
Villa ,4 BHK,5852.0,Greater Kailash II,Delhi,28.53174019,77.24913788,4.0,2.0,>100k,Unfurnished,541225
Independent Floor ,3 BHK,2846.0,Sarvpriya Vihar,Delhi,28.54276657,77.20674133,3.0,2.0,>100k,Unfurnished,301011
Apartment ,3 BHK,1800.0,dwarka sector 17,Delhi,28.59523773,77.02385712,2.0,0.0,0,Semi-Furnished,48000
,1 BHK,550.0,Kharghar,Mumbai,19.05111313,73.07460785,1.0,0.0,0,Unfurnished,12000
Apartment ,2 BHK,1150.0,Kharghar,Mumbai,19.07134628,73.07009888,2.0,0.0,<=100k,Unfurnished,25000
Apartment ,2 BHK,1075.0,Wagholi,Pune,18.5711174,73.97442627,2.0,0.0,<=100k,Semi-Furnished,17000
Independent Floor ,3 BHK,1800.0,Pitampura,Delhi,28.69649315,77.13860321,3.0,0.0,0,Semi-Furnished,48000
Apartment ,3 BHK,950.0,Mulund West,Mumbai,19.16048431,72.94541931,2.0,0.0,0,Unfurnished,50000
Apartment ,1 BHK,600.0,Andheri East,Mumbai,19.10704422,72.86820221,2.0,0.0,0,Furnished,41000
Apartment ,2 BHK,740.0,Kanjurmarg,Mumbai,19.1315136,72.92739868,2.0,0.0,0,Semi-Furnished,28000
Apartment ,1 BHK,,Ghansoli,Mumbai,19.12399673,72.9980545,1.0,1.0,<=100k,Unfurnished,11000
Independent Floor ,3 BHK,1548.0,Paschim Vihar,Delhi,28.67709351,77.10632324,3.0,0.0,0,Semi-Furnished,41000
Apartment ,2 BHK,1050.0,Lohegaon,Pune,18.60578346,73.91027069,2.0,0.0,0,Semi-Furnished,23000
Apartment ,3 BHK,1050.0,Dhanori,Pune,18.60419464,73.90248871,2.0,0.0,0,Semi-Furnished,20800
,2 BHK,1115.0,Wakad,Pune,18.59578705,73.77779388,2.0,0.0,,Unfurnished,23000
Apartment ,2 BHK,951.0,Wagholi,Pune,18.58956146,73.96814728,2.0,2.0,<=100k,Unfurnished,20000
Apartment ,1 BHK,500.0,Dombivali,Mumbai,19.20687675,73.10365295,2.0,0.0,0,Semi-Furnished,9000
Apartment ,1 BHK,600.0,Nigdi,Pune,18.6574707,73.76837921,1.0,1.0,<=100k,Unfurnished,10000
,2 BHK,450.0,Andheri West,Mumbai,19.12205124,72.83136749,2.0,0.0,0,Unfurnished,65000
Apartment ,2 BHK,1350.0,Goregaon West,Mumbai,19.16319275,72.84197235,2.0,1.0,>100k,Furnished,49000
,1 BHK,580.0,Mira Road East,Mumbai,19.28087616,72.87459564,1.0,0.0,0,Semi-Furnished,16000
Independent Floor ,3 BHK,2856.0,Shanti Niketan,Delhi,28.57792091,77.16937256,3.0,2.0,>100k,Unfurnished,301012
Apartment ,2 BHK,963.0,Wagholi,Pune,18.59403992,74.00275421,2.0,2.0,<=100k,Unfurnished,12000
Apartment ,3 BHK,1600.0,Balewadi,Pune,18.57207489,73.77645111,3.0,3.0,<=100k,Unfurnished,33000
Apartment ,1 BHK,700.0,Chembur,Mumbai,19.05427933,72.89211273,1.0,0.0,0,Unfurnished,42500
,3 BHK,1300.0,Goregaon East,Mumbai,19.17523766,72.87052917,3.0,0.0,0,Furnished,70000
Independent Floor ,4 BHK,5896.0,Hauz Khas,Delhi,28.55542183,77.20988464,4.0,2.0,>100k,Unfurnished,301022
,4 BHK,5562.0,Sainik Farm,Delhi,28.50527763,77.20741272,4.0,3.0,>100k,Unfurnished,301020
Apartment ,2 BHK,,Kharadi,Pune,18.55659676,73.94007111,2.0,0.0,<=100k,Furnished,21000
Independent Floor ,3 BHK,900.0,Poorvi Pitampura,Delhi,28.70433044,77.14995575,2.0,1.0,<=100k,Semi-Furnished,29000
Apartment ,3 BHK,1500.0,Malad West,Mumbai,19.14728546,72.79506683,3.0,0.0,0,Furnished,88500
,3 BHK,3600.0,Green Park Extension,Delhi,28.55844879,77.20293427,3.0,0.0,0,Semi-Furnished,85000
,1 BHK,350.0,Baner,Pune,18.56982231,73.77074432,,0.0,<=100k,Furnished,17000
,2 BHK,1241.0,Ghansoli,Mumbai,19.11757469,72.99636841,2.0,4.0,>100k,Unfurnished,46000
Independent Floor ,3 BHK,1300.0,laxmi nagar,Delhi,28.63550949,77.26966095,,0.0,0,Furnished,20000
Independent Floor ,3 BHK,1800.0,Naraina,Delhi,28.63214111,77.13885498,2.0,0.0,0,Semi-Furnished,40000
Independent Floor ,3 BHK,2856.0,New Friends Colony,Delhi,28.56705093,77.27355957,3.0,2.0,,Unfurnished,301022
Independent Floor ,4 BHK,3600.0,Greater Kailash,Delhi,28.53398132,77.24250031,4.0,0.0,,Semi-Furnished,300000
Apartment ,2 BHK,900.0,Andheri West,Mumbai,19.13791656,72.81115723,2.0,0.0,0,Furnished,75000
Apartment ,3 BHK,1800.0,Chembur,Mumbai,19.05443382,72.90036011,3.0,0.0,0,Semi-Furnished,150000
Apartment ,1 BHK,650.0,Dombivali,Mumbai,19.20754051,73.111763,2.0,0.0,0,Semi-Furnished,16000
Apartment ,3 BHK,1570.0,Borivali East,Mumbai,19.2212677,72.85808563,3.0,0.0,>100k,Unfurnished,90000
Independent Floor ,2 BHK,1220.0,Chattarpur,Delhi,28.48923111,77.18061829,2.0,0.0,0,Semi-Furnished,16000
Apartment ,2 BHK,915.0,Bandra West,Mumbai,19.0483017,72.82282257,2.0,0.0,>100k,Furnished,190000
Independent Floor ,3 BHK,2856.0,Maharani Bagh,Delhi,28.57262039,77.26422119,3.0,2.0,>100k,Unfurnished,301012
Apartment ,2 BHK,1901.0,Kalyan West,Mumbai,19.24119949,73.12905884,2.0,2.0,<=100k,Semi-Furnished,14000
Studio Apartment ,1 RK,350.0,Karve Nagar,Pune,18.49023247,73.819664,1.0,0.0,0,Unfurnished,11000
Apartment ,2 BHK,700.0,Bhandup East,Mumbai,19.14496231,72.94623566,,0.0,0,Semi-Furnished,32000
Apartment ,1 BHK,1200.0,Ghansoli,Mumbai,19.12964439,72.99658203,2.0,4.0,<=100k,Unfurnished,26500
Apartment ,3 BHK,1639.0,Sector 2 Dwarka,Delhi,28.59692764,77.06732941,,0.0,<=100k,Semi-Furnished,45000
,2 BHK,1056.0,Lohegaon,Pune,18.62320328,73.91668701,2.0,0.0,0,Semi-Furnished,22000
Apartment ,2 BHK,1113.0,Kanjurmarg,Mumbai,19.12844658,72.93025208,2.0,0.0,0,Semi-Furnished,48000
,1 BHK,350.0,Andheri West,Mumbai,19.12863541,72.842659,1.0,1.0,<=100k,Semi-Furnished,22500
Apartment ,1 BHK,420.0,Malad West,Mumbai,19.20204163,72.81889343,1.0,0.0,0,Unfurnished,19000
Apartment ,2 BHK,1186.0,Wagholi,Pune,18.58410645,74.00319672,2.0,0.0,<=100k,Semi-Furnished,24000
Apartment ,2 BHK,600.0,Chembur,Mumbai,19.06437302,72.89280701,1.0,0.0,0,Semi-Furnished,47000
,3 BHK,2856.0,New Friends Colony,Delhi,28.56705093,77.27355957,3.0,3.0,>100k,Unfurnished,301011
Apartment ,2 BHK,800.0,Kandivali West,Mumbai,19.20986748,72.83059692,2.0,0.0,0,Furnished,42000
Apartment ,2 BHK,1000.0,Mira Road East,Mumbai,19.28087616,72.87459564,2.0,0.0,0,Unfurnished,17500
Independent Floor ,3 BHK,2856.0,Niti Bagh,Delhi,28.55949974,77.21679688,3.0,2.0,>100k,Unfurnished,301102
,3 BHK,1200.0,Goregaon West,Mumbai,19.16257477,72.83396149,,0.0,>100k,Unfurnished,52000
Apartment ,4 BHK,2300.0,Malabar Hill,Mumbai,18.95371056,72.8004303,4.0,0.0,,Furnished,400000
Apartment ,3 BHK,1300.0,IP Extension,Delhi,28.62976646,77.30672455,2.0,1.0,<=100k,Semi-Furnished,25000
Apartment ,1 BHK,650.0,Kharghar,Mumbai,19.05057526,73.06804657,1.0,0.0,,Semi-Furnished,15000
Independent Floor ,4 BHK,5896.0,Hauz Khas,Delhi,28.55542183,77.20988464,4.0,2.0,>100k,Unfurnished,301011
Apartment ,2 BHK,1090.0,Wagholi,Pune,18.58792686,73.98773193,,2.0,<=100k,Semi-Furnished,14000
Apartment ,2 BHK,1250.0,Wakad,Pune,18.60812569,73.7625351,2.0,2.0,<=100k,Unfurnished,16000
Independent House ,4 BHK,5896.0,Vasant Vihar,Delhi,28.55739021,77.15714264,4.0,2.0,>100k,Unfurnished,410101
,2 BHK,800.0,Andheri West,Mumbai,19.13937759,72.82843781,2.0,0.0,0,Furnished,75000
Apartment ,2 BHK,940.0,Borivali East,Mumbai,19.22451973,72.86052704,2.0,0.0,>100k,Unfurnished,46000
Independent Floor ,4 BHK,5896.0,Jor bagh,Delhi,28.67728996,77.15930176,4.0,2.0,,Unfurnished,301012
Apartment ,2 BHK,918.0,Dombivali,Mumbai,19.16758537,73.07501221,2.0,0.0,0,Unfurnished,13500
Apartment ,2 BHK,1150.0,Andheri East,Mumbai,19.12584686,72.85384369,2.0,0.0,0,Unfurnished,68000
Villa ,5 BHK,5896.0,Malcha Marg,Delhi,28.60173035,77.18534088,4.0,2.0,>100k,Unfurnished,1418181
Apartment ,2 BHK,1000.0,Kondhwa,Pune,18.47803879,73.88882446,2.0,1.0,<=100k,Semi-Furnished,23000
Apartment ,2 BHK,900.0,Borivali East,Mumbai,19.22686195,72.86437988,2.0,0.0,>100k,Unfurnished,40000
Apartment ,2 BHK,850.0,Kurla,Mumbai,19.07773018,72.88562012,2.0,0.0,0,Semi-Furnished,60000
Apartment ,3 BHK,3000.0,Greater kailash 1,Delhi,28.54862404,77.23415375,3.0,0.0,0,Semi-Furnished,125000
Apartment ,1 BHK,594.0,Seawoods,Mumbai,19.01486015,73.02294159,2.0,0.0,0,Semi-Furnished,17000
Villa ,2 BHK,1000.0,NIBM,Pune,18.47689629,73.89581299,2.0,1.0,<=100k,Unfurnished,32000
Apartment ,2 BHK,1100.0,Wagholi,Pune,18.59135246,73.97054291,2.0,0.0,,Semi-Furnished,20000
Apartment ,3 BHK,1375.0,Saket,Delhi,28.52227592,77.21440887,3.0,2.0,<=100k,Semi-Furnished,50000
Apartment ,2 BHK,980.0,Andheri East,Mumbai,19.1243782,72.8874054,2.0,0.0,,Semi-Furnished,48000
Villa ,5 BHK,6521.0,Chattarpur,Delhi,28.49946976,77.19647217,4.0,2.0,>100k,Unfurnished,401012
Apartment ,2 BHK,990.0,Wagholi,Pune,18.59073067,74.00737,2.0,2.0,<=100k,Semi-Furnished,12000
Independent Floor ,5 BHK,6521.0,Panchsheel Park,Delhi,28.54154015,77.21611786,4.0,2.0,>100k,Unfurnished,401105
Apartment ,3 BHK,1352.0,Borivali East,Mumbai,19.2212677,72.85808563,2.0,0.0,0,Unfurnished,59000
Apartment ,2 BHK,710.0,Malad West,Mumbai,19.18646049,72.83118439,2.0,0.0,>100k,Semi-Furnished,53000
Independent Floor ,4 BHK,5896.0,Navjeevan Vihar,Delhi,28.53347588,77.19955444,4.0,2.0,>100k,Unfurnished,401014
Apartment ,2 BHK,931.0,Wagholi,Pune,18.57644653,73.99585724,2.0,1.0,<=100k,Unfurnished,13000
,1 BHK,540.0,Thane West,Mumbai,19.2348175,72.96658325,1.0,0.0,0,Semi-Furnished,15000
,1 BHK,790.0,Dhanori,Pune,18.59564972,73.89535522,1.0,1.0,<=100k,Unfurnished,15000
Apartment ,3 BHK,1500.0,Tardeo,Mumbai,18.96496964,72.80918121,,0.0,0,Furnished,200000
Independent Floor ,3 BHK,3011.0,Jor bagh,Delhi,28.67728996,77.15930176,3.0,2.0,>100k,Unfurnished,410202
Apartment ,2 BHK,1030.0,Tingre Nagar,Pune,18.57511902,73.8852005,,0.0,<=100k,Unfurnished,18000
Apartment ,2 BHK,980.0,Kharghar,Mumbai,19.04971313,73.06507874,2.0,0.0,0,Unfurnished,23000
Apartment ,2 BHK,963.0,Undri,Pune,18.45472336,73.91415405,2.0,0.0,<=100k,Semi-Furnished,14000
Apartment ,3 BHK,1271.0,Wagholi,Pune,18.58803177,73.96559143,3.0,0.0,<=100k,Semi-Furnished,23000
Apartment ,3 BHK,1115.0,Dhayari,Pune,18.45963287,73.79055786,2.0,1.0,,Semi-Furnished,15500
Independent Floor ,4 BHK,2500.0,Panchsheel Park,Delhi,28.54154015,77.21611786,4.0,1.0,>100k,Semi-Furnished,175000
Apartment ,1 BHK,450.0,Andheri West,Mumbai,19.1420002,72.8259964,1.0,0.0,0,Unfurnished,51000
Apartment ,2 BHK,1700.0,Panvel,Mumbai,18.97351646,73.01733398,2.0,0.0,0,Semi-Furnished,23500
Independent Floor ,2 BHK,720.0,Sector 19 Dwarka,Delhi,28.58086967,77.05104828,2.0,0.0,0,Semi-Furnished,30000
Apartment ,2 BHK,1060.0,Wagholi,Pune,18.57534027,73.95858765,2.0,0.0,<=100k,Semi-Furnished,18000
Apartment ,1 BHK,295.0,Mira Road East,Mumbai,19.28027725,72.88612366,1.0,2.0,,Unfurnished,9000
Apartment ,1 BHK,650.0,Thane West,Mumbai,19.26498795,72.9720459,1.0,0.0,0,Semi-Furnished,17500
Independent Floor ,3 BHK,2852.0,Friends Colony,Delhi,28.56834984,77.27211761,3.0,2.0,>100k,Unfurnished,232222
Independent Floor ,2 BHK,1000.0,Tagore Garden Extension,Delhi,28.65128136,77.11876678,2.0,0.0,0,Furnished,32000
Independent House ,5 BHK,5000.0,Wadgaon Sheri,Pune,18.5601635,73.92492676,,0.0,0,Unfurnished,110000
Apartment ,3 BHK,1560.0,Andheri West,Mumbai,19.14388466,72.82450867,3.0,0.0,0,Furnished,160000
Apartment ,2 BHK,997.0,Wagholi,Pune,18.58896446,73.98583984,,2.0,<=100k,Semi-Furnished,12500
Independent House ,4 BHK,5896.0,Navjeevan Vihar,Delhi,28.53347588,77.19955444,,2.0,>100k,Unfurnished,704040
Apartment ,3 BHK,1275.0,Kharadi,Pune,18.54770279,73.93723297,,0.0,,Furnished,35000
,5 BHK,6521.0,Sunder Nagar,Delhi,28.61843681,76.96178436,4.0,2.0,>100k,Unfurnished,301012
Apartment ,2 BHK,,Undri,Pune,18.44856834,73.90751648,2.0,1.0,<=100k,Semi-Furnished,20000
,1 BHK,700.0,Malabar Hill,Mumbai,18.96323395,72.80530548,1.0,0.0,0,Furnished,75000
,2 BHK,1200.0,Paschim Vihar,Delhi,28.65725327,77.09198761,2.0,0.0,0,Furnished,32000
Independent House ,4 BHK,3500.0,Balewadi,Pune,18.58109283,73.77120972,4.0,0.0,0,Semi-Furnished,110000
Apartment ,1 BHK,600.0,Thane West,Mumbai,19.20833969,73.00676727,1.0,0.0,0,Semi-Furnished,18000
Apartment ,2 BHK,800.0,Chembur,Mumbai,19.04731178,72.89689636,2.0,0.0,0,Semi-Furnished,45000
Apartment ,2 BHK,952.0,Mundhwa,Pune,18.53964043,73.94807434,2.0,3.0,<=100k,Semi-Furnished,25000
,3 BHK,1500.0,Janakpuri,Delhi,28.62191963,77.08881378,3.0,2.0,,Semi-Furnished,45000
Apartment ,2 BHK,780.0,Wagholi,Pune,18.58438492,73.99645233,2.0,0.0,0,Semi-Furnished,9500
Apartment ,2 BHK,911.0,Dhanori,Pune,18.60257339,73.90667725,,0.0,,Unfurnished,23000
Apartment ,2 BHK,1050.0,Kalamboli,Mumbai,19.03648758,73.09268188,2.0,0.0,0,Unfurnished,19000
Independent Floor ,5 BHK,6521.0,Vasant Vihar,Delhi,28.55739021,77.15714264,,2.0,>100k,Unfurnished,401010
Apartment ,3 BHK,2205.0,Kharghar,Mumbai,19.04526329,73.06256104,3.0,0.0,0,Semi-Furnished,52000
Independent Floor ,3 BHK,1973.0,South Extension 2,Delhi,28.5687809,77.23298645,3.0,0.0,0,Semi-Furnished,110000
Apartment ,3 BHK,2200.0,Andheri West,Mumbai,19.14317894,72.82242584,3.0,0.0,0,Furnished,140000
Apartment ,1 BHK,,Andheri East,Mumbai,19.10857773,72.88459778,2.0,0.0,0,Unfurnished,47000
Apartment ,2 BHK,1000.0,NIBM Annex Mohammadwadi,Pune,18.4684639,73.9065094,2.0,1.0,<=100k,Unfurnished,29000
Apartment ,1 BHK,500.0,Kalkaji,Delhi,28.5351696,77.25666046,1.0,1.0,<=100k,Furnished,12000
Independent Floor ,3 BHK,2745.0,Safdarjung Enclave,Delhi,28.56125832,77.19052124,3.0,2.0,>100k,Unfurnished,301015
Villa ,4 BHK,5896.0,Chattarpur,Delhi,28.49946976,77.19647217,4.0,2.0,,Unfurnished,405212
Independent Floor ,3 BHK,2856.0,Vasant Vihar,Delhi,28.55739021,77.15714264,3.0,2.0,>100k,Unfurnished,401025
Apartment ,2 BHK,960.0,Dhanori,Pune,18.58354378,73.88654327,2.0,0.0,,Furnished,22000
,7 BHK,9000.0,Greater Kailash,Delhi,28.55015373,77.24145508,7.0,0.0,0,Semi-Furnished,1000000
Apartment ,2 BHK,1325.0,Kharghar,Mumbai,19.07118607,73.07369232,2.0,0.0,<=100k,Semi-Furnished,35000
,1 BHK,700.0,Vasant Kunj,Delhi,28.52632713,77.15073395,2.0,0.0,0,Furnished,25000
Apartment ,1 BHK,535.0,Goregaon East,Mumbai,19.15395355,72.88471222,1.0,0.0,0,Unfurnished,16000
Independent Floor ,2 BHK,,Subhash Nagar,Delhi,28.64027405,77.11063385,2.0,0.0,0,Furnished,25000
Independent Floor ,4 BHK,3150.0,Gulmohar park,Delhi,28.55721092,77.21279144,3.0,0.0,0,Semi-Furnished,115000
Apartment ,2 BHK,826.0,Dombivali,Mumbai,19.20769882,73.11167145,2.0,0.0,<=100k,Semi-Furnished,18000
Apartment ,3 BHK,1400.0,Santacruz East,Mumbai,19.07212448,72.86820221,,0.0,0,Semi-Furnished,130000
Apartment ,2 BHK,1400.0,Vasant Kunj,Delhi,28.52387238,77.16138458,2.0,0.0,0,Semi-Furnished,48000
Apartment ,2 BHK,1075.0,Thane West,Mumbai,19.22845459,72.97849274,2.0,0.0,0,Semi-Furnished,32000
Apartment ,3 BHK,1500.0,Andheri West,Mumbai,19.13508415,72.81461334,3.0,0.0,0,Unfurnished,80000
Independent House ,5 BHK,6521.0,Lodhi Gardens,Delhi,28.59311676,77.22044373,4.0,2.0,>100k,Unfurnished,1216162
Studio Apartment ,1 RK,180.0,Thergaon,Pune,18.61599159,73.77100372,1.0,0.0,0,Unfurnished,5000
,5 BHK,6521.0,Sainik Farm,Delhi,28.50527763,77.20741272,4.0,2.0,>100k,Unfurnished,401012
Studio Apartment ,1 RK,250.0,Andheri East,Mumbai,19.13683128,72.86800385,1.0,0.0,,Unfurnished,15500
Apartment ,1 BHK,675.0,Dadar West,Mumbai,19.01633453,72.83518219,1.0,0.0,0,Furnished,60000
,5 BHK,6521.0,Sunder Nagar,Delhi,28.61843681,76.96178436,4.0,2.0,>100k,Unfurnished,301022
Apartment ,1 BHK,800.0,Old Sangvi,Pune,18.57167625,73.82749176,1.0,0.0,0,Unfurnished,9000
,2 BHK,700.0,Thane West,Mumbai,19.19454956,72.96652222,2.0,0.0,0,Furnished,30000
Apartment ,1 BHK,,Jogeshwari East,Mumbai,19.13470268,72.86564636,2.0,0.0,0,Furnished,26000
,3 BHK,1860.0,Goregaon East,Mumbai,19.15556526,72.88628387,3.0,0.0,0,Unfurnished,43000
Apartment ,1 BHK,,Juhu,Mumbai,19.10146523,72.82805634,1.0,0.0,0,Furnished,64000
Apartment ,2 BHK,1090.0,Wagholi,Pune,18.5841217,74.02622223,2.0,2.0,<=100k,Unfurnished,16000
Apartment ,3 BHK,1400.0,Kharghar,Mumbai,19.03459358,73.06764221,3.0,3.0,<=100k,Furnished,45000
Apartment ,2 BHK,905.0,Wagholi,Pune,18.57381821,74.0247345,2.0,1.0,<=100k,Unfurnished,12000
Apartment ,1 BHK,606.0,Kalwa,Mumbai,19.20221519,73.00561523,1.0,0.0,0,Unfurnished,14000
Villa ,4 BHK,5896.0,Ghitorni,Delhi,28.49571991,77.13581085,,4.0,>100k,Unfurnished,401012
,1 BHK,650.0,Andheri West,Mumbai,19.13678741,72.81346893,1.0,0.0,0,Unfurnished,33000
Apartment ,2 BHK,950.0,Undri,Pune,18.45152092,73.91368866,2.0,2.0,,Semi-Furnished,14000
,1 BHK,1200.0,Sarvpriya Vihar,Delhi,28.5420208,77.20693207,1.0,0.0,0,Semi-Furnished,37000
Apartment ,2 BHK,957.0,Wagholi,Pune,18.58507729,73.97621155,2.0,0.0,<=100k,Unfurnished,13000
Independent Floor ,4 BHK,5562.0,New Friends Colony,Delhi,28.56705093,77.27355957,4.0,2.0,>100k,Unfurnished,235562
Apartment ,1 BHK,690.0,Nala Sopara,Mumbai,19.41130447,72.82743073,2.0,0.0,0,Semi-Furnished,11500
Apartment ,3 BHK,1000.0,Santacruz East,Mumbai,19.07924843,72.853508,3.0,0.0,0,Furnished,80000
Apartment ,1 BHK,572.0,Dhayari,Pune,18.45824623,73.79203033,2.0,1.0,<=100k,Unfurnished,10000
Apartment ,2 BHK,950.0,Lohegaon,Pune,18.60551453,73.91033173,,0.0,0,Unfurnished,22000
Apartment ,3 BHK,,Tardeo,Mumbai,18.96582985,72.81555176,2.0,0.0,0,Furnished,105000
Apartment ,1 BHK,595.0,Pimpri,Pune,18.62777901,73.8061676,1.0,1.0,<=100k,Unfurnished,18000
Apartment ,1 BHK,650.0,Sheikh Sarai,Delhi,28.53419876,77.21559143,1.0,1.0,<=100k,Semi-Furnished,16500
Apartment ,1 BHK,550.0,Aundh,Pune,18.56040573,73.80667114,1.0,0.0,<=100k,Unfurnished,15500
,2 BHK,1000.0,Wanowrie,Pune,18.48246574,73.90047455,2.0,1.0,<=100k,Unfurnished,25000
Apartment ,3 BHK,1397.0,Thane West,Mumbai,19.22232819,72.98812103,3.0,1.0,>100k,Semi-Furnished,35000
,3 BHK,1404.0,Dhanori,Pune,18.60248947,73.90661621,,0.0,0,Semi-Furnished,28000
Apartment ,2 BHK,1000.0,Kandivali East,Mumbai,19.19529152,72.87622833,2.0,0.0,0,Semi-Furnished,40000
Apartment ,2 BHK,980.0,Hinjewadi,Pune,18.58709145,73.69843292,2.0,0.0,0,Furnished,30000
Apartment ,2 BHK,928.0,Balewadi,Pune,18.57954025,73.7694397,2.0,1.0,<=100k,Unfurnished,25000
Apartment ,1 BHK,600.0,Nigdi,Pune,18.6574707,73.76837921,1.0,1.0,<=100k,Semi-Furnished,12000
Independent Floor ,4 BHK,2000.0,Greater Kailash,Delhi,28.53667831,77.24420166,4.0,0.0,0,Semi-Furnished,190000
Independent Floor ,3 BHK,2856.0,Jor bagh,Delhi,28.67728996,77.15930176,,2.0,>100k,Unfurnished,301022
Apartment ,2 BHK,1055.0,Kanjurmarg,Mumbai,19.12961578,72.93227386,2.0,0.0,>100k,Furnished,48000
Apartment ,1 BHK,550.0,Viman Nagar,Pune,18.57149506,73.90843201,1.0,0.0,<=100k,Furnished,20000
Apartment ,3 BHK,1500.0,Powai,Mumbai,19.11498833,72.90044403,4.0,0.0,0,Furnished,250000
,2 BHK,900.0,Thane West,Mumbai,19.23759651,72.97093201,2.0,0.0,0,Semi-Furnished,30000
Independent Floor ,3 BHK,2000.0,Defence Colony,Delhi,28.57263374,77.23251343,4.0,0.0,0,Semi-Furnished,180000
Apartment ,3 BHK,1040.0,Mulund West,Mumbai,19.17123795,72.94036865,3.0,0.0,0,Semi-Furnished,80000
Apartment ,1 BHK,740.0,Powai,Mumbai,19.12211418,72.90531921,1.0,0.0,0,Semi-Furnished,29000
Apartment ,1 BHK,400.0,Dombivali East,Mumbai,19.20571518,73.09552765,1.0,1.0,<=100k,Unfurnished,7500
Apartment ,3 BHK,1258.0,Kanjurmarg,Mumbai,19.13622665,72.93026733,3.0,0.0,>100k,Furnished,65000
Apartment ,2 BHK,1010.0,Wakad,Pune,18.59781837,73.7609024,2.0,3.0,<=100k,Semi-Furnished,19000
Apartment ,2 BHK,900.0,NIBM Annex Mohammadwadi,Pune,18.46917725,73.91532135,2.0,1.0,<=100k,Semi-Furnished,15000
Apartment ,2 BHK,830.0,Thane West,Mumbai,19.19586372,72.96472931,2.0,0.0,0,Semi-Furnished,42000
Apartment ,2 BHK,,Thane West,Mumbai,19.21473885,72.98933411,2.0,0.0,0,Unfurnished,34500
Independent House ,4 BHK,5896.0,Golf Links,Delhi,28.59763908,77.23332977,4.0,2.0,>100k,Unfurnished,1012002
Apartment ,1 BHK,450.0,Sector 12 Dwarka,Delhi,28.59508514,77.0379715,1.0,0.0,<=100k,Furnished,9000
Apartment ,2 BHK,1200.0,Balewadi,Pune,18.57867241,73.77658844,2.0,1.0,<=100k,Unfurnished,22000
Apartment ,2 BHK,800.0,Chattarpur,Delhi,28.50154877,77.18691254,2.0,0.0,0,Semi-Furnished,14500
Apartment ,1 BHK,550.0,Ghansoli,Mumbai,19.12399673,72.9980545,2.0,1.0,<=100k,Unfurnished,13000
Independent Floor ,3 BHK,2856.0,West End,Delhi,28.57413292,77.16131592,3.0,2.0,,Unfurnished,362262
,3 BHK,2856.0,Jor bagh,Delhi,28.67728996,77.15930176,3.0,2.0,>100k,Unfurnished,301102
Independent Floor ,2 BHK,800.0,Tagore Garden Extension,Delhi,28.6476841,77.1100769,2.0,0.0,0,Semi-Furnished,22000
Independent Floor ,3 BHK,2856.0,Panchsheel Park,Delhi,28.54154015,77.21611786,,2.0,>100k,Unfurnished,301102
,1 BHK,406.0,Rasayani,Mumbai,18.89098167,73.19636536,1.0,0.0,<=100k,Unfurnished,8000
Independent Floor ,3 BHK,1650.0,Saket,Delhi,28.52354813,77.20014191,3.0,1.0,>100k,Furnished,70000
Independent Floor ,5 BHK,6521.0,Golf Links,Delhi,28.59763908,77.23332977,4.0,2.0,>100k,Unfurnished,362261
Apartment ,2 BHK,1100.0,Wakad,Pune,18.60223007,73.75694275,2.0,3.0,<=100k,Semi-Furnished,25000
Independent Floor ,3 BHK,2700.0,Defence Colony,Delhi,28.57263374,77.23251343,,0.0,0,Furnished,250000
Apartment ,3 BHK,1350.0,Aundh,Pune,18.56051636,73.80738068,2.0,0.0,0,Furnished,35000
Apartment ,1 BHK,720.0,Andheri East,Mumbai,19.11804008,72.88634491,,0.0,<=100k,Furnished,30000
Apartment ,2 BHK,980.0,Wagholi,Pune,18.57494926,74.00061035,2.0,2.0,<=100k,Semi-Furnished,12000
Independent Floor ,4 BHK,5896.0,Sarvpriya Vihar,Delhi,28.54276657,77.20674133,4.0,2.0,>100k,Unfurnished,301011
Independent Floor ,3 BHK,2700.0,Greater kailash 1,Delhi,28.55195999,77.23581696,3.0,0.0,0,Furnished,120000
,1 BHK,450.0,Sector 7 Dwarka,Delhi,28.58885193,77.08423615,1.0,1.0,<=100k,Semi-Furnished,7000
Apartment ,1 BHK,680.0,Dombivli (West),Mumbai,19.2173996,73.08202362,1.0,0.0,,Semi-Furnished,15000
Apartment ,3 BHK,1400.0,Undri,Pune,18.4537487,73.91627502,,1.0,<=100k,Semi-Furnished,35000
Apartment ,2 BHK,728.0,Tathawade,Pune,18.62517357,73.73738861,2.0,2.0,<=100k,Unfurnished,15500
Apartment ,2 BHK,900.0,Santacruz East,Mumbai,19.07687569,72.85752106,2.0,0.0,,Semi-Furnished,66999
,3 BHK,1210.0,Tathawade,Pune,18.60876274,73.75455475,3.0,2.0,<=100k,Semi-Furnished,30000
Independent Floor ,4 BHK,6251.0,Gulmohar park,Delhi,28.55765915,77.21248627,4.0,2.0,>100k,Unfurnished,401015
Apartment ,3 BHK,1405.0,Lohegaon,Pune,18.62314034,73.91410065,3.0,0.0,0,Semi-Furnished,28000
Independent Floor ,4 BHK,5896.0,Navjeevan Vihar,Delhi,28.53347588,77.19955444,4.0,2.0,,Unfurnished,301022
,1 BHK,630.0,Bhayandar East,Mumbai,19.30729294,72.86174774,1.0,0.0,0,Semi-Furnished,8500
Apartment ,2 BHK,1000.0,Aundh,Pune,18.56575203,73.80490875,2.0,0.0,<=100k,Unfurnished,19000
Apartment ,2 BHK,1000.0,Powai,Mumbai,19.11756706,72.89415741,2.0,0.0,0,Unfurnished,45000
Apartment ,1 BHK,550.0,Ghansoli,Mumbai,19.12399673,72.9980545,1.0,1.0,<=100k,Unfurnished,12000
Apartment ,2 BHK,774.0,Wagholi,Pune,18.57365417,73.98553467,2.0,0.0,<=100k,Unfurnished,11000
Independent Floor ,4 BHK,3600.0,Panchsheel Park,Delhi,28.54356384,77.21368408,4.0,2.0,>100k,Furnished,140000
Independent Floor ,3 BHK,2741.0,Gulmohar park,Delhi,28.55765915,77.21248627,3.0,2.0,>100k,Unfurnished,301011
Apartment ,2 BHK,985.0,Dhanori,Pune,18.60397911,73.90257263,2.0,0.0,0,Semi-Furnished,25000
Apartment ,2 BHK,956.0,Wagholi,Pune,18.5858593,73.98474121,2.0,2.0,<=100k,Unfurnished,10500
,3 BHK,1385.0,Wakad,Pune,18.60000038,73.77999878,2.0,1.0,<=100k,Semi-Furnished,25000
Apartment ,1 BHK,700.0,Ulwe,Mumbai,18.96730042,73.01540375,2.0,0.0,0,Unfurnished,14000
Independent Floor ,3 BHK,2741.0,Greater Kailash II,Delhi,28.53174019,77.24913788,3.0,2.0,,Unfurnished,235592
Apartment ,2 BHK,1065.0,Kharadi,Pune,18.55218887,73.94390106,2.0,0.0,0,Unfurnished,34000
Independent Floor ,3 BHK,1790.0,Kirti Nagar,Delhi,28.64817238,77.14144897,3.0,0.0,0,Semi-Furnished,44000
Apartment ,1 BHK,645.0,Wagholi,Pune,18.58697319,74.00184631,1.0,1.0,<=100k,Semi-Furnished,10000
Apartment ,1 BHK,700.0,Bandra West,Mumbai,19.06058884,72.8377533,1.0,0.0,,Furnished,50000
,3 BHK,1650.0,Lok Vihar,Delhi,28.69370461,77.1362915,,1.0,>100k,Semi-Furnished,55000
Villa ,5 BHK,5896.0,Tilak Marg,Delhi,28.6206398,77.23696136,4.0,2.0,>100k,Unfurnished,1218182
,1 BHK,400.0,Chattarpur,Delhi,28.49385643,77.18325043,1.0,0.0,0,Furnished,16000
Apartment ,4 BHK,3000.0,Andheri West,Mumbai,19.14388466,72.82450867,,0.0,0,Furnished,250000
Apartment ,1 BHK,,Andheri West,Mumbai,19.12836075,72.82793427,2.0,0.0,0,Furnished,54000
Independent Floor ,3 BHK,1800.0,Naraina,Delhi,28.63214111,77.13885498,2.0,0.0,0,Semi-Furnished,50000
Independent Floor ,4 BHK,2800.0,Green Park Extension,Delhi,28.55844879,77.20293427,4.0,0.0,0,Semi-Furnished,145000
Apartment ,3 BHK,1500.0,Sector 5 Dwarka,Delhi,28.59773827,77.0566864,2.0,0.0,0,Unfurnished,35000
,1 BHK,573.0,Chikhali,Pune,18.67391586,73.80892944,1.0,0.0,0,Unfurnished,8500
Independent Floor ,3 BHK,2856.0,Greater kailash 1,Delhi,28.55175018,77.23332977,3.0,2.0,>100k,Unfurnished,235562
Apartment ,1 BHK,,Ulwe,Mumbai,18.98457527,73.02407837,2.0,0.0,0,Unfurnished,10000
Apartment ,2 BHK,900.0,Santacruz East,Mumbai,19.07924843,72.853508,2.0,0.0,,Furnished,55000
Apartment ,2 BHK,942.0,NIBM Annex Mohammadwadi,Pune,18.46024323,73.92569733,2.0,2.0,<=100k,Semi-Furnished,18000
Apartment ,2 BHK,1180.0,Goregaon East,Mumbai,19.17359161,72.86934662,,0.0,0,Semi-Furnished,70000
Apartment ,3 BHK,1500.0,Patparganj,Delhi,28.63760567,77.3002243,2.0,0.0,0,Semi-Furnished,35000
,1 BHK,650.0,Santacruz East,Mumbai,19.07246017,72.86375427,2.0,0.0,0,Semi-Furnished,46000
Independent Floor ,3 BHK,2856.0,Friends Colony,Delhi,28.56834984,77.27211761,,2.0,>100k,Unfurnished,301022
Apartment ,2 BHK,1200.0,Bavdhan,Pune,18.5082798,73.76957703,2.0,0.0,0,Semi-Furnished,22000
Apartment ,2 BHK,850.0,Ravet,Pune,18.6444416,73.74881744,2.0,0.0,<=100k,Unfurnished,12000
Apartment ,2 BHK,950.0,Bandra West,Mumbai,19.05635643,72.8288269,,0.0,0,Furnished,125000
,1 BHK,600.0,Pradhikaran Nigdi,Pune,18.64920044,73.76577759,1.0,1.0,<=100k,Unfurnished,10000
,1 BHK,,Wagholi,Pune,18.57386971,73.978302,1.0,0.0,<=100k,Unfurnished,9000
Apartment ,2 BHK,830.0,Bhandup West,Mumbai,19.15110016,72.94132233,2.0,0.0,0,Furnished,35000
Studio Apartment ,1 RK,150.0,Chandan Nagar,Pune,18.56254387,73.93169403,1.0,0.0,0,Semi-Furnished,5500
Apartment ,3 BHK,1450.0,Borivali East,Mumbai,19.22581863,72.8638916,3.0,0.0,0,Semi-Furnished,73000
Apartment ,2 BHK,830.0,Thane West,Mumbai,19.19579315,72.96469879,2.0,0.0,0,Semi-Furnished,40000
Apartment ,3 BHK,1089.0,Wagholi,Pune,18.5842247,74.00370789,3.0,2.0,,Semi-Furnished,20000
Apartment ,2 BHK,980.0,Wagholi,Pune,18.57500267,73.9759903,2.0,2.0,<=100k,Semi-Furnished,18000
Independent Floor ,3 BHK,2856.0,Safdarjung Enclave,Delhi,28.56125832,77.19052124,3.0,2.0,>100k,Unfurnished,235925
Independent Floor ,3 BHK,2700.0,Greater kailash 1,Delhi,28.55195999,77.23581696,,0.0,0,Semi-Furnished,150000
,2 BHK,1180.0,Kharadi,Pune,18.55356216,73.94377899,2.0,2.0,0,Unfurnished,30000
Apartment ,3 BHK,1502.0,Kharghar,Mumbai,19.03384018,73.07701874,3.0,0.0,<=100k,Semi-Furnished,35000
Independent Floor ,3 BHK,2852.0,West End,Delhi,28.57413292,77.16131592,3.0,2.0,>100k,Unfurnished,235222
Apartment ,4 BHK,2500.0,Kharghar,Mumbai,19.03392029,73.07605743,5.0,0.0,0,Semi-Furnished,95000
,3 BHK,1600.0,Santacruz East,Mumbai,19.0793705,72.85626221,3.0,0.0,0,Semi-Furnished,75000
Apartment ,2 BHK,1000.0,Khar,Mumbai,19.06919479,72.83856964,2.0,0.0,0,Semi-Furnished,75000
Apartment ,2 BHK,800.0,Dhanori,Pune,18.58406258,73.88640594,,0.0,0,Unfurnished,21000
Apartment ,2 BHK,1000.0,Andheri West,Mumbai,19.12341118,72.82142639,2.0,2.0,,Semi-Furnished,70000
Apartment ,1 BHK,580.0,Mira Road East,Mumbai,19.28766632,72.86893463,,0.0,0,Semi-Furnished,17000
Apartment ,1 BHK,550.0,Koper Khairane,Mumbai,19.1027832,73.01050568,1.0,0.0,0,Semi-Furnished,15000
Independent Floor ,4 BHK,5569.0,Friends Colony,Delhi,28.56834984,77.27211761,4.0,2.0,>100k,Unfurnished,304044
Apartment ,3 BHK,,Kharghar,Mumbai,19.07297516,73.07847595,3.0,3.0,<=100k,Unfurnished,27000
Apartment ,1 BHK,790.0,Vishrantwadi,Pune,18.57361412,73.87996674,1.0,1.0,<=100k,Unfurnished,14000
,2 BHK,900.0,Dadar East,Mumbai,19.01447678,72.84549713,2.0,0.0,0,Furnished,60000
,5 BHK,,Chattarpur,Delhi,28.49946976,77.19647217,4.0,2.0,>100k,Unfurnished,401012
,2 BHK,980.0,Wagholi,Pune,18.5781498,74.00430298,2.0,2.0,<=100k,Semi-Furnished,15000
Apartment ,2 BHK,1285.0,Powai,Mumbai,19.11713028,72.89370728,2.0,0.0,0,Furnished,54000
Independent Floor ,1 BHK,600.0,Uttam Nagar,Delhi,28.61868668,77.04715729,1.0,0.0,,Semi-Furnished,8299
Apartment ,2 BHK,1200.0,Malad West,Mumbai,19.19229126,72.83625031,2.0,0.0,,Semi-Furnished,75000
Studio Apartment ,1 RK,300.0,East of Kailash,Delhi,28.55871391,77.25095367,1.0,1.0,<=100k,Furnished,13000
Studio Apartment ,1 RK,260.0,Rajinder Nagar,Delhi,28.6402092,77.18727112,1.0,0.0,0,Furnished,17000
Apartment ,1 BHK,600.0,Powai,Mumbai,19.11950684,72.89653778,1.0,0.0,0,Furnished,36000
,3 BHK,2250.0,Sarvpriya Vihar,Delhi,28.5420208,77.20693207,3.0,0.0,0,Semi-Furnished,75000
Apartment ,1 BHK,650.0,Pimple Saudagar,Pune,18.59570122,73.79788971,1.0,1.0,<=100k,Furnished,16000
Apartment ,3 BHK,1350.0,Colaba,Mumbai,18.91166878,72.8228302,,0.0,0,Furnished,160000
,3 BHK,2500.0,Green Park,Delhi,28.55844879,77.20293427,3.0,0.0,0,Semi-Furnished,120000
Villa ,5 BHK,6521.0,Tuglak Road,Delhi,28.59545326,77.21033478,4.0,2.0,>100k,Unfurnished,1101010
Apartment ,1 BHK,575.0,Girgaon,Mumbai,18.95722961,72.81967163,,0.0,0,Furnished,50000
Independent Floor ,3 BHK,2852.0,Greater Kailash II,Delhi,28.53174019,77.24913788,3.0,2.0,>100k,Unfurnished,201022
Apartment ,2 BHK,940.0,Borivali East,Mumbai,19.22451973,72.86052704,2.0,0.0,>100k,Unfurnished,50000
Independent Floor ,3 BHK,2741.0,Greater kailash 1,Delhi,28.55175018,77.23332977,3.0,2.0,>100k,Unfurnished,301012
Independent Floor ,3 BHK,3000.0,Greater Kailash,Delhi,28.53410149,77.24325562,3.0,3.0,>100k,Unfurnished,99000
Independent House ,4 BHK,5896.0,Ghitorni,Delhi,28.49571991,77.13581085,4.0,2.0,>100k,Unfurnished,401102
Studio Apartment ,1 RK,350.0,Koper Khairane,Mumbai,19.1027832,73.01050568,1.0,0.0,0,Semi-Furnished,7500
Apartment ,2 BHK,1019.0,Pimple Saudagar,Pune,18.59394073,73.79755402,2.0,3.0,<=100k,Semi-Furnished,22000
Villa ,4 BHK,5896.0,Defence Colony,Delhi,28.57183075,77.23332977,4.0,2.0,>100k,Unfurnished,401102
Apartment ,3 BHK,1200.0,Wagholi,Pune,18.5858593,73.98474121,,3.0,<=100k,Semi-Furnished,25000
Independent Floor ,3 BHK,2852.0,Greater Kailash II,Delhi,28.53174019,77.24913788,3.0,2.0,>100k,Unfurnished,308521
Apartment ,1 BHK,650.0,Thane West,Mumbai,19.27178764,72.9677887,2.0,0.0,0,Unfurnished,13500
,2 BHK,450.0,Dabri,Delhi,28.60726929,77.08944702,1.0,0.0,0,Semi-Furnished,9500
Apartment ,3 BHK,1660.0,Wagholi,Pune,18.58279419,73.97045135,3.0,0.0,<=100k,Semi-Furnished,30000
,2 BHK,1100.0,Hinjewadi,Pune,18.57535172,73.67964935,2.0,0.0,0,Furnished,23000
,2 BHK,630.0,Govindpuri,Delhi,28.53501892,77.26420593,2.0,0.0,0,Unfurnished,12000
Apartment ,1 BHK,,Undri,Pune,18.44471359,73.91989136,1.0,1.0,<=100k,Unfurnished,9000
Apartment ,2 BHK,929.0,Thane West,Mumbai,19.2728653,72.97156525,2.0,4.0,<=100k,Unfurnished,16500
Apartment ,2 BHK,900.0,Wagholi,Pune,18.58424377,74.003685,2.0,0.0,<=100k,Semi-Furnished,18000
Apartment ,2 BHK,900.0,Dhanori,Pune,18.5941391,73.89772797,2.0,1.0,<=100k,Unfurnished,14000
Independent Floor ,2 BHK,950.0,Pimple Nilakh,Pune,18.58147621,73.79753876,2.0,0.0,0,Semi-Furnished,18000
Apartment ,3 BHK,1087.0,Suyog Nagar,Mumbai,19.36766815,72.82011414,,0.0,<=100k,Unfurnished,23000
Apartment ,2 BHK,740.0,Kanjurmarg,Mumbai,19.1315136,72.92739868,2.0,0.0,0,Semi-Furnished,28000
Apartment ,3 BHK,2000.0,Wanowrie,Pune,18.48319054,73.8974762,3.0,0.0,0,Furnished,40000
Independent Floor ,3 BHK,2856.0,Defence Colony,Delhi,28.57183075,77.23332977,3.0,2.0,>100k,Unfurnished,301012
Independent Floor ,3 BHK,2000.0,Greater kailash 1,Delhi,28.55195999,77.23581696,3.0,0.0,0,Semi-Furnished,100000
Villa ,4 BHK,5896.0,New Friends Colony,Delhi,28.56705093,77.27355957,,2.0,,Unfurnished,504015
Apartment ,1 BHK,650.0,Borivali East,Mumbai,19.22208595,72.86083984,2.0,1.0,,Unfurnished,30000
Independent Floor ,3 BHK,2741.0,Golf Links,Delhi,28.59763908,77.23332977,3.0,2.0,>100k,Unfurnished,301011
Apartment ,2 BHK,952.0,Wagholi,Pune,18.58126259,73.98873901,1.0,1.0,<=100k,Semi-Furnished,13000
Apartment ,2 BHK,,Wagholi,Pune,18.57997322,73.9730072,2.0,2.0,<=100k,Unfurnished,14000
Independent Floor ,4 BHK,5896.0,Panchsheel Enclave,Delhi,28.54351997,77.22973633,4.0,2.0,>100k,Unfurnished,301022
Apartment ,3 BHK,1810.0,Aundh,Pune,18.56594276,73.81510925,,3.0,>100k,Furnished,50000
Villa ,3 BHK,1500.0,Kondhwa,Pune,18.46703339,73.88047791,3.0,1.0,<=100k,Furnished,38000
Independent Floor ,3 BHK,2856.0,Golf Links,Delhi,28.59763908,77.23332977,3.0,3.0,>100k,Unfurnished,301022
,5 BHK,6521.0,Jor bagh,Delhi,28.67728996,77.15930176,4.0,2.0,,Unfurnished,849195
Apartment ,2 BHK,1078.0,Tathawade,Pune,18.62477303,73.73713684,2.0,1.0,<=100k,Semi-Furnished,17000
Apartment ,2 BHK,800.0,Andheri West,Mumbai,19.13937759,72.82843781,2.0,0.0,0,Furnished,75000
Independent Floor ,3 BHK,2200.0,Defence Colony,Delhi,28.57364273,77.23352814,3.0,0.0,0,Semi-Furnished,55000
Villa ,5 BHK,,Prithviraj Road,Delhi,28.6001606,77.22097778,4.0,2.0,>100k,Unfurnished,1291192
Apartment ,2 BHK,1000.0,Vishrantwadi,Pune,18.58084679,73.87232971,2.0,1.0,<=100k,Unfurnished,22000
Apartment ,4 BHK,3200.0,Malabar Hill,Mumbai,18.95371056,72.8004303,4.0,0.0,0,Semi-Furnished,525000
Independent Floor ,4 BHK,2900.0,Defence Colony,Delhi,28.57263374,77.23251343,4.0,0.0,,Semi-Furnished,200000
,3 BHK,2856.0,Jor bagh,Delhi,28.67728996,77.15930176,3.0,2.0,>100k,Unfurnished,301020
Apartment ,2 BHK,1300.0,Wakad,Pune,18.599226,73.76329803,2.0,2.0,<=100k,Semi-Furnished,27000
,3 BHK,2851.0,Green Park,Delhi,28.55761909,77.20458984,3.0,2.0,>100k,Unfurnished,235562
Villa ,4 BHK,5896.0,Panchsheel Park,Delhi,28.54154015,77.21611786,,4.0,,Unfurnished,640101
Apartment ,3 BHK,2420.0,Pimple Nilakh,Pune,18.58082008,73.7844162,4.0,2.0,>100k,Semi-Furnished,45000
Apartment ,2 BHK,1250.0,Andheri East,Mumbai,19.11593819,72.85823059,2.0,0.0,0,Furnished,73000
Apartment ,1 BHK,450.0,Chattarpur,Delhi,28.5006237,77.18759155,1.0,0.0,0,Unfurnished,15000
Villa ,4 BHK,5896.0,Chattarpur,Delhi,28.49946976,77.19647217,4.0,2.0,,Unfurnished,352925
Independent Floor ,4 BHK,3100.0,Hauz Khas,Delhi,28.54725456,77.20079803,4.0,0.0,0,Semi-Furnished,180000
Apartment ,1 BHK,450.0,Goregaon West,Mumbai,19.16851997,72.84217072,2.0,0.0,0,Unfurnished,26000
Apartment ,2 BHK,1114.0,Kharadi,Pune,18.53939819,73.93421173,2.0,0.0,<=100k,Furnished,33000
Apartment ,2 BHK,1050.0,Mira Road East,Mumbai,19.29241943,72.8718338,2.0,0.0,0,Semi-Furnished,25000
Apartment ,2 BHK,940.0,Thane West,Mumbai,19.27075386,72.97117615,2.0,4.0,<=100k,Semi-Furnished,16000
Apartment ,1 BHK,650.0,Andheri West,Mumbai,19.14911079,72.82739258,1.0,0.0,0,Furnished,45000
Apartment ,2 BHK,896.0,Wagholi,Pune,18.59403992,74.00275421,,0.0,<=100k,Unfurnished,11000
Independent Floor ,4 BHK,,Sarvodaya Enclave,Delhi,28.53616524,77.19776154,4.0,0.0,0,Semi-Furnished,275000
Apartment ,3 BHK,1200.0,Baner,Pune,18.55978584,73.77967834,3.0,0.0,0,Unfurnished,32000
,4 BHK,5896.0,Greater Kailash II,Delhi,28.53174019,77.24913788,4.0,2.0,>100k,Unfurnished,301012
,2 BHK,1200.0,Kalyan West,Mumbai,19.2561245,73.13549805,2.0,0.0,0,Semi-Furnished,20000
Apartment ,3 BHK,1900.0,Bandra East,Mumbai,19.05696678,72.84830475,3.0,0.0,>100k,Semi-Furnished,225000
Apartment ,1 BHK,578.0,Goregaon East,Mumbai,19.14554596,72.85346985,2.0,0.0,>100k,Semi-Furnished,45000
Apartment ,2 BHK,780.0,Kanjurmarg,Mumbai,19.12952614,72.93273163,2.0,0.0,0,Semi-Furnished,36000
Independent Floor ,4 BHK,6521.0,Geetanjali Enclave,Delhi,28.53087997,77.20243073,4.0,2.0,>100k,Unfurnished,301011
Apartment ,4 BHK,3000.0,Kondhwa,Pune,18.47396088,73.90559387,4.0,0.0,0,Unfurnished,70000
Apartment ,2 BHK,820.0,Ravet,Pune,18.65149879,73.73213959,2.0,0.0,0,Semi-Furnished,15000
Independent Floor ,5 BHK,6521.0,Saket,Delhi,28.52354813,77.20014191,4.0,2.0,,Unfurnished,308545
Independent Floor ,3 BHK,2741.0,Anand Niketan,Delhi,28.57893944,77.16504669,3.0,2.0,>100k,Unfurnished,301012
Independent Floor ,3 BHK,2000.0,Defence Colony,Delhi,28.57302666,77.23272705,3.0,0.0,0,Furnished,120000
Apartment ,1 BHK,650.0,Santacruz East,Mumbai,19.07441521,72.86354065,2.0,0.0,0,Furnished,75000
Apartment ,1 BHK,655.0,Wakad,Pune,18.60369873,73.7612381,1.0,0.0,<=100k,Unfurnished,12500
Apartment ,2 BHK,984.0,Wagholi,Pune,18.58435822,73.97000122,2.0,2.0,<=100k,Unfurnished,10000
Independent House ,5 BHK,6521.0,Amrita Shergill Marg,Delhi,28.5969677,77.22038269,4.0,4.0,>100k,Unfurnished,1201102
,3 BHK,,Rajouri Garden,Delhi,28.64152908,77.12091064,3.0,0.0,0,Furnished,39200
Apartment ,2 BHK,1045.0,Lohegaon,Pune,18.59620094,73.90930176,2.0,0.0,0,Furnished,31000
Independent Floor ,2 BHK,720.0,Naraina,Delhi,28.63214111,77.13885498,2.0,0.0,0,Semi-Furnished,28000
,1 BHK,600.0,Santacruz East,Mumbai,19.07627678,72.86540222,1.0,0.0,,Semi-Furnished,32100
Villa ,4 BHK,5896.0,Friends Colony,Delhi,28.56834984,77.27211761,4.0,2.0,>100k,Unfurnished,604015
Independent Floor ,3 BHK,1500.0,Rajouri Garden,Delhi,28.64152908,77.12091064,3.0,0.0,0,Semi-Furnished,36000
Apartment ,3 BHK,1800.0,Borivali East,Mumbai,19.22686195,72.86437988,3.0,1.0,>100k,Unfurnished,55000
Apartment ,1 BHK,321.0,Taloja,Mumbai,19.07444,73.12260437,1.0,0.0,<=100k,Unfurnished,8000
,2 BHK,1100.0,Andheri East,Mumbai,19.12512779,72.88330078,2.0,0.0,0,Furnished,55000
Independent Floor ,4 BHK,6251.0,Niti Bagh,Delhi,28.55949974,77.21679688,4.0,2.0,>100k,Unfurnished,301012
Apartment ,2 BHK,924.0,Charholi Budruk,Pune,18.62452126,73.91722107,2.0,0.0,<=100k,Unfurnished,23000
Apartment ,4 BHK,2450.0,Kharghar,Mumbai,19.03163338,73.06708527,4.0,4.0,,Furnished,65000
Apartment ,2 BHK,809.0,Mundhwa,Pune,18.53286743,73.94581604,2.0,3.0,<=100k,Semi-Furnished,31000
Apartment ,2 BHK,950.0,Andheri West,Mumbai,19.13946533,72.83043671,2.0,0.0,>100k,Furnished,75000
Independent House ,5 BHK,6521.0,Vasant Vihar,Delhi,28.55739021,77.15714264,4.0,2.0,,Unfurnished,549181
Apartment ,2 BHK,1003.0,Lohegaon,Pune,18.60578346,73.91027069,2.0,0.0,0,Semi-Furnished,22000
Independent House ,4 BHK,5896.0,Lodhi Estate,Delhi,28.59388924,77.22183228,4.0,2.0,>100k,Unfurnished,1201102
Apartment ,2 BHK,1027.0,Wakad,Pune,18.61255836,73.76641083,2.0,2.0,0,Furnished,20000
,3 BHK,1300.0,Ville Parle East,Mumbai,19.0951004,72.8605957,3.0,0.0,0,Furnished,120000
Apartment ,1 BHK,550.0,Dhanori,Pune,18.5941391,73.89772797,,1.0,<=100k,Unfurnished,10000
Apartment ,2 BHK,980.0,Wagholi,Pune,18.57613182,74.00145721,2.0,2.0,<=100k,Semi-Furnished,16000
Apartment ,1 BHK,645.0,Andheri East,Mumbai,19.11660004,72.88657379,2.0,0.0,<=100k,Furnished,35000
,2 BHK,987.0,Wagholi,Pune,18.58126259,73.98873901,,1.0,<=100k,Semi-Furnished,11000
Apartment ,1 BHK,684.0,Ghansoli,Mumbai,19.12306786,73.00344849,2.0,3.0,<=100k,Unfurnished,32900
,1 RK,500.0,Karve Nagar,Pune,18.48842049,73.81199646,1.0,0.0,0,Unfurnished,12500
Apartment ,2 BHK,,Andheri West,Mumbai,19.15156555,72.83294678,,3.0,>100k,Furnished,100000
Apartment ,1 BHK,,Lohegaon,Pune,18.59333038,73.93199158,2.0,0.0,0,Semi-Furnished,8000
Apartment ,2 BHK,1000.0,Tingre Nagar,Pune,18.57884216,73.88421631,2.0,0.0,<=100k,Unfurnished,23500
Apartment ,2 BHK,1025.0,Kharadi,Pune,18.56290054,73.94908142,2.0,0.0,0,Semi-Furnished,23000
Independent Floor ,1 BHK,650.0,Rajouri Garden,Delhi,28.64152908,77.12091064,1.0,0.0,,Furnished,18000
Apartment ,1 BHK,550.0,Kalyan West,Mumbai,19.25814056,73.13052368,1.0,0.0,0,Unfurnished,9500
Villa ,3 BHK,1400.0,NIBM Road,Pune,18.47087097,73.90003204,3.0,1.0,<=100k,Semi-Furnished,45000
Apartment ,2 BHK,1200.0,Kharadi,Pune,18.55762672,73.94908142,2.0,0.0,0,Semi-Furnished,42000
,1 BHK,650.0,Bhandup West,Mumbai,19.15910149,72.93578339,2.0,0.0,,Unfurnished,27000
Apartment ,2 BHK,850.0,Juhu Scheme,Mumbai,19.10780334,72.82821655,,0.0,>100k,Furnished,120000
Apartment ,2 BHK,930.0,Wagholi,Pune,18.58878899,74.00847626,2.0,0.0,<=100k,Unfurnished,10000
Apartment ,2 BHK,938.0,Dhayari,Pune,18.4564476,73.78610229,2.0,1.0,<=100k,Unfurnished,13000
Independent Floor ,4 BHK,3150.0,Panchsheel Enclave,Delhi,28.54448891,77.2288208,4.0,0.0,0,Semi-Furnished,175000
Apartment ,1 BHK,680.0,Viman Nagar,Pune,18.56602287,73.9102478,,0.0,0,Furnished,27000
Apartment ,1 BHK,550.0,Marine Lines,Mumbai,18.9430027,72.82634735,2.0,0.0,0,Semi-Furnished,53000
Apartment ,1 BHK,573.0,Chikhali,Pune,18.67391586,73.80892944,1.0,0.0,0,Unfurnished,8500
Independent Floor ,3 BHK,2856.0,New Friends Colony,Delhi,28.56705093,77.27355957,3.0,2.0,>100k,Unfurnished,301012
Apartment ,2 BHK,900.0,Rahatani,Pune,18.6006279,73.78252411,2.0,1.0,0,Semi-Furnished,17500
Studio Apartment ,1 RK,500.0,South Extension 2,Delhi,28.56617737,77.22210693,1.0,0.0,0,Furnished,20000
Apartment ,3 BHK,1420.0,Karampura,Delhi,28.66576004,77.15023041,3.0,0.0,<=100k,Semi-Furnished,47000
Apartment ,2 BHK,900.0,Andheri West,Mumbai,19.12229729,72.82559204,2.0,0.0,0,Unfurnished,60000
,4 BHK,5896.0,Greater Kailash II,Delhi,28.53174019,77.24913788,4.0,2.0,,Unfurnished,301011
,1 BHK,654.0,Wagholi,Pune,18.58896446,73.98583984,1.0,1.0,<=100k,Unfurnished,9500
Apartment ,3 BHK,2000.0,Sector 10 Dwarka,Delhi,28.58795738,77.05847168,3.0,0.0,0,Semi-Furnished,38000
Independent Floor ,3 BHK,900.0,Shalimar Bagh,Delhi,28.71339226,77.15860748,2.0,0.0,,Semi-Furnished,30000
Independent Floor ,3 BHK,3000.0,Defence Colony,Delhi,28.57420349,77.23339844,3.0,0.0,0,Semi-Furnished,110000
Villa ,5 BHK,5896.0,Aurungzeb Road,Delhi,28.60279655,77.21968079,4.0,2.0,>100k,Unfurnished,1102011
Independent Floor ,3 BHK,2856.0,Greater Kailash II,Delhi,28.53174019,77.24913788,3.0,2.0,>100k,Unfurnished,301012
Apartment ,2 BHK,992.0,Dhanori,Pune,18.59800339,73.90225983,,0.0,<=100k,Unfurnished,23000
Apartment ,3 BHK,1690.0,Andheri East,Mumbai,19.1108036,72.87134552,3.0,0.0,0,Semi-Furnished,150000
Apartment ,1 BHK,710.0,Kalamboli,Mumbai,19.04022598,73.09493256,2.0,0.0,0,Unfurnished,12000
Apartment ,3 BHK,1200.0,Malad West,Mumbai,19.1969471,72.83693695,3.0,0.0,0,Unfurnished,72000
Independent House ,5 BHK,6521.0,Maharani Bagh,Delhi,28.57262039,77.26422119,4.0,2.0,>100k,Unfurnished,704101
Apartment ,1 BHK,750.0,Pimple Saudagar,Pune,18.59486961,73.79818726,1.0,0.0,<=100k,Unfurnished,18000
Apartment ,2 BHK,1115.0,Kharghar,Mumbai,19.06895256,73.08503723,1.0,0.0,0,Semi-Furnished,25000
Apartment ,2 BHK,1400.0,Viman Nagar,Pune,18.56401825,73.92030334,2.0,0.0,0,Semi-Furnished,37000
Apartment ,2 BHK,1750.0,Mundhwa,Pune,18.53190613,73.9287796,2.0,0.0,0,Furnished,29000
Independent Floor ,5 BHK,7589.0,Maharani Bagh,Delhi,28.57262039,77.26422119,5.0,5.0,>100k,Unfurnished,401012
Apartment ,3 BHK,1350.0,IP Extension,Delhi,28.62976646,77.30672455,2.0,2.0,<=100k,Semi-Furnished,30000
Apartment ,3 BHK,1250.0,Goregaon East,Mumbai,19.17053223,72.86499023,3.0,0.0,0,Furnished,80000
Apartment ,2 BHK,1500.0,Kharghar,Mumbai,19.03841209,73.07059479,,0.0,0,Furnished,39000
Independent Floor ,1 BHK,1200.0,Green Park Extension,Delhi,28.55550957,77.20198822,1.0,0.0,0,Furnished,50000
Apartment ,1 BHK,572.0,Borivali East,Mumbai,19.22131157,72.85739899,1.0,0.0,<=100k,Unfurnished,35000
Independent Floor ,3 BHK,2856.0,Vasant Vihar,Delhi,28.55739021,77.15714264,3.0,2.0,>100k,Unfurnished,235592
Apartment ,1 BHK,550.0,Andheri West,Mumbai,19.14537239,72.82387543,1.0,0.0,0,Furnished,50000
Villa ,5 BHK,6521.0,Chattarpur,Delhi,28.49946976,77.19647217,4.0,2.0,>100k,Unfurnished,548181
Independent Floor ,3 BHK,2925.0,Defence Colony,Delhi,28.57263374,77.23251343,3.0,0.0,0,Semi-Furnished,100000
Apartment ,2 BHK,1260.0,Ghansoli,Mumbai,19.12588501,72.99964142,2.0,4.0,>100k,Unfurnished,47000
Apartment ,2 BHK,,Wadala,Mumbai,19.03731155,72.87870789,2.0,0.0,0,Unfurnished,79100
Studio Apartment ,1 RK,330.0,Borivali East,Mumbai,19.22686195,72.86437988,1.0,1.0,<=100k,Semi-Furnished,15000
Apartment ,2 BHK,950.0,Malad West,Mumbai,19.18606567,72.83448792,2.0,0.0,0,Unfurnished,55000
Apartment ,3 BHK,1200.0,Ville Parle East,Mumbai,19.0951004,72.8605957,3.0,0.0,0,Unfurnished,120000
Apartment ,2 BHK,810.0,Bandra West,Mumbai,19.05635643,72.8288269,2.0,0.0,0,Semi-Furnished,110000
Apartment ,2 BHK,1000.0,Santacruz West,Mumbai,19.08087349,72.83625031,2.0,0.0,>100k,Furnished,90000
Independent House ,3 BHK,1400.0,Mayur Vihar II,Delhi,28.6170063,77.29906464,2.0,1.0,<=100k,Semi-Furnished,35000
,3 BHK,,Vasant Vihar,Delhi,28.55739021,77.15714264,3.0,2.0,>100k,Unfurnished,301022
Apartment ,2 BHK,,Powai,Mumbai,19.11178398,72.89842987,2.0,0.0,,Furnished,85000
Apartment ,2 BHK,1079.0,Balewadi,Pune,18.57922935,73.76403046,2.0,1.0,<=100k,Unfurnished,20000
Apartment ,1 BHK,550.0,Kalyan West,Mumbai,19.25697136,73.12395477,1.0,0.0,0,Unfurnished,11000
Independent Floor ,3 BHK,2500.0,Defence Colony,Delhi,28.57263374,77.23251343,3.0,0.0,0,Semi-Furnished,100000
Independent Floor ,3 BHK,1600.0,Anand Niketan,Delhi,28.57889748,77.1645813,4.0,0.0,0,Semi-Furnished,125000
Apartment ,2 BHK,980.0,Wagholi,Pune,18.57419014,73.99902344,2.0,2.0,<=100k,Unfurnished,12500
Independent Floor ,4 BHK,5896.0,Golf Links,Delhi,28.59763908,77.23332977,4.0,2.0,>100k,Unfurnished,301012
Apartment ,2 BHK,1050.0,Lohegaon,Pune,18.60578346,73.91027069,2.0,0.0,0,Semi-Furnished,23000
Apartment ,2 BHK,985.0,Wagholi,Pune,18.58987427,74.01211548,2.0,2.0,<=100k,Semi-Furnished,16000
Apartment ,2 BHK,1000.0,Andheri West,Mumbai,19.12828255,72.81748962,2.0,0.0,0,Furnished,55000
Villa ,5 BHK,6521.0,Malcha Marg,Delhi,28.60173035,77.18534088,4.0,2.0,>100k,Unfurnished,1418182
,2 BHK,1019.0,Kanjurmarg East,Mumbai,19.13225174,72.93518829,2.0,0.0,0,Furnished,34000
Independent Floor ,3 BHK,2856.0,Navjeevan Vihar,Delhi,28.53347588,77.19955444,3.0,3.0,>100k,Unfurnished,301012
Apartment ,2 BHK,945.0,Wagholi,Pune,18.58708954,74.01047516,2.0,2.0,<=100k,Unfurnished,12000
Apartment ,2 BHK,963.0,Wagholi,Pune,18.58803177,73.96559143,2.0,2.0,<=100k,Unfurnished,12500
Independent Floor ,4 BHK,5562.0,Safdarjung Enclave,Delhi,28.56125832,77.19052124,4.0,2.0,>100k,Unfurnished,235562
Independent Floor ,2 BHK,630.0,Dashrath Puri,Delhi,28.60668373,77.0828476,2.0,0.0,0,Semi-Furnished,13000
Apartment ,1 BHK,,Chattarpur,Delhi,28.49385643,77.18325043,2.0,0.0,0,Unfurnished,11000
Apartment ,2 BHK,950.0,Santacruz East,Mumbai,19.07924843,72.853508,2.0,0.0,0,Furnished,65000
Apartment ,2 BHK,700.0,Bhandup East,Mumbai,19.14496231,72.94623566,1.0,0.0,0,Semi-Furnished,32000
Independent House ,5 BHK,6521.0,Panchsheel Park,Delhi,28.54154015,77.21611786,,2.0,>100k,Unfurnished,546195
Apartment ,2 BHK,987.0,Wagholi,Pune,18.5717144,73.97583771,2.0,2.0,<=100k,Semi-Furnished,13000
Independent Floor ,2 BHK,1500.0,Sarvpriya Vihar,Delhi,28.5420208,77.20693207,,0.0,0,Semi-Furnished,45000
Apartment ,2 BHK,995.0,Wagholi,Pune,18.58470154,74.00345612,2.0,2.0,<=100k,Semi-Furnished,13000
,3 BHK,1600.0,Kirti Nagar,Delhi,28.64817238,77.14144897,3.0,0.0,0,Furnished,45000
Apartment ,2 BHK,1045.0,Baner,Pune,18.56719208,73.78601074,2.0,2.0,<=100k,Semi-Furnished,21000
Apartment ,2 BHK,950.0,Lower Parel,Mumbai,18.98930359,72.83166504,2.0,0.0,0,Semi-Furnished,175000
,2 BHK,1103.0,Lohegaon,Pune,18.62320328,73.91668701,2.0,0.0,,Semi-Furnished,21000
Independent Floor ,3 BHK,2856.0,Anand Niketan,Delhi,28.57893944,77.16504669,3.0,2.0,>100k,Unfurnished,401010
Independent Floor ,3 BHK,2856.0,New Friends Colony,Delhi,28.56705093,77.27355957,4.0,2.0,>100k,Unfurnished,301012
,2 BHK,1200.0,Wakad,Pune,18.59722519,73.77924347,2.0,0.0,<=100k,Unfurnished,23000
Independent Floor ,5 BHK,6251.0,Gulmohar park,Delhi,28.55765915,77.21248627,,2.0,>100k,Unfurnished,325461
Independent Floor ,1 BHK,450.0,Wagholi,Pune,18.59469986,73.99736023,1.0,0.0,0,Unfurnished,8500
Apartment ,1 BHK,680.0,Ulwe,Mumbai,18.97845078,73.04993439,1.0,0.0,0,Semi-Furnished,9000
Apartment ,2 BHK,600.0,Ghatkopar West,Mumbai,19.10175705,72.91075134,1.0,0.0,0,Semi-Furnished,35000
Apartment ,2 BHK,600.0,Vasai,Mumbai,19.40745163,72.82662964,4.0,0.0,0,Semi-Furnished,13000
Apartment ,2 BHK,970.0,Seawoods,Mumbai,19.01479912,73.02328491,2.0,0.0,0,Semi-Furnished,59000
Apartment ,2 BHK,950.0,Santacruz East,Mumbai,19.08519363,72.84516144,2.0,0.0,0,Unfurnished,65000
Apartment ,3 BHK,1300.0,Andheri West,Mumbai,19.13804436,72.82541656,3.0,0.0,0,Furnished,120000
Apartment ,2 BHK,968.0,Goregaon West,Mumbai,19.15411758,72.84352112,2.0,0.0,0,Semi-Furnished,76001
Apartment ,3 BHK,1487.0,Andheri West,Mumbai,19.1305542,72.82857513,3.0,4.0,>100k,Furnished,140000
Apartment ,1 BHK,635.0,Borivali West,Mumbai,19.22370911,72.84122467,1.0,0.0,0,Semi-Furnished,24000
Independent House ,4 BHK,5896.0,Vasant Kunj,Delhi,28.52631378,77.14366913,4.0,2.0,>100k,Unfurnished,341010
Villa ,4 BHK,5896.0,Green Park,Delhi,28.55761909,77.20458984,4.0,2.0,>100k,Unfurnished,401015
Apartment ,2 BHK,1000.0,Hinjewadi,Pune,18.58396339,73.69768524,2.0,0.0,0,Semi-Furnished,17000
Apartment ,2 BHK,1060.0,Mulund West,Mumbai,19.15857124,72.94791412,2.0,0.0,,Semi-Furnished,39000
Apartment ,2 BHK,800.0,Santacruz East,Mumbai,19.0793705,72.85626221,,0.0,0,Furnished,65000
Apartment ,3 BHK,,Vikas Nagar,Pune,18.66720581,73.72828674,3.0,1.0,<=100k,Furnished,25000
,2 BHK,1050.0,Andheri West,Mumbai,19.12297821,72.83952332,,0.0,0,Furnished,75000
Apartment ,1 BHK,607.0,Wagholi,Pune,18.59058952,73.99626923,2.0,0.0,<=100k,Unfurnished,11000
Independent Floor ,4 BHK,5896.0,Saket,Delhi,28.52354813,77.20014191,4.0,2.0,>100k,Unfurnished,301022
Apartment ,1 BHK,900.0,Sheikh Sarai,Delhi,28.53419876,77.21559143,1.0,0.0,0,Semi-Furnished,12500
Independent Floor ,2 BHK,680.0,Uttam Nagar west,Delhi,28.62127113,77.06132507,2.0,2.0,<=100k,Semi-Furnished,9800
Apartment ,1 BHK,635.0,Kalyan West,Mumbai,19.24791908,73.15251923,2.0,0.0,0,Furnished,15000
Apartment ,1 BHK,700.0,Kharghar,Mumbai,19.04318047,73.0664978,2.0,0.0,0,Semi-Furnished,21000
Apartment ,2 BHK,850.0,Bhandup West,Mumbai,19.15442848,72.93182373,2.0,0.0,0,Furnished,45000
Independent Floor ,4 BHK,3150.0,Green Park Extension,Delhi,28.55907249,77.20407104,4.0,0.0,,Semi-Furnished,165000
,4 BHK,5896.0,Anand Niketan,Delhi,28.57893944,77.16504669,4.0,2.0,>100k,Unfurnished,401012
Apartment ,1 BHK,700.0,Airoli,Mumbai,19.15793419,72.99347687,,0.0,0,Semi-Furnished,23000
Apartment ,1 BHK,545.0,Vasai,Mumbai,19.40745163,72.82662964,1.0,0.0,0,Semi-Furnished,9000
Independent Floor ,3 BHK,2856.0,Sarvodaya Enclave,Delhi,28.5376606,77.20207214,3.0,2.0,>100k,Unfurnished,201202
Apartment ,1 BHK,500.0,Pimple Gurav,Pune,18.59098053,73.81969452,1.0,0.0,0,Semi-Furnished,8000
Independent Floor ,2 BHK,540.0,Sagar Pur,Delhi,28.60399246,77.10236359,2.0,0.0,0,Semi-Furnished,12000
Apartment ,2 BHK,800.0,Andheri West,Mumbai,19.13183212,72.83072662,2.0,0.0,>100k,Semi-Furnished,75000
Apartment ,1 BHK,538.0,Kharadi,Pune,18.54776955,73.94429016,1.0,2.0,<=100k,Semi-Furnished,20000
Apartment ,3 BHK,1500.0,NIBM Annex Mohammadwadi,Pune,18.46670341,73.90796661,3.0,2.0,>100k,Furnished,65000
Apartment ,3 BHK,1358.0,Dhayari,Pune,18.45800209,73.78517914,3.0,1.0,<=100k,Unfurnished,17000
Apartment ,1 BHK,588.0,Aundh,Pune,18.5617733,73.80363464,1.0,0.0,<=100k,Unfurnished,15000
Apartment ,2 BHK,1026.0,Wakad,Pune,18.60108376,73.77476501,2.0,0.0,0,Semi-Furnished,18500
Independent Floor ,2 BHK,550.0,Shastri Nagar,Delhi,28.67461967,77.18017578,2.0,0.0,0,Furnished,20000
Independent Floor ,3 BHK,1953.0,Chittaranjan Park,Delhi,28.54078484,77.24668121,,0.0,0,Unfurnished,100000
Apartment ,2 BHK,900.0,Moshi,Pune,18.68356895,73.83739471,2.0,2.0,<=100k,Semi-Furnished,16500
Apartment ,2 BHK,950.0,Malad West,Mumbai,19.17469406,72.8384552,2.0,0.0,0,Unfurnished,50000
Independent Floor ,3 BHK,2856.0,Anand Niketan,Delhi,28.57893944,77.16504669,3.0,2.0,>100k,Unfurnished,301012
Independent Floor ,4 BHK,2700.0,Rajouri Garden,Delhi,28.64152908,77.12091064,4.0,0.0,,Semi-Furnished,65000
Independent House ,4 BHK,6521.0,Sainik Farm,Delhi,28.50527763,77.20741272,4.0,2.0,>100k,Unfurnished,504015
Apartment ,2 BHK,951.0,Wagholi,Pune,18.58126259,73.98873901,2.0,2.0,<=100k,Unfurnished,12000
Apartment ,2 BHK,950.0,Hadapsar,Pune,18.51783943,73.91490936,2.0,0.0,0,Semi-Furnished,16000
Apartment ,1 BHK,550.0,Andheri West,Mumbai,19.12750053,72.81898499,1.0,0.0,0,Semi-Furnished,48000
Apartment ,1 BHK,665.0,Andheri East,Mumbai,19.11436844,72.884758,1.0,0.0,0,Semi-Furnished,47000
Independent Floor ,4 BHK,5896.0,Defence Colony,Delhi,28.57183075,77.23332977,4.0,2.0,>100k,Unfurnished,301012
Villa ,4 BHK,5896.0,Sarvpriya Vihar,Delhi,28.54276657,77.20674133,4.0,2.0,>100k,Unfurnished,504012
Apartment ,4 BHK,2200.0,Sector 12 Dwarka,Delhi,28.59571075,77.04241943,2.0,0.0,0,Semi-Furnished,45000
Apartment ,2 BHK,1000.0,NIBM Annex Mohammadwadi,Pune,18.46458817,73.90461731,2.0,1.0,<=100k,Furnished,30000
Apartment ,2 BHK,1133.0,Kharghar,Mumbai,19.0697422,73.07112122,2.0,0.0,<=100k,Unfurnished,25000
Apartment ,2 BHK,815.0,Wagholi,Pune,18.56959343,73.95823669,2.0,0.0,<=100k,Unfurnished,16000
Independent Floor ,3 BHK,2856.0,Safdarjung Enclave,Delhi,28.56125832,77.19052124,3.0,2.0,>100k,Unfurnished,301102
Apartment ,2 BHK,830.0,Bhandup West,Mumbai,19.15110016,72.94132233,,0.0,0,Furnished,31000
Apartment ,2 BHK,960.0,Dombivali,Mumbai,19.22002983,73.09614563,,0.0,,Semi-Furnished,15000
Villa ,5 BHK,6521.0,Amrita Shergill Marg,Delhi,28.5969677,77.22038269,4.0,2.0,,Unfurnished,1201010
Apartment ,2 BHK,1080.0,Lohegaon,Pune,18.6112957,73.9065094,1.0,1.0,<=100k,Unfurnished,22000
Apartment ,3 BHK,1690.0,Andheri East,Mumbai,19.1108036,72.87134552,3.0,0.0,0,Semi-Furnished,142300
Apartment ,1 BHK,526.0,Goregaon East,Mumbai,19.1560955,72.88613892,1.0,0.0,0,Furnished,16000
Independent Floor ,4 BHK,2700.0,Greater kailash 1,Delhi,28.55195999,77.23581696,4.0,0.0,0,Semi-Furnished,180000
Apartment ,1 BHK,700.0,Worli,Mumbai,19.00169182,72.818573,1.0,0.0,0,Furnished,60000
Independent Floor ,5 BHK,5896.0,Shanti Niketan,Delhi,28.57792091,77.16937256,4.0,2.0,,Unfurnished,301202
Independent Floor ,3 BHK,1800.0,Malviya Nagar,Delhi,28.53393173,77.20658875,3.0,0.0,0,Semi-Furnished,71000
Apartment ,3 BHK,1500.0,Pashan,Pune,18.53783989,73.7929306,3.0,0.0,0,Furnished,55000
,3 BHK,1700.0,Rajouri Garden,Delhi,28.64152908,77.12091064,3.0,0.0,,Semi-Furnished,31000
Apartment ,3 BHK,2200.0,Sector 6 Dwarka,Delhi,28.59419632,77.06415558,2.0,0.0,0,Semi-Furnished,42000
Independent Floor ,5 BHK,6521.0,Uday Park,Delhi,28.56010056,77.2193222,4.0,2.0,>100k,Unfurnished,301012
Independent Floor ,3 BHK,2856.0,Greater kailash 1,Delhi,28.55175018,77.23332977,3.0,3.0,>100k,Unfurnished,381012
Apartment ,2 BHK,1200.0,Chembur,Mumbai,19.05176926,72.87854004,2.0,0.0,,Semi-Furnished,55000
Apartment ,1 BHK,550.0,Dadar West,Mumbai,19.0198555,72.83912659,,0.0,0,Semi-Furnished,60000
Apartment ,1 BHK,550.0,Thane West,Mumbai,19.25627136,72.97373962,2.0,0.0,,Semi-Furnished,15000
Apartment ,2 BHK,1111.0,Colaba,Mumbai,18.91612053,72.82676697,2.0,0.0,0,Furnished,145000
Independent Floor ,4 BHK,5891.0,Golf Links,Delhi,28.59763908,77.23332977,4.0,2.0,>100k,Unfurnished,401100
,3 BHK,2852.0,Green Park,Delhi,28.55761909,77.20458984,3.0,3.0,>100k,Unfurnished,308521
,2 BHK,1000.0,Prakash Mohalla Amritpuri,Delhi,28.55724716,77.24999237,1.0,0.0,<=100k,Unfurnished,20000
Apartment ,2 BHK,934.0,Andheri West,Mumbai,19.12999153,72.83300781,2.0,2.0,>100k,Furnished,75000
Independent Floor ,4 BHK,5896.0,Anand Niketan,Delhi,28.57893944,77.16504669,4.0,2.0,>100k,Unfurnished,325652
Apartment ,3 BHK,846.0,Bavdhan,Pune,18.51424217,73.77316284,3.0,1.0,<=100k,Semi-Furnished,22000
Apartment ,1 BHK,750.0,Andheri West,Mumbai,19.13073921,72.81913757,1.0,0.0,,Furnished,38000
Apartment ,2 BHK,1350.0,Koper Khairane,Mumbai,19.10673523,73.01082611,2.0,0.0,0,Semi-Furnished,55000
Apartment ,2 BHK,1100.0,Andheri East,Mumbai,19.11678123,72.88955688,2.0,0.0,0,Furnished,70000
Apartment ,3 BHK,1170.0,Wagholi,Pune,18.5932312,73.96865082,3.0,0.0,<=100k,Semi-Furnished,30000
Independent Floor ,3 BHK,1500.0,Vasant Kunj,Delhi,28.51620483,77.15252686,3.0,0.0,0,Semi-Furnished,70000
Independent Floor ,3 BHK,2856.0,Greater kailash 1,Delhi,28.55175018,77.23332977,3.0,2.0,,Unfurnished,301012
Villa ,4 BHK,5896.0,Vasant Vihar,Delhi,28.55739021,77.15714264,4.0,2.0,>100k,Unfurnished,604101
Independent House ,4 BHK,3500.0,Thane West,Mumbai,19.26469803,72.97274017,4.0,0.0,0,Furnished,125000
Apartment ,1 BHK,434.0,Dombivali,Mumbai,19.21064949,73.09201813,1.0,0.0,<=100k,Unfurnished,5500
Apartment ,2 BHK,950.0,Hinjewadi,Pune,18.57841873,73.68244171,2.0,0.0,0,Furnished,27550
Apartment ,1 BHK,654.0,Wagholi,Pune,18.58435822,73.97000122,1.0,1.0,,Unfurnished,10000
Apartment ,1 BHK,650.0,Borivali East,Mumbai,19.21999931,72.86000061,2.0,0.0,<=100k,Unfurnished,30000
Apartment ,3 BHK,1050.0,Bhandup West,Mumbai,19.15668869,72.938591,3.0,0.0,0,Unfurnished,70000
Apartment ,2 BHK,780.0,Chattarpur,Delhi,28.49751854,77.17887115,2.0,0.0,0,Furnished,27000
,2 BHK,1000.0,NIBM,Pune,18.47689629,73.89581299,2.0,1.0,<=100k,Unfurnished,35000
Apartment ,3 BHK,1342.0,Goregaon West,Mumbai,19.16894722,72.84313965,3.0,0.0,>100k,Unfurnished,90000
Villa ,5 BHK,6521.0,Jor bagh,Delhi,28.67728996,77.15930176,4.0,2.0,>100k,Unfurnished,1211222
Apartment ,1 BHK,580.0,Mundhwa,Pune,18.52750397,73.96342468,1.0,0.0,<=100k,Unfurnished,8000
Apartment ,2 BHK,1050.0,Powai,Mumbai,19.1135807,72.90979004,2.0,0.0,0,Semi-Furnished,67000
Apartment ,3 BHK,1157.0,Wagholi,Pune,18.5841217,74.02622223,,2.0,<=100k,Furnished,30000
Villa ,5 BHK,8521.0,Sunder Nagar,Delhi,28.61843681,76.96178436,4.0,2.0,>100k,Unfurnished,1162992
,3 BHK,1800.0,AGCR Enclave,Delhi,28.65283585,77.30594635,3.0,0.0,0,Semi-Furnished,42000
Apartment ,2 BHK,850.0,Kalyan West,Mumbai,19.25814056,73.13052368,2.0,0.0,0,Semi-Furnished,17000
Apartment ,2 BHK,1200.0,Balewadi,Pune,18.57930565,73.77367401,2.0,2.0,<=100k,Semi-Furnished,24500
Studio Apartment ,1 RK,400.0,Nigdi,Pune,18.6579895,73.77426147,1.0,1.0,<=100k,Semi-Furnished,8500
Apartment ,2 BHK,980.0,Goregaon West,Mumbai,19.15413857,72.84342194,2.0,0.0,0,Semi-Furnished,72000
Apartment ,2 BHK,858.0,Wagholi,Pune,18.589571,74.00563812,,0.0,<=100k,Unfurnished,13500
Independent Floor ,5 BHK,6521.0,Vasant Vihar,Delhi,28.55739021,77.15714264,,2.0,>100k,Unfurnished,401105
Apartment ,2 BHK,774.0,Dombivali,Mumbai,19.17331696,73.07020569,2.0,0.0,0,Unfurnished,12000
Villa ,4 BHK,5852.0,Saket,Delhi,28.52354813,77.20014191,4.0,2.0,>100k,Unfurnished,408545
Apartment ,2 BHK,800.0,Malad East,Mumbai,19.17455292,72.86763763,2.0,0.0,0,Semi-Furnished,56000
,1 BHK,610.0,Andheri East,Mumbai,19.11567116,72.88295746,,0.0,0,Furnished,45000
Apartment ,3 BHK,1600.0,Juhu,Mumbai,19.1133461,72.83358002,3.0,0.0,,Furnished,125000
Apartment ,1 BHK,550.0,MATUNGA WEST,Mumbai,19.02820587,72.84375763,2.0,0.0,0,Unfurnished,40000
Apartment ,3 BHK,1248.0,Mulund West,Mumbai,19.15857124,72.94791412,2.0,0.0,0,Semi-Furnished,42000
Independent Floor ,2 BHK,,Dwarka Mor,Delhi,28.62432671,77.02622986,1.0,0.0,0,Semi-Furnished,6500
Apartment ,1 BHK,650.0,Bhayandar East,Mumbai,19.2720871,72.88573456,2.0,0.0,0,Semi-Furnished,18000
Apartment ,3 BHK,1400.0,Khar West,Mumbai,19.06879044,72.82737732,3.0,0.0,>100k,Semi-Furnished,145000
,2 BHK,1000.0,Pradhikaran Nigdi,Pune,18.52046967,73.85662079,2.0,2.0,<=100k,Semi-Furnished,18000
Apartment ,2 BHK,780.0,Santacruz East,Mumbai,19.0793705,72.85626221,2.0,0.0,0,Furnished,45000
Apartment ,1 BHK,702.0,Gahunje,Pune,18.66266441,73.7066803,1.0,0.0,<=100k,Furnished,25900
Apartment ,2 BHK,1250.0,Kharghar,Mumbai,19.04444313,73.0790863,2.0,0.0,0,Unfurnished,28500
Apartment ,2 BHK,1100.0,Kharghar,Mumbai,19.07053185,73.08592987,2.0,0.0,0,Unfurnished,25000
Independent Floor ,4 BHK,6251.0,Green Park,Delhi,28.55761909,77.20458984,4.0,2.0,>100k,Unfurnished,235592
Apartment ,2 BHK,900.0,Hadapsar,Pune,18.48542213,73.93516541,,2.0,<=100k,Semi-Furnished,14000
Apartment ,3 BHK,,NIBM Annex Mohammadwadi,Pune,18.46458817,73.90461731,3.0,1.0,<=100k,Unfurnished,30000
Apartment ,2 BHK,1110.0,Wakad,Pune,18.60108376,73.77476501,2.0,0.0,<=100k,Furnished,22000
Apartment ,1 BHK,365.0,Karampura,Delhi,28.665308,77.15024567,1.0,0.0,0,Furnished,25000
Apartment ,2 BHK,965.0,Dhanori,Pune,18.59893608,73.90194702,2.0,0.0,0,Semi-Furnished,22400
Apartment ,1 BHK,610.0,Kurla,Mumbai,19.05685806,72.88703918,2.0,0.0,0,Unfurnished,43000
Independent Floor ,3 BHK,3000.0,Defence Colony,Delhi,28.57388115,77.2337265,3.0,0.0,0,Semi-Furnished,120000
Apartment ,2 BHK,987.0,Wagholi,Pune,18.58896446,73.98583984,2.0,2.0,<=100k,Unfurnished,12000
Independent House ,5 BHK,5896.0,Sunder Nagar,Delhi,28.61843681,76.96178436,4.0,2.0,>100k,Unfurnished,1010201
Apartment ,2 BHK,600.0,Malad West,Mumbai,19.18503952,72.81951141,2.0,0.0,0,Furnished,52000
Apartment ,2 BHK,845.0,Borivali East,Mumbai,19.22255325,72.85861969,2.0,0.0,>100k,Unfurnished,40000
Apartment ,1 BHK,695.0,Dombivali East,Mumbai,19.20380211,73.09098053,1.0,0.0,,Semi-Furnished,10000
Apartment ,1 BHK,730.0,Ulwe,Mumbai,18.97347641,73.02910614,2.0,0.0,0,Unfurnished,10000
Apartment ,2 BHK,950.0,Mira Road East,Mumbai,19.28744507,72.87618256,2.0,0.0,0,Furnished,38000
Independent Floor ,5 BHK,6251.0,Anand Niketan,Delhi,28.57893944,77.16504669,4.0,2.0,>100k,Unfurnished,362126
Apartment ,2 BHK,910.0,Dombivali,Mumbai,19.22271729,73.10041809,2.0,0.0,0,Semi-Furnished,20000
,4 BHK,5896.0,Sunder Nagar,Delhi,28.61843681,76.96178436,4.0,2.0,>100k,Unfurnished,362262
Apartment ,2 BHK,750.0,Malad West,Mumbai,19.20543861,72.82376862,2.0,0.0,0,Unfurnished,75000
Apartment ,1 BHK,367.0,Karampura,Delhi,28.66576004,77.15023041,,0.0,0,Semi-Furnished,17000
,1 BHK,550.0,Sheikh Sarai,Delhi,28.53427887,77.20841217,1.0,1.0,<=100k,Semi-Furnished,16000
Villa ,5 BHK,6521.0,Sainik Farm,Delhi,28.50527763,77.20741272,4.0,2.0,>100k,Unfurnished,549419
Apartment ,2 BHK,755.0,Thane West,Mumbai,19.22405052,72.96396637,2.0,0.0,0,Furnished,33000
Apartment ,2 BHK,1000.0,Undri,Pune,18.45152092,73.91368866,2.0,1.0,<=100k,Unfurnished,18000
Apartment ,2 BHK,815.0,Wagholi,Pune,18.56959343,73.95823669,,0.0,<=100k,Semi-Furnished,15000
Independent Floor ,1 BHK,750.0,Rajouri Garden,Delhi,28.64152908,77.12091064,1.0,0.0,0,Furnished,25000
,3 BHK,1700.0,Sector 22 Dwarka,Delhi,28.56202507,77.05808258,3.0,0.0,0,Semi-Furnished,45000
Apartment ,2 BHK,850.0,Dombivali,Mumbai,19.16901779,73.11309052,2.0,0.0,0,Unfurnished,8500
Apartment ,2 BHK,1400.0,Wadala,Mumbai,19.0335331,72.8691864,2.0,0.0,0,Furnished,110000
Apartment ,3 BHK,1010.0,Uttam Nagar,Delhi,28.61942291,77.0539093,2.0,0.0,0,Semi-Furnished,18000
Apartment ,1 BHK,315.0,Thane West,Mumbai,19.21181679,72.98913574,2.0,0.0,,Unfurnished,20000
Villa ,5 BHK,6521.0,Golf Links,Delhi,28.59763908,77.23332977,4.0,2.0,>100k,Unfurnished,2010101
Apartment ,2 BHK,1050.0,Kamothe,Mumbai,19.02604675,73.09063721,2.0,0.0,0,Unfurnished,21000
Apartment ,1 BHK,400.0,Vasai,Mumbai,19.41449928,72.85800171,1.0,1.0,<=100k,Unfurnished,7500
Independent Floor ,5 BHK,,Jor bagh,Delhi,28.67728996,77.15930176,4.0,2.0,>100k,Unfurnished,401012
Studio Apartment ,1 RK,370.0,Karampura,Delhi,28.66560173,77.15029907,1.0,0.0,0,Furnished,21000
Apartment ,1 BHK,600.0,Kharadi,Pune,18.54870605,73.94934082,1.0,1.0,<=100k,Unfurnished,8000
Apartment ,2 BHK,,Wagholi,Pune,18.57443619,73.98206329,,2.0,<=100k,Unfurnished,11000
Independent Floor ,3 BHK,2000.0,Nizamuddin West,Delhi,28.58960152,77.24316406,3.0,0.0,0,Furnished,120000
,1 BHK,615.0,Thane West,Mumbai,19.25633049,72.97049713,1.0,0.0,0,Semi-Furnished,17000
Independent Floor ,3 BHK,2856.0,West End,Delhi,28.57413292,77.16131592,,3.0,>100k,Unfurnished,235592
Apartment ,2 BHK,938.0,Dhayari,Pune,18.4564476,73.78610229,2.0,0.0,<=100k,Unfurnished,13000
Apartment ,2 BHK,815.0,Wakad,Pune,18.60311699,73.76626587,2.0,0.0,<=100k,Unfurnished,18000
Apartment ,2 BHK,1027.0,Borivali East,Mumbai,19.22131157,72.85739899,2.0,0.0,>100k,Unfurnished,45000
Apartment ,2 BHK,1234.0,Malad East,Mumbai,19.1905899,72.86213684,2.0,0.0,0,Furnished,42000
Apartment ,3 BHK,1690.0,Andheri East,Mumbai,19.1108036,72.87134552,3.0,0.0,0,Semi-Furnished,142300
Independent Floor ,4 BHK,6251.0,Defence Colony,Delhi,28.57183075,77.23332977,4.0,2.0,>100k,Unfurnished,362166
Independent Floor ,3 BHK,2852.0,Defence Colony,Delhi,28.57183075,77.23332977,,2.0,>100k,Unfurnished,308521
Apartment ,1 BHK,573.0,Chikhali,Pune,18.67391586,73.80892944,1.0,0.0,0,Unfurnished,8500
Apartment ,3 BHK,1100.0,Kharadi,Pune,18.55333519,73.94477844,2.0,0.0,0,Unfurnished,25500
Independent Floor ,3 BHK,2856.0,Greater Kailash II,Delhi,28.53174019,77.24913788,3.0,2.0,>100k,Unfurnished,301011
Apartment ,3 BHK,1700.0,Sector 5 Dwarka,Delhi,28.59773827,77.0566864,3.0,0.0,0,Semi-Furnished,40000
Apartment ,2 BHK,905.0,Wagholi,Pune,18.57381821,74.0247345,2.0,1.0,<=100k,Unfurnished,11000
Apartment ,1 BHK,900.0,Chattarpur,Delhi,28.49897003,77.24090576,1.0,0.0,0,Unfurnished,7000
Apartment ,3 BHK,1508.0,Wagholi,Pune,18.5717144,73.97583771,3.0,0.0,<=100k,Semi-Furnished,17000
Apartment ,2 BHK,1200.0,Ghansoli,Mumbai,19.12399673,72.9980545,,4.0,>100k,Unfurnished,36000
Villa ,4 BHK,5569.0,Gulmohar park,Delhi,28.55765915,77.21248627,4.0,2.0,>100k,Unfurnished,401010
Apartment ,2 BHK,1200.0,Wagholi,Pune,18.57848358,74.00447845,2.0,0.0,0,Furnished,17000
Studio Apartment ,1 RK,150.0,Chandan Nagar,Pune,18.56254387,73.93169403,1.0,0.0,0,Semi-Furnished,5500
,3 BHK,2856.0,Jor bagh,Delhi,28.67728996,77.15930176,3.0,2.0,>100k,Unfurnished,346116
Independent Floor ,3 BHK,2856.0,Green Park,Delhi,28.55761909,77.20458984,3.0,2.0,>100k,Unfurnished,301012
Independent Floor ,4 BHK,2700.0,Gulmohar park,Delhi,28.55721092,77.21279144,4.0,0.0,0,Semi-Furnished,160000
Apartment ,2 BHK,950.0,IP Extension,Delhi,28.62976646,77.30672455,2.0,2.0,<=100k,Semi-Furnished,22500
Independent Floor ,3 BHK,2856.0,Green Park,Delhi,28.55761909,77.20458984,,2.0,>100k,Unfurnished,381812
Apartment ,2 BHK,998.0,Wagholi,Pune,18.58773422,73.98551178,2.0,2.0,<=100k,Semi-Furnished,13000
Apartment ,1 BHK,662.0,Thane West,Mumbai,19.2703476,72.97113037,2.0,0.0,0,Furnished,14999
Apartment ,2 BHK,1280.0,Vishrantwadi,Pune,18.57247162,73.87510681,,1.0,<=100k,Semi-Furnished,23000
,1 BHK,690.0,Tingre Nagar,Pune,18.58148193,73.89109802,1.0,1.0,<=100k,Semi-Furnished,12000
Apartment ,1 BHK,535.0,Goregaon East,Mumbai,19.15395355,72.88471222,1.0,0.0,0,Unfurnished,16000
,2 BHK,900.0,Mulund West,Mumbai,19.16048431,72.94541931,2.0,0.0,0,Semi-Furnished,45000
Independent Floor ,3 BHK,2400.0,Greater Kailash,Delhi,28.53398132,77.24250031,3.0,0.0,0,Semi-Furnished,105000
Independent Floor ,4 BHK,4562.0,Sarvodaya Enclave,Delhi,28.5376606,77.20207214,4.0,2.0,>100k,Unfurnished,301011
Apartment ,2 BHK,1205.0,Kandivali West,Mumbai,19.20372581,72.83464813,2.0,0.0,>100k,Semi-Furnished,55000
Apartment ,3 BHK,1850.0,Sanpada,Mumbai,19.0532341,73.0072403,3.0,0.0,0,Furnished,65000
,1 BHK,620.0,Wagholi,Pune,18.58470154,74.00345612,1.0,1.0,<=100k,Unfurnished,9000
,2 BHK,780.0,Lohegaon,Pune,18.60913658,73.90711212,2.0,0.0,0,Semi-Furnished,20000
Apartment ,3 BHK,1400.0,Vasant Kunj,Delhi,28.53392029,77.1502533,2.0,0.0,0,Semi-Furnished,65000
Apartment ,2 BHK,1050.0,Koper Khairane,Mumbai,19.1027832,73.01050568,2.0,0.0,0,Semi-Furnished,37000
Independent House ,1 BHK,750.0,Mayur Vihar II,Delhi,28.6170063,77.29906464,1.0,1.0,<=100k,Unfurnished,14000
Apartment ,3 BHK,1073.0,Kharghar,Mumbai,19.0528698,73.06694031,3.0,3.0,>100k,Semi-Furnished,70000
Independent Floor ,3 BHK,2000.0,Defence Colony,Delhi,28.57263374,77.23251343,4.0,0.0,,Semi-Furnished,180000
Apartment ,1 BHK,700.0,Jogeshwari West,Mumbai,19.1398983,72.84290314,2.0,0.0,0,Unfurnished,40000
Apartment ,3 BHK,1450.0,Andheri East,Mumbai,19.11652756,72.84729004,3.0,0.0,0,Unfurnished,90000
,4 BHK,5896.0,Anand Niketan,Delhi,28.57893944,77.16504669,4.0,2.0,>100k,Unfurnished,401010
Apartment ,2 BHK,1000.0,Wakad,Pune,18.60311699,73.76626587,2.0,0.0,0,Unfurnished,17000
Independent Floor ,3 BHK,2856.0,West End,Delhi,28.57413292,77.16131592,3.0,2.0,>100k,Unfurnished,301012
Independent Floor ,4 BHK,5562.0,Panchsheel Park,Delhi,28.54154015,77.21611786,4.0,2.0,>100k,Unfurnished,625415
Apartment ,1 BHK,670.0,Kharadi,Pune,18.55333519,73.94477844,1.0,0.0,0,Semi-Furnished,12400
,1 BHK,580.0,Chinchwad,Pune,18.62844658,73.78089142,1.0,0.0,,Unfurnished,9500
Apartment ,3 BHK,800.0,Powai,Mumbai,19.11441612,72.90343475,3.0,0.0,0,Furnished,75000
,4 BHK,4050.0,Greater Kailash,Delhi,28.5457592,77.24568176,5.0,0.0,0,Semi-Furnished,190000
Apartment ,2 BHK,954.0,Ravet,Pune,18.66646576,73.73058319,2.0,1.0,<=100k,Unfurnished,18500
Apartment ,2 BHK,903.0,Hinjewadi,Pune,18.58816147,73.72674561,2.0,2.0,<=100k,Unfurnished,23000
Independent Floor ,2 BHK,745.0,Dabri,Delhi,28.61173439,77.08657074,2.0,0.0,0,Unfurnished,14000
Independent House ,4 BHK,5569.0,Ghitorni,Delhi,28.49571991,77.13581085,4.0,2.0,>100k,Unfurnished,425505
Independent Floor ,3 BHK,2741.0,Uday Park,Delhi,28.56010056,77.2193222,3.0,2.0,>100k,Unfurnished,235592
Independent Floor ,2 BHK,830.0,Sector 11 Rohini,Delhi,28.73029709,77.10800934,,0.0,0,Semi-Furnished,18000
,2 BHK,905.0,Seawoods,Mumbai,19.01483536,73.02342224,,0.0,0,Unfurnished,31000
Independent Floor ,4 BHK,5896.0,Gulmohar park,Delhi,28.55765915,77.21248627,,2.0,>100k,Unfurnished,401102
Apartment ,2 BHK,1050.0,Bavdhan,Pune,18.51470566,73.77187347,2.0,0.0,0,Semi-Furnished,30000
Apartment ,3 BHK,1250.0,Dombivali,Mumbai,19.14808083,73.07962036,2.0,2.0,<=100k,Unfurnished,14500
,5 BHK,6952.0,Panchsheel Park,Delhi,28.54154015,77.21611786,4.0,2.0,>100k,Unfurnished,401010
,2 BHK,540.0,Dabri,Delhi,28.60993385,77.09203339,2.0,0.0,0,Semi-Furnished,12000
Apartment ,3 BHK,1020.0,Chembur,Mumbai,19.05077553,72.9009552,3.0,0.0,0,Unfurnished,78000
Apartment ,1 BHK,342.0,Karampura,Delhi,28.66662407,77.14854431,1.0,0.0,0,Furnished,24000
Apartment ,2 BHK,1000.0,Wanowrie,Pune,18.49072266,73.8996048,2.0,1.0,<=100k,Unfurnished,26000
Apartment ,2 BHK,1050.0,Andheri West,Mumbai,19.14296341,72.82502747,2.0,0.0,0,Furnished,60000
Apartment ,1 BHK,666.0,Dhanori,Pune,18.60354042,73.90814972,1.0,1.0,<=100k,Unfurnished,9000
,1 BHK,570.0,Hadapsar,Pune,18.47999954,73.93000031,1.0,1.0,<=100k,Unfurnished,7000
Apartment ,3 BHK,1280.0,Undri,Pune,18.45619583,73.91448212,2.0,2.0,<=100k,Unfurnished,18000
Independent Floor ,2 BHK,997.0,Lajpat Nagar,Delhi,28.56245804,77.24188232,2.0,0.0,,Furnished,40000
Apartment ,1 BHK,,Powai,Mumbai,19.12211418,72.90531921,1.0,0.0,0,Semi-Furnished,28000
Apartment ,2 BHK,1200.0,Malad West,Mumbai,19.18059731,72.84043121,2.0,0.0,,Furnished,52000
Independent Floor ,3 BHK,3011.0,Safdarjung Enclave,Delhi,28.56125832,77.19052124,3.0,2.0,>100k,Unfurnished,249419
Independent Floor ,5 BHK,4362.0,Defence Colony,Delhi,28.57183075,77.23332977,4.0,2.0,,Unfurnished,401015
Apartment ,1 BHK,535.0,Goregaon East,Mumbai,19.15395355,72.88471222,1.0,0.0,0,Unfurnished,16000
Apartment ,2 BHK,802.0,Wagholi,Pune,18.58792686,73.98773193,1.0,0.0,<=100k,Unfurnished,13500
,3 BHK,2856.0,Hauz Khas,Delhi,28.55542183,77.20988464,3.0,2.0,,Unfurnished,235562
Independent Floor ,3 BHK,2856.0,Gulmohar park,Delhi,28.55765915,77.21248627,,2.0,>100k,Unfurnished,310182
Apartment ,2 BHK,800.0,Nigdi,Pune,18.6574707,73.76837921,2.0,1.0,<=100k,Semi-Furnished,16000
Apartment ,1 BHK,650.0,Dombivali,Mumbai,19.16901779,73.11309052,,0.0,0,Unfurnished,7500
Apartment ,1 BHK,700.0,Tingre Nagar,Pune,18.57764816,73.88939667,1.0,1.0,<=100k,Semi-Furnished,12500
Apartment ,1 BHK,470.0,Mulund East,Mumbai,19.16797638,72.95916748,,0.0,0,Semi-Furnished,28000
Apartment ,3 BHK,1248.0,Mulund West,Mumbai,19.15857124,72.94791412,2.0,0.0,0,Semi-Furnished,42000
Independent Floor ,2 BHK,750.0,Sector 19 Dwarka,Delhi,28.57611275,77.04671478,2.0,0.0,0,Furnished,30500
Independent Floor ,3 BHK,2856.0,Sarvodaya Enclave,Delhi,28.5376606,77.20207214,3.0,2.0,>100k,Unfurnished,401014
,2 BHK,1200.0,Cumballa Hill,Mumbai,18.9705677,72.80607605,3.0,0.0,0,Furnished,110000
Independent Floor ,3 BHK,2856.0,Golf Links,Delhi,28.59763908,77.23332977,3.0,2.0,,Unfurnished,540105
Apartment ,2 BHK,1000.0,Santacruz East,Mumbai,19.07385063,72.86419678,2.0,0.0,0,Semi-Furnished,80000
Independent House ,4 BHK,5896.0,Shanti Niketan,Delhi,28.57792091,77.16937256,4.0,2.0,>100k,Unfurnished,504011
Apartment ,2 BHK,1280.0,Tingre Nagar,Pune,18.58148193,73.89109802,2.0,2.0,<=100k,Furnished,25000
Villa ,4 BHK,5896.0,Hauz Khas,Delhi,28.55542183,77.20988464,4.0,2.0,>100k,Unfurnished,401012
,2 BHK,963.0,Wagholi,Pune,18.58424377,74.003685,,2.0,<=100k,Semi-Furnished,14500
Independent Floor ,4 BHK,6521.0,Panchsheel Enclave,Delhi,28.54351997,77.22973633,4.0,2.0,>100k,Unfurnished,401015
Independent House ,5 BHK,,Sainik Farm,Delhi,28.50527763,77.20741272,4.0,2.0,>100k,Unfurnished,549185
Apartment ,2 BHK,1245.0,Chembur,Mumbai,19.05451012,72.89835358,,0.0,>100k,Unfurnished,65000
Apartment ,3 BHK,1050.0,Andheri West,Mumbai,19.14553833,72.822258,3.0,0.0,0,Semi-Furnished,90000
Apartment ,1 BHK,630.0,Ulwe,Mumbai,18.96770859,73.02297974,2.0,0.0,0,Unfurnished,9500
Independent Floor ,3 BHK,1200.0,Patel Nagar,Delhi,28.64595604,77.16685486,2.0,2.0,<=100k,Furnished,20000
Independent Floor ,4 BHK,2250.0,Paschim Vihar,Delhi,28.67725372,77.08674622,4.0,0.0,0,Semi-Furnished,60000
Independent House ,5 BHK,6952.0,Jor bagh,Delhi,28.67728996,77.15930176,4.0,2.0,>100k,Unfurnished,1219191
Independent Floor ,3 BHK,1180.0,Chattarpur,Delhi,28.49385643,77.18325043,3.0,0.0,0,Furnished,30000
Independent Floor ,2 BHK,1000.0,Burari,Delhi,28.76049995,77.18828583,2.0,2.0,0,Semi-Furnished,6000
Apartment ,1 BHK,560.0,Nala Sopara,Mumbai,19.42544556,72.81661224,1.0,0.0,<=100k,Semi-Furnished,7500
Apartment ,1 BHK,523.0,Malad West,Mumbai,19.18254852,72.83827209,1.0,0.0,<=100k,Unfurnished,30000
Apartment ,3 BHK,1100.0,Santacruz East,Mumbai,19.07627678,72.86540222,3.0,0.0,0,Unfurnished,95999
Apartment ,3 BHK,1800.0,Kharghar,Mumbai,19.04128265,73.07174683,3.0,0.0,0,Furnished,43500
Apartment ,2 BHK,825.0,Malabar Hill,Mumbai,18.96323395,72.80530548,2.0,0.0,0,Furnished,90000
Independent Floor ,4 BHK,5896.0,Sunder Nagar,Delhi,28.61843681,76.96178436,4.0,2.0,>100k,Unfurnished,301012
Apartment ,1 BHK,684.0,Ghansoli,Mumbai,19.12399673,72.9980545,2.0,0.0,<=100k,Unfurnished,18200
Apartment ,1 BHK,600.0,Pradhikaran Nigdi,Pune,18.64920044,73.76577759,,1.0,<=100k,Semi-Furnished,12000
Apartment ,1 BHK,575.0,Mahape,Mumbai,19.11924934,73.02577209,2.0,0.0,<=100k,Unfurnished,15000
Villa ,5 BHK,6251.0,Ghitorni,Delhi,28.49571991,77.13581085,4.0,4.0,>100k,Unfurnished,404015
Apartment ,2 BHK,,Pimple Saudagar,Pune,18.59380913,73.79833221,2.0,0.0,0,Semi-Furnished,17000
Apartment ,3 BHK,1700.0,Sector 4 Dwarka,Delhi,28.60118866,77.04846954,3.0,0.0,0,Semi-Furnished,36000
Independent House ,5 BHK,6521.0,Malcha Marg,Delhi,28.60173035,77.18534088,4.0,2.0,>100k,Unfurnished,1012002
Apartment ,4 BHK,3800.0,Lower Parel,Mumbai,19.00762367,72.83289337,5.0,0.0,0,Semi-Furnished,425000
Independent Floor ,2 BHK,750.0,Tagore Garden Extension,Delhi,28.64909935,77.10723877,2.0,0.0,0,Furnished,25000
Villa ,4 BHK,5896.0,Niti Bagh,Delhi,28.55949974,77.21679688,4.0,2.0,>100k,Unfurnished,401015
Apartment ,3 BHK,1500.0,Tathawade,Pune,18.62471008,73.73709869,2.0,0.0,0,Unfurnished,29000
Independent Floor ,3 BHK,1125.0,Safdarjung Enclave,Delhi,28.56470108,77.19415283,3.0,0.0,0,Semi-Furnished,60000
Apartment ,2 BHK,980.0,Wagholi,Pune,18.57670975,73.99583435,2.0,2.0,<=100k,Semi-Furnished,18000
,2 BHK,750.0,Kandivali West,Mumbai,19.20986748,72.83059692,2.0,0.0,,Furnished,40000
Apartment ,2 BHK,1008.0,Mulund West,Mumbai,19.15857124,72.94791412,2.0,0.0,0,Semi-Furnished,38000
Apartment ,2 BHK,700.0,Jogeshwari West,Mumbai,19.14125633,72.84004211,1.0,0.0,,Unfurnished,36000
Apartment ,2 BHK,857.0,Mira Road East,Mumbai,19.28299713,72.88573456,2.0,0.0,0,Semi-Furnished,27000
Independent Floor ,3 BHK,2253.0,Greater Kailash II,Delhi,28.53174019,77.24913788,3.0,2.0,>100k,Unfurnished,235592
,2 BHK,965.0,Lohegaon,Pune,18.60551453,73.91033173,2.0,0.0,,Semi-Furnished,22000
Apartment ,2 BHK,1050.0,Powai,Mumbai,19.1144886,72.8962326,2.0,0.0,0,Semi-Furnished,70000
Independent Floor ,3 BHK,1125.0,Naraina,Delhi,28.63214111,77.13885498,2.0,0.0,0,Semi-Furnished,35000
,4 BHK,6000.0,Prabhadevi,Mumbai,19.01517296,72.82372284,4.0,0.0,>100k,Furnished,350000
Studio Apartment ,1 RK,350.0,Nigdi,Pune,18.6574707,73.76837921,1.0,1.0,<=100k,Unfurnished,7500
Independent Floor ,3 BHK,1500.0,Sarvpriya Vihar,Delhi,28.5420208,77.20693207,3.0,0.0,0,Furnished,90000
Apartment ,2 BHK,880.0,Dhanori,Pune,18.60192871,73.90148163,2.0,0.0,,Semi-Furnished,18000
Apartment ,3 BHK,1100.0,Ville Parle East,Mumbai,19.0951004,72.8605957,3.0,0.0,0,Semi-Furnished,100000
Apartment ,2 BHK,1200.0,Airoli,Mumbai,19.16000748,72.99343872,2.0,0.0,0,Unfurnished,38000
Apartment ,2 BHK,800.0,Worli,Mumbai,18.99811935,72.81504822,2.0,0.0,0,Unfurnished,110000
Independent Floor ,3 BHK,2741.0,New Friends Colony,Delhi,28.56705093,77.27355957,,3.0,>100k,Unfurnished,301012
Apartment ,1 BHK,535.0,Thane West,Mumbai,19.26938438,72.97092438,1.0,3.0,,Unfurnished,13000
Apartment ,2 BHK,915.0,Mahalunge,Pune,18.56352806,73.75112152,2.0,1.0,<=100k,Unfurnished,16000
Apartment ,1 BHK,650.0,Viman Nagar,Pune,18.56838799,73.91345215,1.0,0.0,0,Furnished,27000
Apartment ,2 BHK,954.0,Wagholi,Pune,18.58864784,73.98957062,2.0,2.0,<=100k,Semi-Furnished,15000
,2 BHK,1047.0,Baner,Pune,18.55125237,73.77441406,2.0,0.0,<=100k,Furnished,24000
,2 BHK,1500.0,Tagore Garden Extension,Delhi,28.6476841,77.1100769,2.0,0.0,0,Semi-Furnished,28000
Apartment ,3 BHK,1800.0,Airoli,Mumbai,19.18170357,72.99532318,3.0,0.0,0,Semi-Furnished,35000
Villa ,4 BHK,5896.0,New Friends Colony,Delhi,28.56705093,77.27355957,4.0,2.0,>100k,Unfurnished,540105
Independent Floor ,4 BHK,5896.0,Saket,Delhi,28.52354813,77.20014191,4.0,2.0,>100k,Unfurnished,320110
,2 BHK,900.0,Lajpat Nagar,Delhi,28.57617188,77.24238586,2.0,0.0,0,Semi-Furnished,34000
Independent Floor ,3 BHK,2856.0,Defence Colony,Delhi,28.57183075,77.23332977,3.0,2.0,>100k,Unfurnished,301022
Independent Floor ,2 BHK,,Ramesh Nagar,Delhi,28.64922142,77.13320923,2.0,0.0,0,Furnished,32000
Apartment ,1 BHK,550.0,Goregaon East,Mumbai,19.15259552,72.8908844,1.0,0.0,0,Furnished,27000
Independent Floor ,3 BHK,2741.0,Green Park,Delhi,28.55761909,77.20458984,3.0,2.0,>100k,Unfurnished,235462
Apartment ,2 BHK,825.0,Thane West,Mumbai,19.22903824,72.98190308,2.0,0.0,0,Semi-Furnished,25000
Apartment ,4 BHK,2500.0,Sector 6 Dwarka,Delhi,28.59519768,77.06681061,3.0,0.0,0,Semi-Furnished,45000
,2 BHK,500.0,Bindapur,Delhi,28.61527824,77.07889557,,0.0,0,Furnished,18000
Independent Floor ,5 BHK,5896.0,Sunder Nagar,Delhi,28.61843681,76.96178436,4.0,2.0,>100k,Unfurnished,401012
Apartment ,2 BHK,1180.0,Wagholi,Pune,18.58368492,74.00031281,2.0,0.0,0,Furnished,15000
Apartment ,2 BHK,1250.0,Powai,Mumbai,19.12256432,72.89339447,2.0,0.0,0,Semi-Furnished,72000
Independent Floor ,4 BHK,5896.0,Jor bagh,Delhi,28.67728996,77.15930176,4.0,2.0,>100k,Unfurnished,301022
Apartment ,3 BHK,1250.0,Andheri West,Mumbai,19.12127495,72.83872223,3.0,0.0,0,Furnished,135000
Apartment ,2 BHK,950.0,Thane West,Mumbai,19.22167778,72.97745514,2.0,0.0,0,Semi-Furnished,35000
,1 BHK,700.0,Bhandup West,Mumbai,19.15069008,72.93463135,2.0,2.0,<=100k,Unfurnished,19000
,5 BHK,6521.0,Vasant Vihar,Delhi,28.55739021,77.15714264,4.0,2.0,>100k,Unfurnished,301022
Apartment ,3 BHK,4000.0,Juhu,Mumbai,19.11050224,72.82448578,,0.0,0,Semi-Furnished,230000
Independent Floor ,3 BHK,1800.0,Lajpat Nagar,Delhi,28.5669384,77.23937225,3.0,0.0,0,Semi-Furnished,95000
Independent Floor ,4 BHK,2250.0,Paschim Vihar,Delhi,28.66799164,77.09541321,3.0,0.0,0,Semi-Furnished,40000
Apartment ,2 BHK,900.0,Dhayari,Pune,18.45897293,73.78629303,2.0,0.0,,Semi-Furnished,16000
,3 BHK,2005.0,Cuffe Parade,Mumbai,18.91048622,72.82016754,3.0,0.0,0,Furnished,390000
Apartment ,2 BHK,1155.0,Wagholi,Pune,18.58809853,73.99346924,2.0,0.0,0,Semi-Furnished,23000
Apartment ,3 BHK,1953.0,South Extension 2,Delhi,28.5687809,77.23298645,3.0,0.0,0,Unfurnished,110000
,3 BHK,2000.0,Rajouri Garden,Delhi,28.64152908,77.12091064,3.0,0.0,0,Semi-Furnished,40000
Apartment ,2 BHK,900.0,Dhanori,Pune,18.59660149,73.9058609,2.0,2.0,<=100k,Unfurnished,25000
Apartment ,1 BHK,540.0,Ghatkopar East,Mumbai,19.085495,72.91044617,2.0,0.0,0,Unfurnished,30000
Apartment ,2 BHK,1000.0,Powai,Mumbai,19.11759949,72.90907288,2.0,0.0,0,Furnished,68000
Apartment ,2 BHK,987.0,Wagholi,Pune,18.58727837,74.00176239,2.0,2.0,<=100k,Semi-Furnished,15500
Independent Floor ,5 BHK,6521.0,Green Park,Delhi,28.55761909,77.20458984,4.0,3.0,>100k,Unfurnished,408214
Apartment ,2 BHK,980.0,Wagholi,Pune,18.57494926,74.00061035,,2.0,<=100k,Unfurnished,10500
Apartment ,1 BHK,504.0,Hinjewadi,Pune,18.57286263,73.68908691,1.0,0.0,0,Furnished,22000
,2 BHK,1017.0,Wakad,Pune,18.60084724,73.75977325,2.0,0.0,<=100k,Unfurnished,15000
Apartment ,2 BHK,850.0,Bandra West,Mumbai,19.06122017,72.83004761,3.0,0.0,,Semi-Furnished,150000
Apartment ,1 BHK,,Jogeshwari West,Mumbai,19.14617538,72.84598541,2.0,0.0,0,Semi-Furnished,35000
,2 BHK,,Santacruz West,Mumbai,19.08271599,72.83628082,2.0,0.0,0,Furnished,100000
Apartment ,2 BHK,1100.0,Wagholi,Pune,18.59135246,73.97054291,2.0,0.0,0,Semi-Furnished,20000
Apartment ,3 BHK,2200.0,Seawoods,Mumbai,19.00540161,73.01470184,2.0,0.0,0,Unfurnished,115000
Independent Floor ,3 BHK,2856.0,New Friends Colony,Delhi,28.56705093,77.27355957,3.0,2.0,>100k,Unfurnished,301022
Apartment ,2 BHK,987.0,Wagholi,Pune,18.58792686,73.98773193,2.0,2.0,,Semi-Furnished,11000
Apartment ,1 BHK,500.0,Andheri West,Mumbai,19.12579918,72.84484863,1.0,0.0,0,Unfurnished,35000
Apartment ,1 BHK,350.0,Ghansoli,Mumbai,19.12588501,72.99964142,1.0,0.0,0,Unfurnished,10500
Independent Floor ,1 BHK,495.0,Janakpuri,Delhi,28.62897873,77.08043671,,0.0,,Furnished,18000
,3 BHK,2856.0,Sarvpriya Vihar,Delhi,28.54276657,77.20674133,3.0,2.0,>100k,Unfurnished,362162
Apartment ,1 BHK,598.0,Borivali East,Mumbai,19.21974945,72.87100983,2.0,0.0,0,Unfurnished,27500
Apartment ,3 BHK,1100.0,Andheri West,Mumbai,19.13805008,72.82532501,3.0,0.0,0,Unfurnished,100000
Apartment ,2 BHK,1100.0,Borivali West,Mumbai,19.24913406,72.84872437,2.0,0.0,0,Semi-Furnished,42010
Apartment ,2 BHK,900.0,Andheri West,Mumbai,19.13805008,72.82532501,2.0,0.0,0,Furnished,60000
Independent Floor ,3 BHK,2856.0,Saket,Delhi,28.52354813,77.20014191,3.0,2.0,>100k,Unfurnished,301010
Independent House ,4 BHK,5896.0,Geetanjali Enclave,Delhi,28.53087997,77.20243073,4.0,2.0,>100k,Unfurnished,401012
,2 BHK,950.0,Wagholi,Pune,18.58727837,74.00176239,2.0,0.0,0,Semi-Furnished,17000
Apartment ,2 BHK,650.0,Thane West,Mumbai,19.22795486,72.96818542,2.0,0.0,0,Semi-Furnished,32000
Independent Floor ,4 BHK,5896.0,Panchsheel Park,Delhi,28.54154015,77.21611786,4.0,2.0,>100k,Unfurnished,301022
Apartment ,1 BHK,680.0,Santacruz East,Mumbai,19.07924843,72.853508,1.0,0.0,0,Furnished,32000
,1 BHK,,Shil Phata,Mumbai,19.15661049,73.0639801,1.0,0.0,0,Unfurnished,11500
Apartment ,2 BHK,1148.0,Andheri East,Mumbai,19.12240219,72.88565063,2.0,0.0,0,Unfurnished,60000
Studio Apartment ,1 RK,450.0,Dombivali East,Mumbai,19.2113533,73.08587646,1.0,0.0,0,Unfurnished,8000
,3 BHK,1800.0,Anand Niketan,Delhi,28.57871819,77.16468811,3.0,0.0,0,Semi-Furnished,135000
Independent Floor ,1 BHK,700.0,Lajpat Nagar IV,Delhi,28.56399918,77.24519348,1.0,1.0,<=100k,Semi-Furnished,17000
Apartment ,2 BHK,987.0,Wagholi,Pune,18.58070755,73.96819305,2.0,2.0,<=100k,Unfurnished,13000
Independent Floor ,3 BHK,1600.0,Anand Niketan,Delhi,28.57889748,77.1645813,4.0,0.0,0,Semi-Furnished,125000
,1 BHK,650.0,Malad West,Mumbai,19.17672729,72.84113312,1.0,0.0,0,Semi-Furnished,32000
Villa ,4 BHK,5896.0,Safdarjung Enclave,Delhi,28.56125832,77.19052124,4.0,2.0,>100k,Unfurnished,504101
Independent Floor ,5 BHK,6521.0,West End,Delhi,28.57413292,77.16131592,4.0,2.0,>100k,Unfurnished,401012
Villa ,5 BHK,6521.0,Vasant Vihar,Delhi,28.55739021,77.15714264,4.0,2.0,>100k,Unfurnished,546194
,4 BHK,4950.0,Panchsheel Park,Delhi,28.54306221,77.21394348,4.0,0.0,0,Semi-Furnished,200000
Apartment ,2 BHK,800.0,Andheri West,Mumbai,19.14662933,72.82849884,2.0,0.0,0,Furnished,75000
Independent Floor ,1 BHK,550.0,Patel Nagar,Delhi,28.65198898,77.16931152,1.0,0.0,0,Furnished,19500
Apartment ,2 BHK,800.0,Prabhadevi,Mumbai,19.01498032,72.82868195,2.0,0.0,0,Semi-Furnished,80000
Independent House ,4 BHK,5896.0,New Friends Colony,Delhi,28.56705093,77.27355957,4.0,2.0,>100k,Unfurnished,401012
Apartment ,2 BHK,1138.0,Wagholi,Pune,18.5717144,73.97583771,2.0,0.0,<=100k,Semi-Furnished,17000
Independent Floor ,4 BHK,5896.0,Panchsheel Enclave,Delhi,28.54351997,77.22973633,4.0,2.0,>100k,Unfurnished,301010
Apartment ,1 BHK,600.0,Bandra West,Mumbai,19.06117058,72.83162689,2.0,0.0,0,Furnished,55000
Independent Floor ,4 BHK,5896.0,Jor bagh,Delhi,28.67728996,77.15930176,4.0,2.0,>100k,Unfurnished,401122
Independent Floor ,3 BHK,1350.0,Janakpuri,Delhi,28.63110924,77.0867157,3.0,0.0,0,Semi-Furnished,45000
Apartment ,3 BHK,1780.0,Kharghar,Mumbai,19.07082176,73.08248138,3.0,0.0,<=100k,Semi-Furnished,55000
Independent House ,1 BHK,650.0,Baner,Pune,18.55945969,73.79322052,2.0,0.0,0,Unfurnished,15000
Apartment ,2 BHK,986.0,Hinjewadi,Pune,18.57000542,73.72183228,2.0,0.0,<=100k,Unfurnished,20000
Apartment ,3 BHK,1190.0,Mulund West,Mumbai,19.17752266,72.96000671,3.0,0.0,0,Furnished,70000
Apartment ,1 BHK,600.0,Yerawada,Pune,18.55505562,73.90091705,1.0,0.0,0,Furnished,17500
Villa ,5 BHK,6952.0,Vasant Kunj,Delhi,28.52631378,77.14366913,4.0,2.0,>100k,Unfurnished,504105
,2 BHK,1090.0,Vadgaon Budruk,Pune,18.45780182,73.83157349,,2.0,<=100k,Furnished,17500
Apartment ,2 BHK,675.0,Chikhali,Pune,18.68511581,73.83211517,1.0,0.0,<=100k,Semi-Furnished,15000
Apartment ,1 BHK,652.0,Wagholi,Pune,18.5781498,74.00430298,2.0,2.0,<=100k,Unfurnished,10000
,2 BHK,980.0,Kondhwa,Pune,18.42463493,73.89905548,,1.0,<=100k,Unfurnished,10000
Studio Apartment ,1 RK,360.0,Karampura,Delhi,28.66576004,77.15023041,1.0,0.0,,Furnished,22000
Independent Floor ,4 BHK,5896.0,New Friends Colony,Delhi,28.56705093,77.27355957,4.0,2.0,>100k,Unfurnished,301012
Apartment ,2 BHK,1200.0,Thane West,Mumbai,19.2698288,72.96513367,2.0,0.0,0,Furnished,30000
Independent Floor ,4 BHK,,Shanti Niketan,Delhi,28.57792091,77.16937256,4.0,2.0,>100k,Unfurnished,324461
Apartment ,2 BHK,900.0,Undri,Pune,18.4464283,73.91749573,2.0,0.0,0,Semi-Furnished,10000
,3 BHK,1500.0,Sheikh Sarai,Delhi,28.53747177,77.21471405,,0.0,0,Furnished,75000
,2 BHK,1050.0,Kanjurmarg,Mumbai,19.13622665,72.93026733,2.0,0.0,0,Semi-Furnished,50000
Apartment ,3 BHK,,Wagholi,Pune,18.58410645,74.00319672,3.0,2.0,<=100k,Unfurnished,15000
Apartment ,2 BHK,607.0,Wagholi,Pune,18.57494926,74.00061035,2.0,2.0,<=100k,Unfurnished,15000
Independent Floor ,2 BHK,750.0,Sector 19 Dwarka,Delhi,28.57611275,77.04671478,2.0,0.0,0,Furnished,32000
Apartment ,2 BHK,,Wadgaon Sheri,Pune,18.54854393,73.92847443,2.0,0.0,0,Semi-Furnished,24000
Apartment ,2 BHK,850.0,Hadapsar,Pune,18.48459816,73.93573761,2.0,0.0,0,Unfurnished,15000
Apartment ,3 BHK,1700.0,Sector-18 Dwarka,Delhi,28.58725357,77.03544617,3.0,0.0,0,Semi-Furnished,35000
Apartment ,2 BHK,,Karve Nagar,Pune,18.48571777,73.81295776,,0.0,0,Semi-Furnished,19000
Independent Floor ,3 BHK,2500.0,Defence Colony,Delhi,28.57263374,77.23251343,3.0,0.0,0,Semi-Furnished,160000
Apartment ,2 BHK,852.0,Wagholi,Pune,18.59157944,74.00972748,2.0,0.0,<=100k,Unfurnished,13000
Independent Floor ,3 BHK,1300.0,Rajinder Nagar,Delhi,28.63256264,77.17694855,3.0,0.0,0,Furnished,85000
Independent Floor ,3 BHK,1600.0,Greater kailash 1,Delhi,28.5484314,77.24311829,,0.0,0,Semi-Furnished,200000
Apartment ,3 BHK,1450.0,Bavdhan,Pune,18.52169418,73.7624588,3.0,0.0,0,Unfurnished,24000
Apartment ,1 BHK,570.0,Thane West,Mumbai,19.20657158,72.96121979,1.0,0.0,<=100k,Semi-Furnished,23000
,1 BHK,550.0,Bhairav Nagar,Pune,18.58359337,73.88674164,1.0,1.0,,Unfurnished,9000
Independent Floor ,4 BHK,4500.0,Greater Kailash II,Delhi,28.5411396,77.23999023,4.0,0.0,0,Semi-Furnished,275000
Apartment ,2 BHK,987.0,Wagholi,Pune,18.5841217,74.02622223,2.0,2.0,,Semi-Furnished,19000
Apartment ,4 BHK,2542.0,Kharadi,Pune,18.55534172,73.94202423,3.0,0.0,0,Furnished,54000
Apartment ,3 BHK,1461.0,Goregaon East,Mumbai,19.14554596,72.85346985,,0.0,>100k,Semi-Furnished,90000
Independent Floor ,3 BHK,3000.0,Defence Colony,Delhi,28.57370186,77.2334137,3.0,0.0,0,Semi-Furnished,155000
Independent Floor ,1 BHK,467.0,Patel Nagar,Delhi,28.64595604,77.16685486,1.0,2.0,<=100k,Semi-Furnished,12000
Apartment ,1 BHK,680.0,Ghansoli,Mumbai,19.12399673,72.9980545,2.0,3.0,<=100k,Furnished,26000
,2 BHK,1050.0,Powai,Mumbai,19.12494469,72.91692352,2.0,0.0,0,Unfurnished,65000
Apartment ,2 BHK,1125.0,Goregaon West,Mumbai,19.14964294,72.84712982,2.0,0.0,,Semi-Furnished,72000
Apartment ,1 BHK,650.0,Andheri East,Mumbai,19.00169182,72.818573,1.0,0.0,0,Furnished,80000
Independent House ,5 BHK,6521.0,Defence Colony,Delhi,28.57183075,77.23332977,4.0,2.0,>100k,Unfurnished,546461
Independent Floor ,3 BHK,,laxmi nagar,Delhi,28.63550949,77.26966095,2.0,0.0,0,Furnished,20000
Apartment ,6 BHK,4370.0,Lower Parel,Mumbai,18.99221039,72.83139038,3.0,0.0,0,Semi-Furnished,800000
Apartment ,1 BHK,340.0,Kandivali West,Mumbai,19.20246506,72.82470703,1.0,0.0,<=100k,Unfurnished,12000
,2 BHK,850.0,Santacruz East,Mumbai,19.07556152,72.85774994,,0.0,0,Furnished,58000
Independent Floor ,1 BHK,520.0,Govindpuri,Delhi,28.53511238,77.26423645,1.0,0.0,,Semi-Furnished,8500
Apartment ,1 BHK,550.0,Powai,Mumbai,19.11657715,72.91240692,2.0,0.0,0,Furnished,70000
Apartment ,1 BHK,650.0,Wakad,Pune,18.6112957,73.74077606,,1.0,<=100k,Semi-Furnished,17000
Apartment ,1 BHK,550.0,Koper Khairane,Mumbai,19.10100174,73.00590515,1.0,0.0,0,Unfurnished,13000
,3 BHK,1600.0,Sector 7 Dwarka,Delhi,28.58750153,77.06712341,,0.0,0,Semi-Furnished,34000
Apartment ,3 BHK,1430.0,Kharghar,Mumbai,19.03473663,73.05744171,3.0,0.0,0,Furnished,44000
Apartment ,2 BHK,1150.0,Andheri West,Mumbai,19.12373734,72.82178497,2.0,0.0,0,Unfurnished,65000
,1 BHK,550.0,Mulund East,Mumbai,19.15246582,72.96372223,2.0,0.0,0,Unfurnished,30000
,3 BHK,2852.0,Shanti Niketan,Delhi,28.57792091,77.16937256,3.0,2.0,>100k,Unfurnished,301012
Villa ,4 BHK,5896.0,Greater kailash 1,Delhi,28.55175018,77.23332977,4.0,2.0,>100k,Unfurnished,504101
Apartment ,2 BHK,980.0,Goregaon East,Mumbai,19.1313343,72.87602997,2.0,0.0,0,Furnished,74000
Studio Apartment ,1 RK,200.0,Wakad,Pune,18.59894371,73.76527405,,0.0,,Furnished,6500
Independent Floor ,4 BHK,5896.0,Panchsheel Park,Delhi,28.54154015,77.21611786,4.0,2.0,>100k,Unfurnished,401105
Apartment ,4 BHK,5896.0,Amrita Shergill Marg,Delhi,28.5969677,77.22038269,4.0,2.0,>100k,Unfurnished,1549111
Apartment ,2 BHK,1200.0,Wagholi,Pune,18.58410645,74.00319672,1.0,0.0,0,Unfurnished,13000
Independent Floor ,4 BHK,2080.0,Paschim Vihar,Delhi,28.66799164,77.09541321,3.0,0.0,0,Semi-Furnished,55000
Apartment ,2 BHK,1008.0,Mulund West,Mumbai,19.15857124,72.94791412,2.0,0.0,0,Semi-Furnished,38000
Apartment ,5 BHK,3400.0,Cuffe Parade,Mumbai,18.91502953,72.82029724,5.0,0.0,,Semi-Furnished,650000
Apartment ,2 BHK,830.0,Thane West,Mumbai,19.22233772,72.9827652,2.0,0.0,0,Semi-Furnished,25000
Apartment ,2 BHK,1138.0,Wagholi,Pune,18.5717144,73.97583771,2.0,0.0,<=100k,Unfurnished,13000
,1 BHK,475.0,Thane West,Mumbai,19.20962715,72.98136139,1.0,0.0,0,Semi-Furnished,21000
Apartment ,3 BHK,1367.0,Hadapsar,Pune,18.51945686,73.91488647,3.0,0.0,0,Unfurnished,25000
Apartment ,2 BHK,1016.0,Dhanori,Pune,18.58807373,73.89533997,2.0,1.0,<=100k,Unfurnished,20000
Apartment ,1 BHK,664.0,Kalyan West,Mumbai,19.26094437,73.13653564,1.0,0.0,<=100k,Semi-Furnished,10000
Apartment ,2 BHK,674.0,Wagholi,Pune,18.5781498,74.00430298,2.0,2.0,<=100k,Semi-Furnished,15000
Apartment ,2 BHK,1125.0,Dhanori,Pune,18.59346771,73.89509583,3.0,2.0,<=100k,Unfurnished,20000
Apartment ,3 BHK,1300.0,Malad West,Mumbai,19.18694305,72.83223724,3.0,0.0,0,Semi-Furnished,80000
Apartment ,1 BHK,550.0,Girgaon,Mumbai,18.95201683,72.8363266,1.0,0.0,0,Semi-Furnished,55000
Apartment ,2 BHK,1200.0,Sector6 Kopar Khairane,Mumbai,19.10331154,73.00547791,2.0,4.0,>100k,Furnished,40000
Apartment ,2 BHK,,Kharadi,Pune,18.5473175,73.93548584,2.0,0.0,<=100k,Semi-Furnished,25000
Apartment ,2 BHK,950.0,Kalyan West,Mumbai,19.25814056,73.13052368,2.0,0.0,,Semi-Furnished,18000
Independent Floor ,4 BHK,2250.0,Safdarjung Enclave,Delhi,28.56470108,77.19415283,4.0,0.0,0,Semi-Furnished,130000
Apartment ,2 BHK,900.0,Andheri East,Mumbai,19.12830925,72.8639679,,0.0,0,Semi-Furnished,45000
,1 BHK,640.0,Kalyan West,Mumbai,19.25352097,73.13677979,1.0,1.0,,Unfurnished,7000
Independent Floor ,3 BHK,2856.0,Saket,Delhi,28.52354813,77.20014191,3.0,2.0,>100k,Unfurnished,301012
Apartment ,1 BHK,650.0,Dombivali,Mumbai,19.20880127,73.09664917,2.0,0.0,0,Semi-Furnished,15000
,1 BHK,572.0,Dhayari,Pune,18.45824623,73.79203033,2.0,1.0,<=100k,Semi-Furnished,10500
Apartment ,4 BHK,3200.0,Bandra West,Mumbai,19.05635643,72.8288269,,0.0,,Semi-Furnished,375000
,3 BHK,1800.0,Juhu,Mumbai,19.1110096,72.83457184,3.0,0.0,0,Unfurnished,150000
Apartment ,3 BHK,1690.0,Andheri East,Mumbai,19.1108036,72.87134552,3.0,0.0,0,Semi-Furnished,142300
,1 BHK,550.0,Mulund East,Mumbai,19.15246582,72.96372223,2.0,0.0,0,Semi-Furnished,24000
Apartment ,3 BHK,1500.0,Bandra West,Mumbai,19.06009293,72.83030701,3.0,0.0,>100k,Furnished,200000
Apartment ,2 BHK,1200.0,Santacruz East,Mumbai,19.08460617,72.8438797,2.0,3.0,>100k,Semi-Furnished,55000
Independent House ,5 BHK,6521.0,Hauz Khas,Delhi,28.55542183,77.20988464,4.0,2.0,>100k,Unfurnished,504101
Independent Floor ,4 BHK,5896.0,Anand Niketan,Delhi,28.57893944,77.16504669,4.0,2.0,>100k,Unfurnished,440105
Apartment ,2 BHK,1105.0,Andheri East,Mumbai,19.12821579,72.86928558,2.0,0.0,0,Furnished,70000
,4 BHK,5896.0,Greater Kailash II,Delhi,28.53174019,77.24913788,4.0,2.0,>100k,Unfurnished,401102
Independent House ,5 BHK,5000.0,Wadgaon Sheri,Pune,18.5601635,73.92492676,5.0,0.0,0,Unfurnished,110000
,2 BHK,650.0,Thane West,Mumbai,19.20904922,72.95788574,2.0,0.0,0,Semi-Furnished,32000
Independent Floor ,3 BHK,,Defence Colony,Delhi,28.57364845,77.23335266,3.0,0.0,0,Semi-Furnished,140000
Apartment ,1 BHK,610.0,Baner,Pune,18.56068611,73.77831268,1.0,1.0,<=100k,Unfurnished,15000
Independent Floor ,4 BHK,2700.0,Defence Colony,Delhi,28.57263374,77.23251343,4.0,0.0,,Semi-Furnished,190000
Apartment ,3 BHK,1650.0,Wagholi,Pune,18.5932312,73.96865082,3.0,2.0,<=100k,Unfurnished,18500
Apartment ,3 BHK,1196.0,Dhanori,Pune,18.60192871,73.90148163,3.0,0.0,0,Semi-Furnished,24000
Independent Floor ,3 BHK,2741.0,Panchsheel Enclave,Delhi,28.54351997,77.22973633,3.0,2.0,>100k,Unfurnished,235214
Apartment ,1 BHK,550.0,MATUNGA WEST,Mumbai,19.02820587,72.84375763,2.0,0.0,0,Unfurnished,40000
Apartment ,3 BHK,1800.0,Sector 19 Dwarka,Delhi,28.57264328,77.04571533,2.0,0.0,0,Semi-Furnished,28000
Apartment ,1 BHK,690.0,Dhanori,Pune,18.59778595,73.90550995,1.0,1.0,<=100k,Semi-Furnished,15000
Apartment ,2 BHK,800.0,Wadala,Mumbai,19.02706718,72.8793869,2.0,0.0,0,Semi-Furnished,62000
Apartment ,1 BHK,800.0,Bandra West,Mumbai,19.05635643,72.8288269,2.0,0.0,0,Furnished,75000
Apartment ,1 BHK,,Hadapsar,Pune,18.50863457,73.92761993,1.0,0.0,0,Furnished,27000
Studio Apartment ,1 RK,365.0,Karampura,Delhi,28.66576004,77.15023041,1.0,0.0,0,Furnished,24000
Independent Floor ,2 BHK,1500.0,Sarvodaya Enclave,Delhi,28.53616524,77.19776154,2.0,0.0,0,Semi-Furnished,60000
Independent Floor ,1 BHK,600.0,Govindpuri Extension,Delhi,28.53482056,77.25739288,1.0,0.0,0,Furnished,23000
Apartment ,1 BHK,680.0,Tingre Nagar,Pune,18.57556343,73.8839035,1.0,1.0,<=100k,Unfurnished,14000
Apartment ,1 BHK,700.0,Worli,Mumbai,19.00169182,72.818573,2.0,0.0,0,Furnished,80000
Studio Apartment ,1 RK,150.0,Chandan Nagar,Pune,18.56254387,73.93169403,1.0,0.0,0,Semi-Furnished,5500
Apartment ,3 BHK,1350.0,Powai,Mumbai,19.12283516,72.91300201,2.0,0.0,0,Unfurnished,75000
Independent Floor ,4 BHK,5896.0,Gulmohar park,Delhi,28.55765915,77.21248627,4.0,2.0,>100k,Unfurnished,301012
Apartment ,2 BHK,1250.0,Chembur,Mumbai,19.0642128,72.89389801,2.0,0.0,0,Unfurnished,68000
Apartment ,1 BHK,315.0,Thane West,Mumbai,19.21181679,72.98913574,2.0,0.0,0,Unfurnished,20000
Apartment ,2 BHK,1200.0,Juhu Tara Rd,Mumbai,19.09826851,72.82744598,2.0,0.0,>100k,Furnished,150000
Apartment ,3 BHK,1350.0,Parel,Mumbai,19.00310326,72.85025024,1.0,0.0,0,Semi-Furnished,140000
Apartment ,3 BHK,1500.0,Aundh,Pune,18.56040573,73.80667114,3.0,2.0,<=100k,Unfurnished,32000
,2 BHK,900.0,Inderpuri,Delhi,28.63199997,77.14509583,2.0,0.0,0,Semi-Furnished,18000
Independent Floor ,3 BHK,,Paschim Vihar,Delhi,28.66983223,77.0897522,2.0,0.0,0,Semi-Furnished,35000
Apartment ,2 BHK,1000.0,Thane West,Mumbai,19.27389145,72.96154022,2.0,0.0,0,Semi-Furnished,20000
Apartment ,3 BHK,2877.0,Defence Colony,Delhi,28.57709885,77.23474884,4.0,2.0,>100k,Furnished,290000
Apartment ,3 BHK,1800.0,Sector 22 Dwarka,Delhi,28.55782318,77.05976868,3.0,0.0,0,Semi-Furnished,30000
Apartment ,2 BHK,1000.0,Kharghar,Mumbai,19.04759026,73.0774765,2.0,0.0,0,Semi-Furnished,30000
Independent Floor ,6 BHK,7200.0,Sheikh Sarai,Delhi,28.54150009,77.21615601,6.0,0.0,0,Semi-Furnished,400000
,3 BHK,2856.0,Sarvpriya Vihar,Delhi,28.54276657,77.20674133,3.0,2.0,>100k,Unfurnished,301012
Apartment ,2 BHK,850.0,Goregaon West,Mumbai,19.16032028,72.83880615,2.0,0.0,0,Unfurnished,55000
Independent Floor ,3 BHK,1650.0,Saraswati Vihar,Delhi,28.69639015,77.12693787,3.0,1.0,>100k,Semi-Furnished,55000
Apartment ,1 BHK,508.0,Thane West,Mumbai,19.22191429,72.96641541,1.0,0.0,0,Furnished,23000
Apartment ,1 BHK,665.0,Vasai,Mumbai,19.40688133,72.84757233,1.0,0.0,,Semi-Furnished,9000
Apartment ,2 BHK,980.0,Wagholi,Pune,18.58400536,73.99136353,2.0,2.0,<=100k,Semi-Furnished,13000
,2 BHK,,Kharghar,Mumbai,19.07082176,73.08248138,,0.0,<=100k,Semi-Furnished,33000
,2 BHK,1000.0,Jangpura Extension,Delhi,28.58126068,77.24195099,2.0,2.0,<=100k,Unfurnished,30000
,3 BHK,3500.0,Lower Parel,Mumbai,19.00762367,72.83289337,4.0,0.0,0,Semi-Furnished,400000
Studio Apartment ,1 RK,271.0,Powai,Mumbai,19.11031914,72.89595795,1.0,0.0,0,Unfurnished,18000
Apartment ,4 BHK,2400.0,Sector 19 Dwarka,Delhi,28.5725193,77.04472351,4.0,0.0,0,Semi-Furnished,54500
Apartment ,2 BHK,1200.0,Powai,Mumbai,19.11899948,72.91719055,2.0,0.0,0,Furnished,85000
Independent Floor ,3 BHK,2856.0,Vasant Vihar,Delhi,28.55739021,77.15714264,3.0,2.0,>100k,Unfurnished,312828
Apartment ,1 BHK,560.0,Kothrud,Pune,18.50429916,73.80525208,1.0,0.0,<=100k,Unfurnished,13000
Apartment ,3 BHK,2145.0,Undri,Pune,18.46089745,73.9109726,,0.0,<=100k,Semi-Furnished,30000
Independent Floor ,3 BHK,2856.0,Green Park,Delhi,28.55761909,77.20458984,3.0,2.0,,Unfurnished,301012
Independent Floor ,4 BHK,5896.0,Maharani Bagh,Delhi,28.57262039,77.26422119,4.0,2.0,>100k,Unfurnished,301012
Villa ,5 BHK,5896.0,Chattarpur,Delhi,28.49946976,77.19647217,4.0,2.0,>100k,Unfurnished,401012
Apartment ,2 BHK,1335.0,Hadapsar,Pune,18.51300621,73.94721985,2.0,2.0,<=100k,Semi-Furnished,25000
Apartment ,2 BHK,1100.0,Mira Road East,Mumbai,19.26945305,72.88064575,2.0,0.0,0,Semi-Furnished,22000
Apartment ,1 BHK,645.0,Palghar,Mumbai,19.69177055,72.77097321,1.0,0.0,0,Semi-Furnished,5500
Independent Floor ,4 BHK,5896.0,Shanti Niketan,Delhi,28.57792091,77.16937256,4.0,2.0,,Unfurnished,401012
,2 BHK,,Santacruz East,Mumbai,19.07627678,72.86540222,2.0,0.0,0,Semi-Furnished,35000
Apartment ,2 BHK,1050.0,Kanjurmarg,Mumbai,19.1315136,72.92739868,2.0,0.0,0,Unfurnished,35000
Villa ,5 BHK,6251.0,Tuglak Road,Delhi,28.59545326,77.21033478,4.0,2.0,>100k,Unfurnished,1219192
Apartment ,1 BHK,667.0,Kalyan West,Mumbai,19.26071167,73.14162445,2.0,1.0,<=100k,Unfurnished,10500
Apartment ,1 BHK,550.0,Sector 11 Dwarka,Delhi,28.59047318,77.048172,1.0,1.0,<=100k,Furnished,10000
Independent Floor ,2 BHK,756.0,Paschim Vihar,Delhi,28.67425346,77.10559845,2.0,0.0,0,Semi-Furnished,24000
Apartment ,2 BHK,1060.0,Viman Nagar,Pune,18.56258011,73.91376495,2.0,0.0,<=100k,Unfurnished,33000
Apartment ,2 BHK,1219.0,Ghansoli,Mumbai,19.12399673,72.9980545,2.0,3.0,<=100k,Unfurnished,30000
Apartment ,3 BHK,1460.0,Kalyan West,Mumbai,19.25786209,73.13034058,2.0,0.0,0,Semi-Furnished,35000
Independent Floor ,1 BHK,600.0,Subhash Nagar,Delhi,28.63766098,77.11206818,1.0,0.0,0,Furnished,18600
Apartment ,2 BHK,1385.0,Hadapsar,Pune,18.50893974,73.92602539,2.0,2.0,<=100k,Semi-Furnished,23000
,1 RK,344.0,Goregaon East,Mumbai,19.15562439,72.88517761,,0.0,0,Semi-Furnished,12000
Apartment ,2 BHK,1100.0,Paschim Vihar,Delhi,28.67752457,77.08154297,2.0,0.0,0,Semi-Furnished,25000
Apartment ,1 BHK,,Dombivali East,Mumbai,19.20559311,73.1026535,,0.0,0,Unfurnished,7500
Independent Floor ,3 BHK,2846.0,Panchsheel Enclave,Delhi,28.54351997,77.22973633,3.0,2.0,>100k,Unfurnished,235592
,3 BHK,,Andheri East,Mumbai,19.11686325,72.86997986,3.0,0.0,0,Semi-Furnished,65000
Independent Floor ,3 BHK,2741.0,Gulmohar park,Delhi,28.55765915,77.21248627,3.0,2.0,>100k,Unfurnished,301222
Independent Floor ,3 BHK,2700.0,Greater kailash 1,Delhi,28.55195999,77.23581696,3.0,0.0,0,Semi-Furnished,125000
Apartment ,1 BHK,610.0,Dombivali,Mumbai,19.21240044,73.07834625,1.0,0.0,0,Semi-Furnished,12000
Independent Floor ,2 BHK,450.0,Uttam Nagar,Delhi,28.62229538,77.05712128,1.0,0.0,0,Semi-Furnished,11000
Apartment ,1 BHK,500.0,Ghansoli Gaon,Mumbai,19.12616158,72.99758911,2.0,1.0,<=100k,Unfurnished,10000
Apartment ,2 BHK,1000.0,Janakpuri,Delhi,28.62412453,77.08145905,2.0,2.0,<=100k,Semi-Furnished,20000
Apartment ,2 BHK,1200.0,Sector 19 Dwarka,Delhi,28.5739727,77.04145813,,0.0,0,Semi-Furnished,32000
Apartment ,3 BHK,1355.0,Chembur,Mumbai,19.06351471,72.89162445,3.0,0.0,0,Semi-Furnished,84000
Independent Floor ,3 BHK,2852.0,Anand Niketan,Delhi,28.57893944,77.16504669,3.0,2.0,>100k,Unfurnished,308212
Independent Floor ,2 BHK,750.0,Dwarka Mor,Delhi,28.62621689,77.03955078,2.0,0.0,0,Furnished,16000
Apartment ,1 BHK,650.0,Karanjade,Mumbai,18.97214127,73.11000824,1.0,0.0,,Unfurnished,7000
Apartment ,1 BHK,568.0,Chinchwad,Pune,18.63496017,73.7894516,1.0,0.0,0,Semi-Furnished,13000
Apartment ,2 BHK,1000.0,NIBM Annex Mohammadwadi,Pune,18.46693993,73.91191101,2.0,1.0,<=100k,Unfurnished,20000
Apartment ,1 BHK,687.0,Ghansoli,Mumbai,19.12399673,72.9980545,2.0,2.0,<=100k,Semi-Furnished,34500
Apartment ,4 BHK,4500.0,Hauz Khas,Delhi,28.55620575,77.21265411,4.0,3.0,>100k,Semi-Furnished,180000
Independent Floor ,4 BHK,5896.0,Geetanjali Enclave,Delhi,28.53087997,77.20243073,4.0,2.0,>100k,Unfurnished,301022
Apartment ,2 BHK,951.0,Wagholi,Pune,18.59023857,73.99723816,2.0,2.0,<=100k,Unfurnished,13000
Independent Floor ,3 BHK,1900.0,Greater kailash 1,Delhi,28.55195999,77.23581696,3.0,0.0,0,Semi-Furnished,80000
,1 BHK,600.0,Amritpuri,Delhi,28.55912971,77.2505722,,1.0,<=100k,Unfurnished,11000
Independent Floor ,2 BHK,600.0,Dwarka Mor,Delhi,28.6241684,77.0315094,2.0,0.0,0,Semi-Furnished,12500
Apartment ,2 BHK,868.0,Vadgaon Budruk,Pune,18.45633507,73.83314514,2.0,0.0,,Semi-Furnished,15000
Apartment ,3 BHK,1700.0,Sector 22 Dwarka,Delhi,28.56202507,77.05808258,3.0,0.0,0,Semi-Furnished,45000
Apartment ,1 BHK,710.0,Kalamboli,Mumbai,19.04022598,73.09493256,2.0,0.0,0,Unfurnished,12000
Apartment ,2 BHK,987.0,Wagholi,Pune,18.58697319,74.00184631,2.0,2.0,<=100k,Unfurnished,10000
Apartment ,1 BHK,650.0,Andheri West,Mumbai,19.14883804,72.82988739,1.0,0.0,>100k,Unfurnished,60000
Independent Floor ,3 BHK,2856.0,Hauz Khas,Delhi,28.55542183,77.20988464,3.0,2.0,>100k,Unfurnished,301022
Apartment ,2 BHK,800.0,Bandra East,Mumbai,19.0618,72.85441589,2.0,0.0,0,Furnished,65000
Apartment ,2 BHK,1050.0,Vishrantwadi,Pune,18.57160378,73.87667847,,0.0,<=100k,Unfurnished,23000
Apartment ,1 BHK,600.0,Nigdi,Pune,18.6574707,73.76837921,1.0,1.0,,Unfurnished,11000
Apartment ,2 BHK,950.0,Dombivali East,Mumbai,19.20571518,73.09552765,2.0,2.0,<=100k,Semi-Furnished,12000
Villa ,4 BHK,5896.0,Prithviraj Road,Delhi,28.6001606,77.22097778,4.0,2.0,>100k,Unfurnished,1256461
Apartment ,3 BHK,1701.0,Mahalaxmi,Mumbai,18.98710442,72.8290863,3.0,0.0,>100k,Semi-Furnished,175000
Studio Apartment ,1 RK,200.0,Wakad,Pune,18.59894371,73.76527405,,0.0,0,Furnished,6500
Apartment ,3 BHK,1230.0,Kanjurmarg,Mumbai,19.12961578,72.93227386,3.0,0.0,>100k,Unfurnished,55000
Apartment ,1 BHK,658.0,Ghansoli,Mumbai,19.12399673,72.9980545,2.0,2.0,<=100k,Unfurnished,21000
Apartment ,2 BHK,698.0,Wagholi,Pune,18.57951927,73.9798584,2.0,2.0,<=100k,Unfurnished,14500
Apartment ,4 BHK,5896.0,West End,Delhi,28.57413292,77.16131592,4.0,2.0,>100k,Unfurnished,530110
Independent Floor ,3 BHK,1500.0,Sector 11 Rohini,Delhi,28.73314095,77.10913849,3.0,0.0,0,Semi-Furnished,41000
Apartment ,2 BHK,1000.0,Nerul,Mumbai,19.02576828,73.01863098,2.0,0.0,0,Furnished,30000
Independent Floor ,3 BHK,2856.0,Vasant Vihar,Delhi,28.55739021,77.15714264,3.0,2.0,>100k,Unfurnished,301012
Studio Apartment ,1 RK,350.0,Andheri East,Mumbai,19.11377907,72.87884521,1.0,0.0,0,Furnished,30000
Apartment ,2 BHK,923.0,Wagholi,Pune,18.57697678,73.98103333,2.0,2.0,,Unfurnished,12000
Apartment ,2 BHK,1140.0,Kharadi,Pune,18.5473175,73.93548584,2.0,2.0,<=100k,Semi-Furnished,26000
Independent House ,4 BHK,5896.0,Tilak Marg,Delhi,28.6206398,77.23696136,4.0,2.0,>100k,Unfurnished,1010102
Apartment ,4 BHK,2500.0,Saket,Delhi,28.51765633,77.20433044,4.0,3.0,>100k,Furnished,130000
,2 BHK,800.0,Janakpuri,Delhi,28.62412453,77.08145905,2.0,2.0,<=100k,Semi-Furnished,28000
Apartment ,2 BHK,1025.0,Koper Khairane,Mumbai,19.10916328,73.00343323,,0.0,0,Semi-Furnished,29000
Apartment ,1 BHK,650.0,Chembur,Mumbai,19.0604744,72.89344025,1.0,0.0,0,Unfurnished,40000
Apartment ,2 BHK,,Dombivali,Mumbai,19.17090607,73.11322021,2.0,1.0,<=100k,Semi-Furnished,10000
Independent Floor ,3 BHK,1350.0,Paschim Vihar,Delhi,28.6690979,77.10926819,3.0,0.0,0,Furnished,40000
Apartment ,2 BHK,1060.0,Mulund West,Mumbai,19.15857124,72.94791412,2.0,0.0,0,Semi-Furnished,39000
Apartment ,2 BHK,1100.0,Kharghar,Mumbai,19.04759026,73.0774765,2.0,0.0,0,Furnished,40000
Independent Floor ,3 BHK,3010.0,Golf Links,Delhi,28.59763908,77.23332977,3.0,2.0,>100k,Unfurnished,401011
Apartment ,1 BHK,357.0,Andheri West,Mumbai,19.15035629,72.83569336,1.0,0.0,<=100k,Furnished,35000
Apartment ,2 BHK,,Hinjewadi,Pune,18.59099579,73.74343872,2.0,1.0,<=100k,Semi-Furnished,25000
,2 BHK,1300.0,Ghansoli,Mumbai,19.12399673,72.9980545,2.0,2.0,<=100k,Unfurnished,22000
Apartment ,2 BHK,1000.0,Kharghar,Mumbai,19.0487709,73.07372284,,2.0,<=100k,Unfurnished,22000
Apartment ,1 BHK,684.0,Ghansoli,Mumbai,19.12528038,72.9990387,2.0,3.0,<=100k,Semi-Furnished,34500
Apartment ,1 BHK,685.0,Ulwe,Mumbai,18.97663498,73.03266907,1.0,0.0,0,Unfurnished,9000
Apartment ,2 BHK,1200.0,Sector 19 Dwarka,Delhi,28.58540726,77.04299927,2.0,0.0,0,Semi-Furnished,25000
Apartment ,1 BHK,600.0,Kharghar,Mumbai,19.06076813,73.08040619,1.0,0.0,0,Unfurnished,10000
Apartment ,2 BHK,600.0,Deccan Gymkhana,Pune,18.51568413,73.83542633,2.0,0.0,0,Semi-Furnished,6000
Apartment ,3 BHK,1526.0,Wakad,Pune,18.59397507,73.75163269,3.0,3.0,<=100k,Furnished,30000
Independent Floor ,1 BHK,600.0,Subhash Nagar,Delhi,28.63766098,77.11206818,1.0,0.0,0,Furnished,18800
Apartment ,3 BHK,1250.0,Andheri West,Mumbai,19.14061737,72.81022644,3.0,0.0,0,Semi-Furnished,72000
Apartment ,3 BHK,1470.0,Powai,Mumbai,19.11580086,72.91095734,3.0,0.0,0,Semi-Furnished,90000
Apartment ,2 BHK,1100.0,Hinjewadi,Pune,18.57535172,73.67964935,2.0,0.0,0,Furnished,23000
Apartment ,3 BHK,2175.0,Parel,Mumbai,18.99790382,72.84116364,3.0,0.0,,Semi-Furnished,230000
,2 BHK,1200.0,Wagholi,Pune,18.57436371,73.99543762,2.0,0.0,0,Semi-Furnished,24000
Apartment ,1 BHK,700.0,Viman Nagar,Pune,18.56818581,73.91455841,1.0,0.0,0,Semi-Furnished,16000
Apartment ,1 BHK,720.0,Lohegaon,Pune,18.60182762,73.9128952,1.0,0.0,0,Unfurnished,12000
Independent Floor ,4 BHK,5896.0,Green Park,Delhi,28.55761909,77.20458984,4.0,2.0,>100k,Unfurnished,311441
Apartment ,2 BHK,750.0,Andheri West,Mumbai,19.14388466,72.82450867,2.0,0.0,0,Furnished,100000
Apartment ,2 BHK,1000.0,Sopan Baug,Pune,18.52282715,73.90229034,2.0,0.0,0,Unfurnished,26000
Independent Floor ,4 BHK,5896.0,Geetanjali Enclave,Delhi,28.53087997,77.20243073,4.0,3.0,>100k,Unfurnished,235592
Apartment ,3 BHK,1750.0,Kandivali East,Mumbai,19.19815254,72.87229919,3.0,0.0,0,Semi-Furnished,80000
Independent Floor ,2 BHK,1500.0,Safdarjung Development Area,Delhi,28.55068588,77.20052338,2.0,0.0,0,Furnished,60000
Apartment ,2 BHK,850.0,Wakad,Pune,18.61255836,73.76641083,2.0,0.0,<=100k,Unfurnished,24000
Villa ,4 BHK,5896.0,Anand Niketan,Delhi,28.57893944,77.16504669,4.0,2.0,>100k,Unfurnished,401104
Apartment ,4 BHK,,Bhandup West,Mumbai,19.15110016,72.94132233,4.0,0.0,0,Furnished,70000
Apartment ,2 BHK,1120.0,Ulwe,Mumbai,18.96637726,73.01280212,2.0,0.0,0,Unfurnished,12500
,1 BHK,700.0,Aundh,Pune,18.55456924,73.81224823,1.0,3.0,<=100k,Unfurnished,15000
Apartment ,2 BHK,1200.0,Chembur,Mumbai,19.06293297,72.89239502,2.0,0.0,0,Furnished,70000
Apartment ,1 BHK,660.0,Virar,Mumbai,19.4709034,72.8026123,2.0,0.0,0,Unfurnished,6500
,4 BHK,5852.0,Uday Park,Delhi,28.56010056,77.2193222,,2.0,>100k,Unfurnished,410101
Apartment ,3 BHK,2200.0,Sector 12 Dwarka,Delhi,28.59317017,77.0355072,3.0,0.0,0,Furnished,64000
Independent House ,1 BHK,650.0,Baner,Pune,18.55945969,73.79322052,2.0,0.0,0,Unfurnished,15000
Independent Floor ,4 BHK,5569.0,Friends Colony,Delhi,28.56834984,77.27211761,4.0,2.0,>100k,Unfurnished,504044
Apartment ,2 BHK,1080.0,Wadgaon Sheri,Pune,18.54041862,73.92922211,2.0,0.0,0,Semi-Furnished,23500
Apartment ,1 BHK,650.0,Dhayari,Pune,18.44596863,73.80133057,1.0,0.0,0,Semi-Furnished,10500
Apartment ,2 BHK,1050.0,Wanowrie,Pune,18.48160553,73.89597321,2.0,0.0,0,Semi-Furnished,23000
Apartment ,1 BHK,750.0,Tingre Nagar,Pune,18.57992744,73.88175201,1.0,1.0,<=100k,Unfurnished,12000
,1 BHK,,Bandra West,Mumbai,19.06830025,72.82364655,1.0,0.0,,Furnished,65000
Independent Floor ,4 BHK,6251.0,Vasant Vihar,Delhi,28.55739021,77.15714264,4.0,2.0,>100k,Unfurnished,301011
Villa ,5 BHK,6521.0,Friends Colony,Delhi,28.56834984,77.27211761,4.0,2.0,>100k,Unfurnished,301012
Apartment ,2 BHK,900.0,Paschim Vihar,Delhi,28.67633247,77.09649658,,0.0,0,Semi-Furnished,18000
Apartment ,2 BHK,890.0,Andheri West,Mumbai,19.1376152,72.82183075,2.0,0.0,0,Furnished,62000
Apartment ,1 BHK,550.0,Ghansoli,Mumbai,19.12399673,72.9980545,1.0,1.0,<=100k,Unfurnished,12000
Apartment ,2 BHK,890.0,Virar East,Mumbai,19.46089935,72.81815338,2.0,0.0,0,Semi-Furnished,13000
Apartment ,3 BHK,1200.0,Kondhwa,Pune,18.47828865,73.89661407,2.0,1.0,<=100k,Semi-Furnished,35000
Apartment ,3 BHK,1308.0,Dhanori,Pune,18.59404182,73.89763641,3.0,0.0,0,Semi-Furnished,29000
Apartment ,1 BHK,340.0,Kandivali West,Mumbai,19.20246506,72.82470703,1.0,0.0,<=100k,Unfurnished,13000
Independent Floor ,4 BHK,6212.0,Sarvodaya Enclave,Delhi,28.5376606,77.20207214,4.0,2.0,,Unfurnished,308512
Apartment ,2 BHK,950.0,Mulund West,Mumbai,19.16048431,72.94541931,2.0,0.0,0,Unfurnished,42000
Apartment ,1 BHK,540.0,Andheri East,Mumbai,19.11567116,72.88295746,2.0,0.0,0,Unfurnished,50000
Apartment ,2 BHK,925.0,Malviya Nagar,Delhi,28.53744888,77.21738434,2.0,2.0,<=100k,Semi-Furnished,29500
Apartment ,3 BHK,1915.0,Lower Parel,Mumbai,19.00429726,72.8303833,3.0,0.0,0,Semi-Furnished,300000
Apartment ,1 BHK,550.0,Hinjewadi,Pune,18.57286263,73.68908691,,0.0,0,Semi-Furnished,18500
Villa ,5 BHK,6521.0,Babar Road,Delhi,28.63135529,77.2289505,4.0,4.0,>100k,Unfurnished,1102001
Independent Floor ,3 BHK,3000.0,Rajouri Garden,Delhi,28.64152908,77.12091064,3.0,0.0,0,Furnished,60000
,5 BHK,,Sainik Farm,Delhi,28.50527763,77.20741272,4.0,2.0,>100k,Unfurnished,549191
Apartment ,2 BHK,980.0,Wagholi,Pune,18.58149719,73.97528839,2.0,2.0,<=100k,Unfurnished,13000
Apartment ,3 BHK,1440.0,Baner,Pune,18.57212067,73.77640533,3.0,0.0,<=100k,Unfurnished,35000
Apartment ,1 BHK,683.0,Karanjade,Mumbai,18.97465897,73.11180878,2.0,0.0,0,Unfurnished,7500
Apartment ,1 BHK,630.0,Airoli,Mumbai,19.15414238,72.99334717,1.0,1.0,<=100k,Unfurnished,10500
Apartment ,2 BHK,820.0,Bandra West,Mumbai,19.05956078,72.82952881,2.0,0.0,0,Semi-Furnished,100000
Independent Floor ,3 BHK,3000.0,Greater Kailash II,Delhi,28.53174019,77.24913788,3.0,3.0,>100k,Unfurnished,100000
Apartment ,2 BHK,1000.0,Vishrantwadi,Pune,18.57470322,73.88276672,2.0,0.0,<=100k,Furnished,25000
Apartment ,3 BHK,1300.0,Kandivali East,Mumbai,19.21083069,72.8747406,2.0,0.0,0,Furnished,77000
Apartment ,2 BHK,1255.0,Wagholi,Pune,18.58279419,73.97045135,2.0,0.0,<=100k,Unfurnished,20000
Apartment ,1 BHK,700.0,Kharghar,Mumbai,19.04450607,73.07069397,2.0,0.0,0,Unfurnished,13000
Apartment ,2 BHK,990.0,Wagholi,Pune,18.58773422,73.98551178,2.0,2.0,<=100k,Semi-Furnished,13000
Villa ,4 BHK,5896.0,Golf Links,Delhi,28.59763908,77.23332977,4.0,2.0,>100k,Unfurnished,1012022
Apartment ,1 BHK,877.0,Dombivali,Mumbai,19.22420692,73.1000061,1.0,0.0,<=100k,Semi-Furnished,10000
Apartment ,2 BHK,956.0,Wagholi,Pune,18.58727837,74.00176239,2.0,2.0,,Furnished,18000
Independent Floor ,3 BHK,2000.0,Rajouri Garden,Delhi,28.64171982,77.12236786,3.0,0.0,0,Furnished,50000
Villa ,4 BHK,5896.0,Niti Bagh,Delhi,28.55949974,77.21679688,4.0,2.0,>100k,Unfurnished,401102
,2 BHK,830.0,Thane West,Mumbai,19.22969818,72.98433685,2.0,0.0,0,Semi-Furnished,32000
Apartment ,2 BHK,700.0,Rajpur Khurd Extension,Delhi,28.485569,77.19139099,2.0,0.0,0,Unfurnished,15000
Apartment ,1 BHK,650.0,Goregaon West,Mumbai,19.1655407,72.83707428,1.0,0.0,<=100k,Semi-Furnished,32000
Apartment ,2 BHK,1200.0,Wagholi,Pune,18.58279419,73.97045135,2.0,0.0,,Semi-Furnished,17000
Apartment ,2 BHK,1600.0,Lohegaon,Pune,18.60290527,73.93016052,2.0,1.0,<=100k,Unfurnished,10000
Apartment ,2 BHK,1030.0,Mira Road East,Mumbai,19.26945305,72.88064575,2.0,0.0,0,Semi-Furnished,22000
Apartment ,2 BHK,1251.0,Wakad,Pune,18.59202957,73.76960754,2.0,0.0,<=100k,Unfurnished,19000
Independent Floor ,3 BHK,1800.0,Chittaranjan Park,Delhi,28.53873825,77.2490921,3.0,0.0,0,Semi-Furnished,100000
Apartment ,2 BHK,875.0,Ghansoli,Mumbai,19.11846924,72.99710846,2.0,0.0,0,Unfurnished,30000
,4 BHK,2700.0,Saket,Delhi,28.52428436,77.20967865,4.0,0.0,0,Semi-Furnished,130000
Villa ,6 BHK,6000.0,Bandra West,Mumbai,19.06009293,72.83030701,7.0,6.0,>100k,Furnished,1176000
Apartment ,1 BHK,854.0,Wagholi,Pune,18.57940483,73.98042297,,0.0,<=100k,Semi-Furnished,30000
Apartment ,1 BHK,500.0,Sector-18 Dwarka,Delhi,28.58725357,77.03544617,,0.0,0,Semi-Furnished,12000
Independent Floor ,3 BHK,2856.0,Defence Colony,Delhi,28.57183075,77.23332977,3.0,2.0,>100k,Unfurnished,301812
Villa ,5 BHK,6521.0,New Friends Colony,Delhi,28.56705093,77.27355957,4.0,2.0,>100k,Unfurnished,546165
Independent Floor ,3 BHK,1600.0,Greater kailash 1,Delhi,28.55195999,77.23581696,,0.0,0,Unfurnished,80000
Independent Floor ,2 BHK,750.0,Janakpuri,Delhi,28.62119293,77.09102631,2.0,0.0,0,Semi-Furnished,18000
Independent Floor ,5 BHK,6952.0,Green Park,Delhi,28.55761909,77.20458984,4.0,2.0,>100k,Unfurnished,401012
Apartment ,2 BHK,690.0,Kanjurmarg,Mumbai,19.1315136,72.92739868,2.0,0.0,0,Semi-Furnished,27000
Apartment ,2 BHK,970.0,Kandivali East,Mumbai,19.19673538,72.86817169,2.0,0.0,0,Unfurnished,45000
Apartment ,2 BHK,,Kalamboli,Mumbai,19.04291344,73.09802246,2.0,0.0,0,Unfurnished,20000
Apartment ,2 BHK,985.0,Aundh,Pune,18.55888367,73.80407715,2.0,1.0,<=100k,Semi-Furnished,24000
Apartment ,3 BHK,1800.0,Khar,Mumbai,19.07109642,72.83961487,3.0,0.0,>100k,Furnished,125000
Apartment ,2 BHK,1180.0,Handewadi,Pune,18.45555687,73.92867279,2.0,0.0,<=100k,Unfurnished,15000
,1 BHK,790.0,Lohegaon,Pune,18.60551453,73.91033173,2.0,2.0,<=100k,Unfurnished,12000
Independent Floor ,3 BHK,2861.0,Greater kailash 1,Delhi,28.55175018,77.23332977,,2.0,>100k,Unfurnished,301022
Apartment ,3 BHK,1665.0,Goregaon West,Mumbai,19.16319275,72.84197235,3.0,1.0,>100k,Semi-Furnished,67000
Independent Floor ,3 BHK,2120.0,Greater Kailash,Delhi,28.53500175,77.24775696,3.0,0.0,0,Semi-Furnished,100000
Independent Floor ,2 BHK,650.0,Uttam Nagar,Delhi,28.62223625,77.05690765,2.0,0.0,0,Semi-Furnished,11000
Independent House ,5 BHK,6521.0,Vasant Vihar,Delhi,28.55739021,77.15714264,4.0,2.0,>100k,Unfurnished,846115
Apartment ,1 BHK,530.0,Andheri East,Mumbai,19.12290573,72.88780212,2.0,0.0,0,Unfurnished,32000
,2 BHK,800.0,Andheri West,Mumbai,19.14526939,72.8306427,2.0,0.0,0,Unfurnished,56000
Apartment ,1 BHK,610.0,Virar,Mumbai,19.47076988,72.79985809,2.0,0.0,0,Semi-Furnished,6500
Apartment ,2 BHK,858.0,Wagholi,Pune,18.589571,74.00563812,2.0,0.0,<=100k,Unfurnished,11000
,1 BHK,398.0,Patel Nagar,Delhi,28.64595604,77.16685486,1.0,2.0,<=100k,Furnished,7000
Independent Floor ,3 BHK,2741.0,Golf Links,Delhi,28.59763908,77.23332977,3.0,2.0,>100k,Unfurnished,401014
Apartment ,3 BHK,1000.0,Chembur,Mumbai,19.04962349,72.90715027,3.0,0.0,0,Semi-Furnished,70000
Apartment ,3 BHK,1690.0,Andheri East,Mumbai,19.1108036,72.87134552,3.0,0.0,0,Semi-Furnished,142300
Apartment ,2 BHK,1090.0,NIBM Annex Mohammadwadi,Pune,18.45417595,73.91843414,2.0,2.0,<=100k,Unfurnished,15000
Villa ,4 BHK,5562.0,Shanti Niketan,Delhi,28.57792091,77.16937256,4.0,2.0,>100k,Unfurnished,546195
Apartment ,2 BHK,1200.0,Sector 6 Dwarka,Delhi,28.59583664,77.06604767,2.0,0.0,0,Semi-Furnished,22000
Apartment ,2 BHK,1020.0,Borivali East,Mumbai,19.21999931,72.86000061,,1.0,>100k,Unfurnished,45000
Apartment ,3 BHK,,Kharadi,Pune,18.55656815,73.95006561,3.0,0.0,,Unfurnished,45000
Apartment ,3 BHK,1500.0,Juhu,Mumbai,19.1133461,72.83358002,3.0,0.0,0,Semi-Furnished,150000
Independent Floor ,3 BHK,2000.0,Chittaranjan Park,Delhi,28.63529968,77.22499847,3.0,3.0,,Unfurnished,52000
Independent Floor ,4 BHK,1100.0,Dwarka Mor,Delhi,28.62420845,77.03496552,2.0,0.0,0,Furnished,36000
Villa ,4 BHK,5896.0,Lodhi Road,Delhi,28.59095383,77.22794342,4.0,2.0,>100k,Unfurnished,2011005
Apartment ,2 BHK,800.0,Chattarpur,Delhi,28.49771118,77.1882019,2.0,0.0,,Unfurnished,20000
Independent Floor ,3 BHK,1600.0,Paschim Vihar,Delhi,28.65725327,77.09198761,3.0,0.0,0,Semi-Furnished,30000
Apartment ,1 BHK,,Andheri East,Mumbai,19.11567116,72.88295746,2.0,0.0,0,Furnished,44000
Independent Floor ,4 BHK,4500.0,Hauz Khas,Delhi,28.54725456,77.20079803,,0.0,0,Semi-Furnished,140000
Independent Floor ,3 BHK,3011.0,Gulmohar park,Delhi,28.55765915,77.21248627,3.0,2.0,>100k,Unfurnished,274184
,3 BHK,1360.0,Goregaon West,Mumbai,19.15051651,72.84674835,3.0,0.0,0,Semi-Furnished,85000
Apartment ,1 BHK,658.0,Ghansoli,Mumbai,19.12399673,72.9980545,,2.0,<=100k,Unfurnished,21000
Independent House ,1 BHK,450.0,Lohegaon,Pune,18.60074806,73.92801666,1.0,0.0,0,Unfurnished,7000
Apartment ,4 BHK,2000.0,Ville Parle East,Mumbai,19.09175873,72.86543274,4.0,0.0,0,Semi-Furnished,210000
Independent House ,5 BHK,6251.0,Golf Links,Delhi,28.59763908,77.23332977,5.0,2.0,>100k,Unfurnished,1848415
Apartment ,1 BHK,365.0,Karampura,Delhi,28.666399,77.15185547,,0.0,0,Furnished,30000
Apartment ,1 BHK,500.0,Andheri West,Mumbai,19.12345505,72.83013916,,0.0,0,Semi-Furnished,45000
Villa ,4 BHK,5896.0,Sainik Farm,Delhi,28.50527763,77.20741272,4.0,2.0,>100k,Unfurnished,401010
Independent Floor ,2 BHK,1080.0,Dwarka Mor,Delhi,28.6241684,77.0315094,2.0,0.0,0,Semi-Furnished,12000
Independent Floor ,3 BHK,1800.0,Malviya Nagar,Delhi,28.53393173,77.20658875,2.0,0.0,,Semi-Furnished,55000
Apartment ,2 BHK,1023.0,Wagholi,Pune,18.58070755,73.96819305,2.0,2.0,,Unfurnished,16000
Apartment ,3 BHK,1800.0,Kharghar,Mumbai,19.04998589,73.07302856,3.0,0.0,,Furnished,60000
Apartment ,4 BHK,6521.0,Sainik Farm,Delhi,28.50527763,77.20741272,,2.0,>100k,Unfurnished,549195
Studio Apartment ,1 RK,580.0,Hinjewadi,Pune,18.57936478,73.73588562,1.0,0.0,0,Furnished,28000
Apartment ,2 BHK,1000.0,Kondhwa,Pune,18.46218872,73.89093018,2.0,1.0,<=100k,Unfurnished,22000
,3 BHK,1690.0,Andheri East,Mumbai,19.1108036,72.87134552,3.0,0.0,0,Semi-Furnished,142300
Apartment ,1 BHK,560.0,Santacruz East,Mumbai,19.07627678,72.86540222,2.0,0.0,0,Unfurnished,38000
Independent Floor ,3 BHK,1800.0,Rajouri Garden,Delhi,28.64152908,77.12091064,3.0,0.0,0,Furnished,50900
Independent House ,4 BHK,6521.0,Vasant Kunj,Delhi,28.52631378,77.14366913,4.0,2.0,>100k,Unfurnished,301012
Apartment ,3 BHK,1500.0,Borivali East,Mumbai,19.2212677,72.85808563,3.0,0.0,0,Unfurnished,82000
Apartment ,3 BHK,1500.0,Andheri West,Mumbai,19.13770866,72.82993317,3.0,2.0,>100k,Furnished,120000
,2 BHK,1295.0,Pimple Saudagar,Pune,18.59311485,73.79576874,2.0,2.0,,Unfurnished,23000
Apartment ,1 BHK,710.0,Thakurli,Mumbai,19.22567177,73.10028076,1.0,0.0,0,Semi-Furnished,13000
Independent Floor ,4 BHK,5852.0,Green Park Extension,Delhi,28.55970383,77.20386505,4.0,2.0,>100k,Unfurnished,401012
Apartment ,2 BHK,,Lohegaon,Pune,18.60000038,73.91000366,2.0,0.0,0,Semi-Furnished,19000
Apartment ,1 BHK,700.0,Wagholi,Pune,18.58137703,73.98854828,2.0,0.0,0,Unfurnished,10000
Apartment ,2 BHK,951.0,Wagholi,Pune,18.57239532,73.98386383,2.0,2.0,<=100k,Unfurnished,12000
Independent Floor ,4 BHK,5896.0,Golf Links,Delhi,28.59763908,77.23332977,4.0,2.0,>100k,Unfurnished,362262
Independent Floor ,3 BHK,990.0,Uttam Nagar,Delhi,28.61864662,77.05206299,3.0,0.0,0,Semi-Furnished,15000
Apartment ,2 BHK,1150.0,Lulla Nagar,Pune,18.48577309,73.88504791,2.0,2.0,<=100k,Semi-Furnished,16000
Apartment ,1 BHK,550.0,Santacruz East,Mumbai,19.07924843,72.853508,1.0,0.0,0,Semi-Furnished,42000
Apartment ,3 BHK,2224.0,Ghansoli,Mumbai,19.11607552,73.00608826,2.0,4.0,>100k,Unfurnished,58000
Apartment ,2 BHK,1290.0,Baner,Pune,18.56291771,73.77078247,2.0,2.0,<=100k,Semi-Furnished,22000
Independent Floor ,1 BHK,600.0,Hadapsar,Pune,18.48603058,73.93418884,1.0,0.0,0,Semi-Furnished,5500
Apartment ,3 BHK,1214.0,Panvel,Mumbai,18.9363308,73.18986511,,0.0,0,Unfurnished,20000
Independent Floor ,3 BHK,2700.0,Greater kailash 1,Delhi,28.55195999,77.23581696,3.0,0.0,0,Semi-Furnished,130000
Apartment ,3 BHK,1350.0,Andheri West,Mumbai,19.12260628,72.83061981,3.0,3.0,>100k,Furnished,95000
Apartment ,1 BHK,676.0,Dhanori,Pune,18.59893608,73.90194702,2.0,0.0,0,Semi-Furnished,17000
Independent Floor ,3 BHK,2856.0,Friends Colony,Delhi,28.56834984,77.27211761,3.0,2.0,>100k,Unfurnished,301022
Apartment ,2 BHK,1050.0,Badlapur East,Mumbai,19.15073013,73.23242188,2.0,2.0,,Unfurnished,9000
Independent Floor ,4 BHK,5896.0,Golf Links,Delhi,28.59763908,77.23332977,,2.0,>100k,Unfurnished,401012
,1 BHK,700.0,Airoli,Mumbai,19.14605331,72.99641418,1.0,0.0,0,Semi-Furnished,17000
Apartment ,2 BHK,980.0,Worli,Mumbai,19.00924873,72.82285309,2.0,0.0,0,Semi-Furnished,80000
Independent Floor ,3 BHK,2253.0,Hauz Khas,Delhi,28.55542183,77.20988464,3.0,2.0,>100k,Unfurnished,230410
Studio Apartment ,1 RK,250.0,Andheri East,Mumbai,19.13683128,72.86800385,1.0,0.0,0,Semi-Furnished,17000
Apartment ,1 BHK,550.0,Hadapsar,Pune,18.49149323,73.93418121,2.0,0.0,<=100k,Unfurnished,9000
,2 BHK,740.0,Kanjurmarg,Mumbai,19.1315136,72.92739868,2.0,0.0,0,Semi-Furnished,28000
Apartment ,3 BHK,1500.0,Patparganj,Delhi,28.62964821,77.30505371,2.0,0.0,0,Semi-Furnished,38000
,4 BHK,5896.0,Green Park,Delhi,28.55761909,77.20458984,4.0,2.0,>100k,Unfurnished,235625
,1 BHK,,Virar,Mumbai,19.47033882,72.79947662,2.0,0.0,0,Semi-Furnished,6500
,4 BHK,5621.0,Green Park Extension,Delhi,28.55970383,77.20386505,4.0,2.0,>100k,Unfurnished,328218
Apartment ,2 BHK,985.0,Pimple Saudagar,Pune,18.59486961,73.79818726,2.0,0.0,<=100k,Unfurnished,18500
Apartment ,2 BHK,1200.0,Paschim Vihar,Delhi,28.66560936,77.08483887,2.0,0.0,0,Semi-Furnished,26000
Apartment ,2 BHK,1217.0,Hinjewadi,Pune,18.58816147,73.72674561,2.0,0.0,0,Semi-Furnished,26000
Villa ,5 BHK,6521.0,Shanti Niketan,Delhi,28.57792091,77.16937256,4.0,2.0,>100k,Unfurnished,549191
Apartment ,3 BHK,1650.0,Kharghar,Mumbai,19.07176971,73.07587433,3.0,0.0,0,Semi-Furnished,45000
Apartment ,1 BHK,780.0,Lohegaon,Pune,18.60787582,73.91117096,2.0,0.0,0,Semi-Furnished,18000
Apartment ,1 BHK,535.0,Goregaon East,Mumbai,19.15395355,72.88471222,1.0,0.0,0,Unfurnished,16000
Independent Floor ,3 BHK,1125.0,Chattarpur,Delhi,28.50022316,77.18759918,3.0,0.0,0,Semi-Furnished,35000
Apartment ,1 BHK,610.0,Vishrantwadi,Pune,18.57470322,73.88276672,,1.0,<=100k,Unfurnished,15500
Apartment ,1 BHK,613.0,Andheri East,Mumbai,19.12851143,72.83378601,1.0,0.0,0,Semi-Furnished,50000
,1 RK,150.0,Borivali East,Mumbai,19.22686195,72.86437988,1.0,1.0,<=100k,Semi-Furnished,15000
Apartment ,1 BHK,1267.0,Colaba,Mumbai,18.91134071,72.82131195,1.0,0.0,0,Furnished,75000
,3 BHK,,Goregaon West,Mumbai,19.17184639,72.84577942,3.0,0.0,0,Furnished,125000
Apartment ,2 BHK,700.0,Thane West,Mumbai,19.20825768,72.96101379,2.0,0.0,0,Furnished,30000
Apartment ,2 BHK,906.0,Hadapsar,Pune,18.51644325,73.93782043,,0.0,0,Semi-Furnished,23500
Apartment ,2 BHK,900.0,Andheri West,Mumbai,19.12693405,72.83662415,2.0,2.0,>100k,Furnished,70000
Independent Floor ,3 BHK,,Dabri,Delhi,28.60993385,77.09203339,,0.0,0,Semi-Furnished,18000
,2 BHK,819.0,Chinchwad,Pune,18.63580513,73.80122375,2.0,0.0,<=100k,Semi-Furnished,23000
Apartment ,3 BHK,1650.0,Sector 9 Dwarka,Delhi,28.583498,77.06423187,2.0,0.0,0,Semi-Furnished,26000
,3 BHK,1350.0,Janakpuri,Delhi,28.62191963,77.08881378,3.0,2.0,,Semi-Furnished,42000
Independent Floor ,3 BHK,2856.0,Vasant Vihar,Delhi,28.55739021,77.15714264,3.0,2.0,>100k,Unfurnished,301011
,3 BHK,2856.0,Golf Links,Delhi,28.59763908,77.23332977,3.0,2.0,>100k,Unfurnished,301012
,3 BHK,1500.0,Sector 5 Dwarka,Delhi,28.59773827,77.0566864,2.0,0.0,0,Unfurnished,35000
Apartment ,4 BHK,1800.0,Santacruz West,Mumbai,19.08087349,72.83625031,5.0,4.0,>100k,Semi-Furnished,400000
,4 BHK,5896.0,Vasant Kunj,Delhi,28.52631378,77.14366913,4.0,2.0,,Unfurnished,652125
Apartment ,1 BHK,800.0,Old Sangvi,Pune,18.57167625,73.82749176,1.0,0.0,0,Unfurnished,9000
Villa ,4 BHK,5562.0,Vasant Kunj,Delhi,28.52631378,77.14366913,4.0,2.0,>100k,Unfurnished,301012
Apartment ,2 BHK,750.0,Mulund East,Mumbai,19.16233826,72.95344543,2.0,0.0,0,Unfurnished,36000
Apartment ,2 BHK,1200.0,Chikhali,Pune,18.68061447,73.82879639,2.0,0.0,0,Semi-Furnished,10800
Apartment ,1 BHK,500.0,Santacruz East,Mumbai,19.0793705,72.85626221,1.0,0.0,0,Unfurnished,35000
Apartment ,1 BHK,595.0,Ravet,Pune,18.64532852,73.75150299,1.0,0.0,<=100k,Unfurnished,11500
Apartment ,2 BHK,1100.0,Aundh,Pune,18.56630898,73.80373383,2.0,0.0,<=100k,Unfurnished,25000
Apartment ,2 BHK,1200.0,Jogeshwari West,Mumbai,19.14159966,72.8398056,2.0,0.0,,Unfurnished,50000
Apartment ,2 BHK,1100.0,Hinjewadi,Pune,18.58396339,73.69768524,2.0,0.0,,Semi-Furnished,20400
Apartment ,1 BHK,650.0,Cumballa Hill,Mumbai,18.96508217,72.80413055,1.0,0.0,0,Furnished,95000
Apartment ,4 BHK,3000.0,Juhu,Mumbai,19.11114883,72.83428192,6.0,0.0,0,Semi-Furnished,375000
Apartment ,1 BHK,,Naigaon East,Mumbai,19.36343765,72.86302948,1.0,0.0,0,Unfurnished,6500
Apartment ,1 BHK,600.0,Saket,Delhi,28.52459908,77.20823669,1.0,0.0,0,Furnished,19000
Apartment ,2 BHK,1100.0,Panvel,Mumbai,19.00629807,73.10330963,2.0,0.0,0,Unfurnished,21000
Apartment ,1 BHK,485.0,Borivali West,Mumbai,19.23309135,72.8415451,1.0,0.0,0,Unfurnished,22000
Apartment ,1 BHK,500.0,Kandivali West,Mumbai,19.20758247,72.82060242,2.0,0.0,<=100k,Semi-Furnished,28000
Apartment ,3 BHK,2200.0,Sector 12 Dwarka,Delhi,28.59317017,77.0355072,,0.0,0,Semi-Furnished,48000
Apartment ,1 BHK,650.0,Munirka,Delhi,28.55321121,77.17448425,1.0,0.0,0,Unfurnished,15500
Apartment ,2 BHK,750.0,Andheri East,Mumbai,19.11567116,72.88295746,,0.0,0,Furnished,65000
Apartment ,2 BHK,1000.0,Malviya Nagar,Delhi,28.53446007,77.21025848,2.0,1.0,<=100k,Semi-Furnished,35000
Independent Floor ,1 BHK,450.0,Mansa Ram Park,Delhi,28.61807823,77.04087067,1.0,0.0,0,Unfurnished,8500
Independent Floor ,5 BHK,6521.0,Jor bagh,Delhi,28.67728996,77.15930176,4.0,2.0,>100k,Unfurnished,301012
,3 BHK,1787.0,Baner,Pune,18.55714989,73.78253937,3.0,3.0,>100k,Furnished,60000
Independent Floor ,3 BHK,2856.0,Greater Kailash II,Delhi,28.53174019,77.24913788,,2.0,>100k,Unfurnished,301012
Independent Floor ,3 BHK,2000.0,Panchsheel Enclave,Delhi,28.54448891,77.2288208,4.0,0.0,,Semi-Furnished,110000
Apartment ,1 BHK,270.0,Vishrantwadi,Pune,18.57986832,73.87530518,1.0,1.0,<=100k,Unfurnished,6000
Apartment ,1 BHK,385.0,Naigaon East,Mumbai,19.36005211,72.85678864,2.0,1.0,<=100k,Unfurnished,4600
Independent Floor ,3 BHK,1800.0,Pitampura,Delhi,28.68569565,77.13720703,3.0,0.0,0,Semi-Furnished,45000
Apartment ,2 BHK,1008.0,Mulund West,Mumbai,19.15857124,72.94791412,2.0,0.0,0,Semi-Furnished,38000
Independent House ,5 BHK,,Wadgaon Sheri,Pune,18.5601635,73.92492676,5.0,0.0,0,Unfurnished,110000
Independent Floor ,3 BHK,2741.0,Geetanjali Enclave,Delhi,28.53087997,77.20243073,3.0,2.0,>100k,Unfurnished,301012
Apartment ,2 BHK,1300.0,Sector 12 Dwarka,Delhi,28.59462738,77.04219818,2.0,0.0,0,Semi-Furnished,24000
Independent Floor ,4 BHK,3150.0,Greater Kailash,Delhi,28.54272652,77.24005127,4.0,0.0,0,Furnished,150000
Independent Floor ,3 BHK,2856.0,Shanti Niketan,Delhi,28.57792091,77.16937256,3.0,2.0,>100k,Unfurnished,381182
Independent Floor ,3 BHK,1600.0,Greater Kailash,Delhi,28.5327301,77.24281311,3.0,0.0,0,Semi-Furnished,100000
Apartment ,2 BHK,1100.0,Aundh,Pune,18.55467796,73.80711365,2.0,0.0,0,Semi-Furnished,30000
Independent Floor ,3 BHK,2741.0,New Friends Colony,Delhi,28.56705093,77.27355957,3.0,2.0,>100k,Unfurnished,235592
Apartment ,2 BHK,950.0,Hinjewadi,Pune,18.5880146,73.70035553,2.0,0.0,0,Semi-Furnished,19000
Independent Floor ,3 BHK,1350.0,Chattarpur,Delhi,28.50022316,77.18759918,2.0,0.0,0,Furnished,35000
Apartment ,1 BHK,650.0,Kalyan West,Mumbai,19.26071167,73.14162445,1.0,0.0,0,Semi-Furnished,15000
Apartment ,3 BHK,1800.0,Sector 3 Dwarka,Delhi,28.60581017,77.04071808,2.0,0.0,0,Semi-Furnished,38000
Independent Floor ,2 BHK,900.0,Malviya Nagar,Delhi,28.5332737,77.20761871,2.0,0.0,0,Unfurnished,28000
Apartment ,2 BHK,1050.0,Powai,Mumbai,19.12353706,72.89595795,2.0,0.0,0,Semi-Furnished,65000
Independent Floor ,5 BHK,6521.0,Greater Kailash II,Delhi,28.53174019,77.24913788,4.0,2.0,>100k,Unfurnished,401010
,3 BHK,1270.0,Chakan,Pune,18.74325562,73.84774017,2.0,0.0,0,Semi-Furnished,9500
Independent Floor ,3 BHK,2000.0,Defence Colony,Delhi,28.57263374,77.23251343,4.0,0.0,0,Semi-Furnished,180000
Apartment ,2 BHK,931.0,Wagholi,Pune,18.57670975,73.99583435,2.0,1.0,,Semi-Furnished,14000
Studio Apartment ,1 RK,575.0,Rajouri Garden,Delhi,28.64152908,77.12091064,1.0,0.0,0,Furnished,16500
Independent Floor ,3 BHK,2886.0,Panchsheel Park,Delhi,28.54154015,77.21611786,3.0,2.0,>100k,Unfurnished,301012
Independent Floor ,3 BHK,,Greater Kailash II,Delhi,28.53174019,77.24913788,3.0,2.0,>100k,Unfurnished,301012
Apartment ,1 BHK,570.0,Borivali West,Mumbai,19.21650887,72.84284973,1.0,0.0,0,Unfurnished,33000
,1 BHK,600.0,Koper Khairane,Mumbai,19.09799004,73.00910187,2.0,0.0,0,Semi-Furnished,20000
Apartment ,2 BHK,1192.0,Sus,Pune,18.55571556,73.76322174,,1.0,<=100k,Unfurnished,18000
Apartment ,2 BHK,936.0,Undri,Pune,18.4547348,73.91845703,2.0,2.0,<=100k,Semi-Furnished,17000
Apartment ,2 BHK,665.0,Dombivali East,Mumbai,19.20657921,73.10357666,1.0,0.0,0,Semi-Furnished,8000
Studio Apartment ,1 RK,550.0,Model Town,Delhi,28.71587372,77.19107056,1.0,0.0,0,Semi-Furnished,15500
,2 BHK,1040.0,Andheri West,Mumbai,19.12855911,72.81993103,2.0,0.0,0,Unfurnished,57000
Apartment ,2 BHK,920.0,Goregaon West,Mumbai,19.15029144,72.8470993,2.0,0.0,0,Semi-Furnished,57000
Apartment ,1 BHK,530.0,Bandra West,Mumbai,19.05563354,72.82538605,1.0,0.0,0,Furnished,60000
Independent Floor ,2 BHK,950.0,Pimple Nilakh,Pune,18.58147621,73.79753876,2.0,0.0,0,Semi-Furnished,14650
,2 BHK,650.0,Nerul,Mumbai,19.04355812,73.01004791,,0.0,0,Unfurnished,17000
Apartment ,2 BHK,1070.0,Kharghar,Mumbai,19.04291344,73.06665802,2.0,0.0,,Semi-Furnished,32000
Apartment ,1 BHK,400.0,Sector 12 Dwarka,Delhi,28.59508514,77.0379715,1.0,0.0,<=100k,Furnished,8000
Independent Floor ,2 BHK,1200.0,Sheikh Sarai,Delhi,28.53747177,77.21471405,2.0,0.0,0,Furnished,30000
Independent Floor ,3 BHK,2856.0,Anand Niketan,Delhi,28.57893944,77.16504669,3.0,2.0,>100k,Unfurnished,301012
,4 BHK,3500.0,Greater kailash 1,Delhi,28.55195999,77.23581696,4.0,0.0,0,Unfurnished,175000
Apartment ,2 BHK,,Goregaon West,Mumbai,19.15450859,72.84287262,2.0,0.0,0,Semi-Furnished,72000
Apartment ,2 BHK,1100.0,Bibwewadi,Pune,18.47962189,73.87554169,2.0,0.0,<=100k,Semi-Furnished,21000
,1 BHK,600.0,Naigaon East,Mumbai,19.36510086,72.86039734,2.0,0.0,,Semi-Furnished,8500
,2 BHK,,Mulund West,Mumbai,19.15857124,72.94791412,2.0,0.0,0,Semi-Furnished,38000
Independent Floor ,2 BHK,600.0,Uttam Nagar,Delhi,28.62246323,77.05721283,1.0,0.0,0,Semi-Furnished,12500
Apartment ,1 BHK,650.0,Goregaon West,Mumbai,19.1656971,72.83633423,2.0,0.0,<=100k,Semi-Furnished,36000
Apartment ,2 BHK,1080.0,Lohegaon,Pune,18.62338638,73.91491699,2.0,1.0,<=100k,Semi-Furnished,17000
Apartment ,3 BHK,1850.0,Pitampura,Delhi,28.60176086,77.04917145,3.0,0.0,0,Semi-Furnished,35000
,5 BHK,5896.0,Sainik Farm,Delhi,28.50527763,77.20741272,4.0,2.0,>100k,Unfurnished,401012
,5 BHK,5896.0,Kasturba Gandhi Marg,Delhi,28.62281036,77.22541809,4.0,2.0,>100k,Unfurnished,2154919
,1 BHK,710.0,Mira Road East,Mumbai,19.2934227,72.87831879,2.0,0.0,0,Semi-Furnished,18000
Independent Floor ,2 BHK,1600.0,Navjeevan Vihar,Delhi,28.53295517,77.1992569,2.0,0.0,0,Semi-Furnished,50000
Apartment ,2 BHK,1020.0,Rahatani,Pune,18.6017971,73.78448486,2.0,1.0,<=100k,Unfurnished,20000
Independent Floor ,3 BHK,1350.0,Janakpuri,Delhi,28.62119293,77.09102631,2.0,0.0,0,Semi-Furnished,43000
Independent House ,1 BHK,630.0,Wakad,Pune,18.61376381,73.71811676,1.0,0.0,0,Semi-Furnished,16500
Villa ,4 BHK,5896.0,Sunder Nagar,Delhi,28.61843681,76.96178436,4.0,2.0,>100k,Unfurnished,1022010
Independent Floor ,4 BHK,,Safdarjung Enclave,Delhi,28.56125832,77.19052124,4.0,2.0,>100k,Unfurnished,401012
,3 BHK,2741.0,Shanti Niketan,Delhi,28.57792091,77.16937256,3.0,2.0,>100k,Unfurnished,308212
,3 BHK,2771.0,Shanti Niketan,Delhi,28.57792091,77.16937256,3.0,2.0,>100k,Unfurnished,301022
Apartment ,2 BHK,845.0,Wagholi,Pune,18.56855774,74.02105713,2.0,0.0,<=100k,Unfurnished,11000
Independent Floor ,3 BHK,900.0,Dwarka Mor,Delhi,28.62432671,77.02622986,2.0,0.0,,Semi-Furnished,14000
Independent Floor ,3 BHK,2856.0,Friends Colony,Delhi,28.56834984,77.27211761,3.0,2.0,>100k,Unfurnished,301012
Apartment ,2 BHK,1100.0,Bibwewadi,Pune,18.47962189,73.87554169,2.0,0.0,<=100k,Semi-Furnished,21000
Apartment ,3 BHK,940.0,Pimple Saudagar,Pune,18.59337234,73.78913879,3.0,2.0,<=100k,Unfurnished,20000
Independent Floor ,4 BHK,3600.0,Panchsheel Park,Delhi,28.54306221,77.21394348,4.0,0.0,0,Semi-Furnished,300000
,2 BHK,972.0,Dhayari,Pune,18.45800209,73.78517914,2.0,1.0,<=100k,Unfurnished,13000
Apartment ,1 BHK,400.0,Shivane,Pune,18.46567345,73.78303528,1.0,0.0,0,Unfurnished,6500
Independent Floor ,3 BHK,2856.0,Uday Park,Delhi,28.56010056,77.2193222,3.0,3.0,>100k,Unfurnished,308521
Apartment ,4 BHK,,Vasant Kunj,Delhi,28.52384567,77.16378784,4.0,0.0,0,Semi-Furnished,90000
Apartment ,3 BHK,1200.0,Dadar East,Mumbai,19.01880074,72.85024261,,0.0,,Furnished,145000
Independent Floor ,3 BHK,3200.0,Jor bagh,Delhi,28.58775711,77.21530914,4.0,0.0,0,Semi-Furnished,290000
Independent Floor ,2 BHK,800.0,Dabri,Delhi,28.6091423,77.08480835,1.0,0.0,0,Semi-Furnished,12000
Apartment ,1 BHK,681.0,Ghansoli,Mumbai,19.12399673,72.9980545,2.0,2.0,<=100k,Unfurnished,16000
Independent Floor ,3 BHK,2852.0,Friends Colony,Delhi,28.56834984,77.27211761,3.0,2.0,>100k,Unfurnished,301012
Apartment ,1 BHK,630.0,Kanjurmarg,Mumbai,19.12845993,72.92731476,2.0,0.0,0,Unfurnished,34000
,2 BHK,900.0,Thane West,Mumbai,19.22662354,72.97582245,2.0,0.0,,Furnished,40000
Apartment ,2 BHK,930.0,Andheri West,Mumbai,19.12870407,72.83263397,2.0,0.0,0,Semi-Furnished,78000
,3 BHK,1600.0,Sector-18 Dwarka,Delhi,28.58868408,77.03623199,3.0,0.0,0,Semi-Furnished,30000
,2 BHK,1081.0,Baner,Pune,18.56929398,73.78317261,2.0,0.0,,Semi-Furnished,21000
Apartment ,2 BHK,915.0,Tathawade,Pune,18.6384201,73.73475647,2.0,0.0,0,Semi-Furnished,14700
Apartment ,3 BHK,1550.0,Tardeo,Mumbai,18.97217369,72.81541443,3.0,0.0,0,Furnished,180000
,1 BHK,610.0,Dombivali,Mumbai,19.20880127,73.09664917,,0.0,0,Semi-Furnished,14000
,1 BHK,350.0,Vikhroli,Mumbai,19.10585594,72.91746521,1.0,0.0,<=100k,Semi-Furnished,29000
Apartment ,2 BHK,1200.0,Borivali East,Mumbai,19.22075844,72.85770416,,0.0,>100k,Unfurnished,55000
,3 BHK,2700.0,Greater Kailash,Delhi,28.53398132,77.24250031,3.0,0.0,0,Semi-Furnished,125000
Apartment ,3 BHK,1500.0,Sector 5 Dwarka,Delhi,28.59773827,77.0566864,2.0,0.0,0,Unfurnished,35000
Apartment ,2 BHK,1050.0,Dombivali,Mumbai,19.22271729,73.10041809,2.0,0.0,0,Semi-Furnished,18000
Apartment ,2 BHK,1003.0,Wakad,Pune,18.59983826,73.75639343,2.0,0.0,<=100k,Unfurnished,18000
,3 BHK,2856.0,Saket,Delhi,28.52354813,77.20014191,,3.0,>100k,Unfurnished,235592
Apartment ,3 BHK,1500.0,Patparganj,Delhi,28.62964821,77.30505371,,0.0,,Semi-Furnished,32000
Independent Floor ,3 BHK,1856.0,Saket,Delhi,28.52354813,77.20014191,3.0,2.0,>100k,Unfurnished,235592
Apartment ,1 BHK,400.0,Shivane,Pune,18.46567345,73.78303528,1.0,0.0,0,Unfurnished,6500
Apartment ,3 BHK,1400.0,Chembur,Mumbai,19.06293297,72.89239502,3.0,0.0,0,Semi-Furnished,50000
Apartment ,3 BHK,1350.0,Rohini Sector 9,Delhi,28.63529968,77.22499847,2.0,2.0,<=100k,Semi-Furnished,30000
Apartment ,1 BHK,450.0,Chembur,Mumbai,19.0561676,72.91026306,2.0,0.0,0,Semi-Furnished,35000
Apartment ,1 BHK,610.0,Andheri East,Mumbai,19.11557007,72.88269806,2.0,0.0,0,Furnished,43000
Apartment ,1 BHK,465.0,Dombivali East,Mumbai,19.18841743,73.08371735,2.0,0.0,0,Unfurnished,12000
,2 BHK,,Borivali East,Mumbai,19.22455025,72.86902618,,0.0,>100k,Unfurnished,45000
Independent Floor ,5 BHK,6521.0,Friends Colony,Delhi,28.56834984,77.27211761,4.0,2.0,>100k,Unfurnished,301001
Villa ,4 BHK,5896.0,Gulmohar park,Delhi,28.55765915,77.21248627,4.0,2.0,>100k,Unfurnished,656226
Apartment ,2 BHK,985.0,Chembur,Mumbai,19.05500793,72.90239716,2.0,0.0,0,Unfurnished,72000
Apartment ,2 BHK,1000.0,Chembur,Mumbai,19.03273392,72.89628601,2.0,0.0,0,Semi-Furnished,53000
Apartment ,2 BHK,1000.0,Wagholi,Pune,18.59203529,74.00263214,2.0,0.0,<=100k,Unfurnished,10000
Independent Floor ,2 BHK,700.0,Uttam Nagar,Delhi,28.61945724,77.05670929,2.0,0.0,0,Semi-Furnished,11000
Apartment ,3 BHK,1250.0,Bhandup West,Mumbai,19.1576767,72.93618774,4.0,0.0,0,Unfurnished,50000
Independent Floor ,1 BHK,450.0,Dabri,Delhi,28.61173439,77.08657074,1.0,0.0,0,Unfurnished,9000
Apartment ,3 BHK,1800.0,Malad West,Mumbai,19.19229126,72.83625031,3.0,0.0,0,Semi-Furnished,140000
Apartment ,3 BHK,1170.0,Wagholi,Pune,18.5711174,73.97442627,3.0,0.0,<=100k,Semi-Furnished,30000
Apartment ,3 BHK,,Lower Parel,Mumbai,18.99975586,72.82673645,3.0,0.0,0,Semi-Furnished,225000
,1 BHK,550.0,Undri,Pune,18.44833183,73.92327881,1.0,0.0,0,Semi-Furnished,11000
Apartment ,3 BHK,1400.0,Chembur,Mumbai,19.06293297,72.89239502,3.0,0.0,0,Unfurnished,85000
Apartment ,1 BHK,700.0,Ulwe,Mumbai,18.97218895,73.0164032,1.0,0.0,0,Furnished,16000
Apartment ,3 BHK,1660.0,Wagholi,Pune,18.58231926,73.97055054,3.0,0.0,<=100k,Semi-Furnished,30000
Apartment ,1 BHK,650.0,Pimple Saudagar,Pune,18.59531212,73.79914856,1.0,0.0,0,Unfurnished,14000
Villa ,5 BHK,6521.0,Chattarpur,Delhi,28.49946976,77.19647217,4.0,2.0,>100k,Unfurnished,301012
Apartment ,3 BHK,1200.0,Santacruz East,Mumbai,19.07627678,72.86540222,2.0,0.0,0,Semi-Furnished,99500
Apartment ,1 BHK,585.0,Jogeshwari East,Mumbai,19.13042068,72.86026764,,0.0,0,Semi-Furnished,30000
Independent Floor ,3 BHK,2856.0,Panchsheel Park,Delhi,28.54154015,77.21611786,3.0,2.0,>100k,Unfurnished,311929
Apartment ,3 BHK,1367.0,Hadapsar,Pune,18.51945686,73.91488647,3.0,0.0,0,Unfurnished,25000
Independent Floor ,3 BHK,2741.0,Jor bagh,Delhi,28.67728996,77.15930176,3.0,2.0,>100k,Unfurnished,310182
Apartment ,2 BHK,850.0,Andheri West,Mumbai,19.12310028,72.82797241,2.0,0.0,0,Furnished,125000
Apartment ,1 BHK,595.0,Wakad,Pune,18.59047699,73.77888489,1.0,0.0,<=100k,Unfurnished,12500
Independent Floor ,3 BHK,2856.0,Friends Colony,Delhi,28.56834984,77.27211761,3.0,2.0,>100k,Unfurnished,301022
Apartment ,1 BHK,514.0,Panvel,Mumbai,18.88085556,73.16190338,1.0,1.0,<=100k,Unfurnished,6000
Independent Floor ,3 BHK,2852.0,Defence Colony,Delhi,28.57183075,77.23332977,3.0,2.0,>100k,Unfurnished,254125
Apartment ,1 BHK,600.0,Pradhikaran Nigdi,Pune,18.64920044,73.76577759,1.0,1.0,<=100k,Unfurnished,12000
Apartment ,2 BHK,1130.0,Vishrantwadi,Pune,18.56936264,73.87811279,2.0,2.0,<=100k,Semi-Furnished,30000
Apartment ,1 BHK,600.0,Powai,Mumbai,19.1228199,72.89530945,1.0,0.0,0,Semi-Furnished,38000
Apartment ,3 BHK,1700.0,Sector 6 Dwarka,Delhi,28.59405136,77.03688812,2.0,0.0,0,Semi-Furnished,38000
Apartment ,2 BHK,850.0,Bhandup West,Mumbai,19.14990044,72.93113708,2.0,0.0,0,Semi-Furnished,40000
Apartment ,2 BHK,960.0,Andheri West,Mumbai,19.14121819,72.82975006,2.0,2.0,>100k,Furnished,95000
Apartment ,2 BHK,1000.0,Pimple Saudagar,Pune,18.59862518,73.80445099,2.0,0.0,<=100k,Unfurnished,24000
Independent Floor ,3 BHK,2856.0,Shanti Niketan,Delhi,28.57792091,77.16937256,3.0,2.0,>100k,Unfurnished,301012
Apartment ,2 BHK,,Bhandup West,Mumbai,19.14990044,72.93113708,2.0,0.0,0,Semi-Furnished,40000
Independent Floor ,3 BHK,1800.0,Rajouri Garden,Delhi,28.64152908,77.12091064,3.0,0.0,0,Semi-Furnished,35000
Apartment ,1 BHK,590.0,Thane West,Mumbai,19.18950081,72.94877625,1.0,0.0,,Semi-Furnished,22500
Apartment ,2 BHK,994.0,Ghatkopar East,Mumbai,19.09006119,72.91701508,2.0,0.0,,Semi-Furnished,55000
Studio Apartment ,1 RK,702.0,Kharghar,Mumbai,19.07730484,73.07568359,1.0,0.0,0,Semi-Furnished,12000
Apartment ,3 BHK,2200.0,Ghansoli,Mumbai,19.12399673,72.9980545,3.0,5.0,>100k,Unfurnished,60000
Independent Floor ,4 BHK,2500.0,Panchsheel Park,Delhi,28.54306221,77.21394348,4.0,0.0,0,Semi-Furnished,200000
Independent Floor ,5 BHK,6521.0,Maharani Bagh,Delhi,28.57262039,77.26422119,4.0,2.0,,Unfurnished,504015
Independent Floor ,3 BHK,2250.0,Greater Kailash,Delhi,28.53398132,77.24250031,3.0,0.0,0,Semi-Furnished,110000
,4 BHK,5562.0,Gulmohar park,Delhi,28.55765915,77.21248627,4.0,2.0,>100k,Unfurnished,235592
Studio Apartment ,1 RK,300.0,Tagore Garden Extension,Delhi,28.64709473,77.11058807,1.0,0.0,0,Furnished,25000
Apartment ,1 BHK,570.0,Nalasopara West,Mumbai,19.40540504,72.75317383,1.0,1.0,<=100k,Semi-Furnished,5500
,4 BHK,6251.0,Greater kailash 1,Delhi,28.55175018,77.23332977,4.0,2.0,>100k,Unfurnished,235562
Apartment ,3 BHK,2200.0,Greater Kailash,Delhi,28.55015373,77.24145508,4.0,2.0,>100k,Furnished,110000
Villa ,4 BHK,5896.0,Geetanjali Enclave,Delhi,28.53087997,77.20243073,4.0,2.0,>100k,Unfurnished,549191
Studio Apartment ,1 RK,250.0,Andheri East,Mumbai,19.13683128,72.86800385,,0.0,0,Semi-Furnished,17000
Villa ,4 BHK,,Ghitorni,Delhi,28.49571991,77.13581085,4.0,2.0,>100k,Unfurnished,704405
,2 BHK,800.0,Mahim,Mumbai,19.03515244,72.84044647,2.0,0.0,0,Semi-Furnished,85000
Independent House ,5 BHK,6521.0,Sainik Farm,Delhi,28.50527763,77.20741272,4.0,2.0,>100k,Unfurnished,504012
Villa ,4 BHK,5896.0,Malcha Marg,Delhi,28.60173035,77.18534088,4.0,2.0,>100k,Unfurnished,1211214
Apartment ,2 BHK,1250.0,Bibwewadi,Pune,18.48478889,73.88598633,2.0,0.0,<=100k,Semi-Furnished,25000
Independent Floor ,4 BHK,5896.0,Jor bagh,Delhi,28.67728996,77.15930176,4.0,2.0,>100k,Unfurnished,362262
Apartment ,2 BHK,830.0,Bhandup West,Mumbai,19.15110016,72.94132233,2.0,0.0,0,Unfurnished,35000
Studio Apartment ,1 RK,150.0,Chandan Nagar,Pune,18.56254387,73.93169403,1.0,0.0,0,Semi-Furnished,5500
Apartment ,2 BHK,1250.0,Wadgaon Sheri,Pune,18.55090141,73.91979218,2.0,0.0,0,Furnished,29000
Independent Floor ,4 BHK,5400.0,Vasant Vihar,Delhi,28.56495285,77.15753937,5.0,0.0,0,Furnished,250000
Independent House ,5 BHK,6521.0,Panchsheel Enclave,Delhi,28.54351997,77.22973633,4.0,2.0,>100k,Unfurnished,504015
Villa ,4 BHK,5891.0,Golf Links,Delhi,28.59763908,77.23332977,4.0,2.0,>100k,Unfurnished,1744844
Apartment ,1 BHK,700.0,Hinjewadi,Pune,18.59160042,73.71278381,1.0,0.0,0,Furnished,18000
Apartment ,2 BHK,750.0,Malad West,Mumbai,19.19779205,72.81893921,2.0,0.0,0,Semi-Furnished,35000
Apartment ,2 BHK,1050.0,Chembur,Mumbai,19.04843712,72.88838196,,0.0,,Furnished,70000
Independent Floor ,2 BHK,1000.0,Subhash Nagar,Delhi,28.63766098,77.11206818,2.0,0.0,0,Semi-Furnished,25350
Villa ,3 BHK,1500.0,NIBM,Pune,18.47689629,73.89581299,3.0,1.0,<=100k,Unfurnished,45000
Apartment ,1 BHK,600.0,SULTANPUR,Delhi,28.49543762,77.16177368,1.0,0.0,0,Unfurnished,14000
Apartment ,2 BHK,1010.0,Mira Road East,Mumbai,19.29465675,72.87438202,,0.0,,Semi-Furnished,18500
Independent Floor ,4 BHK,4500.0,Panchsheel Park,Delhi,28.54306221,77.21394348,4.0,0.0,0,Semi-Furnished,145000
Apartment ,1 BHK,650.0,Kamothe,Mumbai,19.01773643,73.09333038,1.0,0.0,0,Unfurnished,15000
Apartment ,1 BHK,650.0,Andheri East,Mumbai,19.00169182,72.818573,1.0,0.0,0,Furnished,80000
Apartment ,2 BHK,,Kanjurmarg,Mumbai,19.13684273,72.93132019,2.0,0.0,0,Semi-Furnished,35000
Independent Floor ,8 BHK,7200.0,DLF Farms,Delhi,28.48815346,77.15697479,8.0,0.0,0,Semi-Furnished,1400000
Apartment ,2 BHK,900.0,Ville Parle East,Mumbai,19.0951004,72.8605957,2.0,0.0,0,Unfurnished,28000
Apartment ,2 BHK,1200.0,Ghansoli,Mumbai,19.11413956,73.00130463,2.0,4.0,>100k,Unfurnished,42500
,1 BHK,450.0,Dabri,Delhi,28.60726929,77.08944702,1.0,0.0,,Semi-Furnished,9000
Apartment ,2 BHK,783.0,Dhayari,Pune,18.45851326,73.78095245,,1.0,<=100k,Furnished,18500
Apartment ,1 BHK,573.0,Chikhali,Pune,18.67391586,73.80892944,1.0,0.0,0,Unfurnished,8500
Independent Floor ,4 BHK,5896.0,Panchsheel Park,Delhi,28.54154015,77.21611786,4.0,2.0,>100k,Unfurnished,401012
Independent House ,4 BHK,5896.0,Sainik Farm,Delhi,28.50527763,77.20741272,4.0,2.0,>100k,Unfurnished,604015
Apartment ,2 BHK,900.0,Andheri East,Mumbai,19.1168251,72.87012482,2.0,0.0,0,Furnished,35000
Apartment ,2 BHK,900.0,Pimple Saudagar,Pune,18.59380913,73.79833221,2.0,0.0,0,Semi-Furnished,17000
Apartment ,2 BHK,950.0,IP Extension,Delhi,28.62976646,77.30672455,2.0,2.0,<=100k,Semi-Furnished,22000
Independent Floor ,4 BHK,6251.0,Safdarjung Enclave,Delhi,28.56125832,77.19052124,4.0,2.0,>100k,Unfurnished,235592
Apartment ,2 BHK,750.0,Dadar West,Mumbai,19.02109528,72.83779144,2.0,0.0,0,Furnished,85000
,2 BHK,987.0,Wagholi,Pune,18.57411385,73.97853088,2.0,2.0,<=100k,Furnished,20000
Apartment ,2 BHK,937.0,Kharadi,Pune,18.54247665,73.93925476,2.0,0.0,,Semi-Furnished,21000
Apartment ,3 BHK,1820.0,Goregaon West,Mumbai,19.15184021,72.84003448,3.0,0.0,>100k,Semi-Furnished,85000
Apartment ,2 BHK,867.0,Tathawade,Pune,18.63827705,73.73539734,2.0,2.0,<=100k,Semi-Furnished,13500
Independent Floor ,3 BHK,2741.0,Vasant Vihar,Delhi,28.55739021,77.15714264,3.0,2.0,>100k,Unfurnished,401015
Independent House ,4 BHK,5896.0,Vasant Kunj,Delhi,28.52631378,77.14366913,,2.0,>100k,Unfurnished,404101
Apartment ,1 BHK,775.0,Powai,Mumbai,19.11959457,72.90402222,1.0,0.0,0,Unfurnished,35000
Apartment ,1 BHK,806.0,Rahatani,Pune,18.60398483,73.79550934,1.0,0.0,<=100k,Unfurnished,13500
Apartment ,1 BHK,630.0,Kargil Vijay Nagar,Pune,18.5592804,73.92044067,1.0,0.0,0,Unfurnished,16000
Apartment ,2 BHK,,Dombivali,Mumbai,19.20687675,73.10365295,2.0,0.0,0,Unfurnished,16000
Independent Floor ,2 BHK,600.0,Uttam Nagar,Delhi,28.61945724,77.05670929,2.0,0.0,0,Furnished,20000
,4 BHK,5896.0,Greater Kailash II,Delhi,28.53174019,77.24913788,,2.0,>100k,Unfurnished,301022
Apartment ,1 BHK,654.0,Wagholi,Pune,18.58697319,74.00184631,1.0,1.0,<=100k,Semi-Furnished,12000
Apartment ,2 BHK,750.0,Pimpri,Pune,18.62777901,73.8061676,2.0,0.0,0,Unfurnished,30000
,5 BHK,5896.0,Shanti Niketan,Delhi,28.57792091,77.16937256,4.0,2.0,>100k,Unfurnished,640105
Apartment ,1 BHK,700.0,Jogeshwari West,Mumbai,19.1398983,72.84290314,1.0,0.0,0,Semi-Furnished,33000
,3 BHK,2400.0,Malad East,Mumbai,19.18372345,72.86148071,3.0,0.0,0,Semi-Furnished,135000
Apartment ,1 BHK,520.0,Hinjewadi,Pune,18.58492851,73.73873138,1.0,0.0,0,Unfurnished,19000
Apartment ,2 BHK,1008.0,Mulund West,Mumbai,19.15857124,72.94791412,2.0,0.0,0,Semi-Furnished,38000
Apartment ,2 BHK,800.0,Goregaon East,Mumbai,19.15336037,72.88577271,2.0,0.0,0,Unfurnished,24000
Apartment ,2 BHK,915.0,Dhanori,Pune,18.59473228,73.90409088,2.0,0.0,0,Semi-Furnished,20000
,1 BHK,670.0,Viman Nagar,Pune,18.56492424,73.91003418,1.0,0.0,0,Furnished,28000
Apartment ,1 BHK,510.0,Wadgaon Budruk,Pune,18.46157646,73.81690979,,1.0,<=100k,Unfurnished,8500
,1 BHK,650.0,Kalwa,Mumbai,19.20948792,73.01093292,,0.0,0,Unfurnished,14000
Apartment ,2 BHK,909.0,Dombivali East,Mumbai,19.16810036,73.07397461,2.0,2.0,,Semi-Furnished,21000
Apartment ,1 BHK,600.0,Yamuna Nagar,Pune,18.66674995,73.78382111,1.0,1.0,<=100k,Unfurnished,10000
Apartment ,3 BHK,1200.0,Undri,Pune,18.44964409,73.91627502,3.0,1.0,<=100k,Unfurnished,25000
,1 BHK,,Wakad,Pune,18.60084724,73.75977325,1.0,0.0,<=100k,Unfurnished,13500
,3 BHK,1500.0,NIBM Road,Pune,18.47087097,73.90003204,3.0,1.0,<=100k,Semi-Furnished,55000
Apartment ,3 BHK,1450.0,Andheri West,Mumbai,19.13183212,72.83072662,3.0,3.0,>100k,Furnished,90000
Apartment ,2 BHK,830.0,Bhandup West,Mumbai,19.15110016,72.94132233,2.0,0.0,0,Furnished,35000
Independent Floor ,2 BHK,900.0,Malviya Nagar,Delhi,28.5332737,77.20761871,2.0,0.0,0,Furnished,37300
Apartment ,2 BHK,1150.0,Tingre Nagar,Pune,18.57639122,73.88925171,2.0,2.0,<=100k,Unfurnished,31000
Apartment ,2 BHK,950.0,Kanjurmarg,Mumbai,19.13684273,72.93132019,2.0,0.0,0,Semi-Furnished,35000
Apartment ,2 BHK,956.0,Wagholi,Pune,18.65761757,73.90355682,2.0,2.0,<=100k,Unfurnished,11000
Independent House ,1 BHK,550.0,Bhosari,Pune,18.62132835,73.85353088,,0.0,0,Semi-Furnished,5500
,3 BHK,1450.0,Pimple Saudagar,Pune,18.5921669,73.78955841,3.0,1.0,<=100k,Unfurnished,22000
Apartment ,1 BHK,627.0,Chakan,Pune,18.75016022,73.86221313,1.0,0.0,0,Semi-Furnished,7000
Independent House ,5 BHK,6521.0,Niti Bagh,Delhi,28.55949974,77.21679688,4.0,4.0,>100k,Unfurnished,548181
,2 BHK,886.0,Undri,Pune,18.44808769,73.90656281,2.0,0.0,<=100k,Unfurnished,15000
,4 BHK,5896.0,Niti Bagh,Delhi,28.55949974,77.21679688,,4.0,>100k,Unfurnished,401102
Independent Floor ,3 BHK,2852.0,Defence Colony,Delhi,28.57183075,77.23332977,3.0,2.0,>100k,Unfurnished,308214
Independent Floor ,4 BHK,4562.0,Vasant Vihar,Delhi,28.55739021,77.15714264,4.0,2.0,>100k,Unfurnished,301011
,3 BHK,2856.0,Hauz Khas,Delhi,28.55542183,77.20988464,3.0,2.0,>100k,Unfurnished,301022
Apartment ,3 BHK,,Andheri West,Mumbai,19.13798523,72.81282806,3.0,3.0,>100k,Furnished,125000
Apartment ,3 BHK,1350.0,Chembur,Mumbai,19.06728935,72.89926147,3.0,0.0,0,Unfurnished,85000
Apartment ,2 BHK,1219.0,Ghansoli,Mumbai,19.11929512,72.99339294,2.0,0.0,0,Semi-Furnished,39000
Apartment ,1 BHK,526.0,Goregaon East,Mumbai,19.1560955,72.88613892,1.0,0.0,0,Furnished,16000
Apartment ,3 BHK,,Sector 5 Dwarka,Delhi,28.59659386,77.06090546,2.0,0.0,0,Semi-Furnished,34000
,1 RK,230.0,Andheri West,Mumbai,19.12973404,72.81665802,1.0,0.0,,Furnished,23000
Apartment ,2 BHK,1395.0,Cuffe Parade,Mumbai,18.91053963,72.82024384,2.0,0.0,0,Unfurnished,175000
Apartment ,1 BHK,600.0,Powai,Mumbai,19.11445427,72.90411377,2.0,0.0,0,Semi-Furnished,26000
,2 BHK,1850.0,Green Park,Delhi,28.55844879,77.20293427,3.0,0.0,0,Semi-Furnished,55000
,1 BHK,650.0,Chembur,Mumbai,19.0561676,72.91026306,2.0,0.0,,Semi-Furnished,28000
Apartment ,2 BHK,900.0,Chattarpur,Delhi,28.49946976,77.19647217,2.0,1.0,<=100k,Semi-Furnished,15999
Independent House ,5 BHK,5896.0,Sainik Farm,Delhi,28.50527763,77.20741272,4.0,2.0,>100k,Unfurnished,564195
Independent Floor ,3 BHK,2856.0,New Friends Colony,Delhi,28.56705093,77.27355957,3.0,2.0,>100k,Unfurnished,301022
Apartment ,2 BHK,950.0,Andheri West,Mumbai,19.12891579,72.83842468,2.0,0.0,0,Furnished,70000
Independent Floor ,3 BHK,2856.0,Greater Kailash II,Delhi,28.53174019,77.24913788,,2.0,>100k,Unfurnished,235562
Apartment ,1 BHK,600.0,Nerul,Mumbai,19.0361557,73.02041626,,0.0,0,Unfurnished,14000
Independent Floor ,3 BHK,,Greater Kailash,Delhi,28.53667831,77.24420166,3.0,0.0,0,Semi-Furnished,100000
Apartment ,3 BHK,999.0,Mulund West,Mumbai,19.16165924,72.94767761,2.0,0.0,0,Semi-Furnished,60000
Independent Floor ,2 BHK,800.0,Tagore Garden Extension,Delhi,28.6476841,77.1100769,2.0,0.0,0,Furnished,27000
Apartment ,2 BHK,800.0,Chembur,Mumbai,19.05808067,72.90823364,1.0,0.0,0,Unfurnished,65000
Independent Floor ,3 BHK,900.0,Pitampura,Delhi,28.695364,77.15354919,2.0,1.0,<=100k,Semi-Furnished,29000
Apartment ,2 BHK,1080.0,Chembur,Mumbai,19.06436729,72.89434814,2.0,0.0,0,Semi-Furnished,65000
Apartment ,2 BHK,1100.0,Seawoods,Mumbai,19.00620651,73.01461792,2.0,0.0,0,Furnished,65000
Independent House ,5 BHK,6521.0,Vasant Kunj,Delhi,28.52631378,77.14366913,4.0,2.0,>100k,Unfurnished,401102
Independent Floor ,2 BHK,450.0,Dabri,Delhi,28.61173439,77.08657074,1.0,0.0,,Unfurnished,10500
Apartment ,2 BHK,900.0,Tathawade,Pune,18.62063408,73.73766327,2.0,0.0,0,Unfurnished,23000
Apartment ,3 BHK,2200.0,Sector 19 Dwarka,Delhi,28.58045387,77.0519104,,0.0,0,Semi-Furnished,59000
Villa ,4 BHK,6251.0,Hauz Khas,Delhi,28.55542183,77.20988464,4.0,2.0,>100k,Unfurnished,549191
Apartment ,2 BHK,965.0,Virar,Mumbai,19.40968132,72.8368988,2.0,0.0,0,Semi-Furnished,11000
Apartment ,2 BHK,1150.0,Fatima Nagar,Pune,18.50439644,73.90155029,2.0,2.0,<=100k,Semi-Furnished,18000
Independent Floor ,3 BHK,2856.0,Vasant Vihar,Delhi,28.55739021,77.15714264,3.0,2.0,>100k,Unfurnished,301012
Apartment ,3 BHK,1200.0,Andheri West,Mumbai,19.13736153,72.83709717,3.0,3.0,>100k,Furnished,95000
Apartment ,2 BHK,1000.0,Santacruz East,Mumbai,19.07385063,72.86419678,2.0,0.0,,Semi-Furnished,80000
Apartment ,2 BHK,1075.0,Kanjurmarg,Mumbai,19.1339817,72.93009186,2.0,0.0,0,Furnished,85000
Apartment ,3 BHK,1315.0,Borivali East,Mumbai,19.22719193,72.85888672,3.0,1.0,>100k,Unfurnished,65000
Apartment ,1 BHK,560.0,Mira Road East,Mumbai,19.27337646,72.87338257,1.0,0.0,0,Semi-Furnished,16000
Apartment ,2 BHK,1110.0,Prabhadevi,Mumbai,19.00966644,72.83003235,2.0,0.0,0,Furnished,105000
Apartment ,2 BHK,,Tathawade,Pune,18.63767815,73.73706818,2.0,3.0,<=100k,Furnished,23000
Apartment ,2 BHK,1080.0,Hinjewadi,Pune,18.57142639,73.69288635,2.0,0.0,0,Furnished,29000
Independent Floor ,3 BHK,1500.0,Gulmohar park,Delhi,28.55721664,77.21279144,3.0,0.0,0,Semi-Furnished,100000
Apartment ,2 BHK,1100.0,Aundh,Pune,18.56284332,73.80349731,2.0,0.0,0,Semi-Furnished,24200
Apartment ,3 BHK,1080.0,Malad East,Mumbai,19.19087029,72.86130524,3.0,0.0,0,Unfurnished,85000
Apartment ,1 BHK,570.0,Thane West,Mumbai,19.18892288,72.96302795,1.0,0.0,0,Semi-Furnished,23000
Villa ,4 BHK,5896.0,Shanti Niketan,Delhi,28.57792091,77.16937256,4.0,2.0,>100k,Unfurnished,640101
Villa ,4 BHK,,Vasant Kunj,Delhi,28.52631378,77.14366913,4.0,2.0,>100k,Unfurnished,310102
Villa ,4 BHK,5852.0,Saket,Delhi,28.52354813,77.20014191,4.0,2.0,,Unfurnished,408545
Independent Floor ,4 BHK,5896.0,Maharani Bagh,Delhi,28.57262039,77.26422119,4.0,2.0,,Unfurnished,401015
Apartment ,4 BHK,2000.0,Sector 6 Dwarka,Delhi,28.59405136,77.03688812,4.0,0.0,0,Semi-Furnished,49000
Apartment ,2 BHK,1325.0,Kharghar,Mumbai,19.07118607,73.07369232,2.0,0.0,<=100k,Semi-Furnished,26000
Apartment ,2 BHK,1017.0,Wakad,Pune,18.60084724,73.75977325,2.0,0.0,,Unfurnished,16000
Independent Floor ,3 BHK,1800.0,Safdarjung Development Area,Delhi,28.55068588,77.20052338,,0.0,0,Semi-Furnished,130000
Independent Floor ,4 BHK,5896.0,Vasant Vihar,Delhi,28.55739021,77.15714264,4.0,2.0,>100k,Unfurnished,401012
Apartment ,2 BHK,,Thane West,Mumbai,19.22232819,72.98812103,2.0,0.0,<=100k,Semi-Furnished,22000
Apartment ,2 BHK,915.0,Tathawade,Pune,18.6384201,73.73475647,2.0,0.0,0,Semi-Furnished,14700
Independent Floor ,3 BHK,1900.0,Panchsheel Enclave,Delhi,28.54448891,77.2288208,3.0,0.0,0,Semi-Furnished,95000
Independent Floor ,1 BHK,500.0,Saket,Delhi,28.52354813,77.20014191,,0.0,<=100k,Semi-Furnished,8000
Apartment ,2 BHK,1100.0,Hinjewadi,Pune,18.57535172,73.67964935,2.0,0.0,0,Furnished,23000
Independent Floor ,3 BHK,2856.0,Vasant Vihar,Delhi,28.55739021,77.15714264,3.0,2.0,>100k,Unfurnished,401012
Apartment ,1 BHK,615.0,Pimple Saudagar,Pune,18.5952549,73.79166412,1.0,1.0,<=100k,Semi-Furnished,21000
Independent Floor ,1 BHK,450.0,Bindapur,Delhi,28.60990334,77.07619476,1.0,0.0,0,Semi-Furnished,9000
Apartment ,2 BHK,930.0,Sheikh Sarai,Delhi,28.53103638,77.20909882,2.0,1.0,<=100k,Semi-Furnished,27000
Independent Floor ,3 BHK,1800.0,Paschim Vihar,Delhi,28.67094231,77.10485077,3.0,0.0,0,Semi-Furnished,46000
Apartment ,1 BHK,508.0,Dhanori,Pune,18.59919357,73.89832306,1.0,0.0,<=100k,Unfurnished,13500
Apartment ,2 BHK,850.0,Santacruz East,Mumbai,19.07924843,72.853508,2.0,0.0,0,Unfurnished,45000
Apartment ,1 BHK,415.0,Andheri East,Mumbai,19.11567116,72.88295746,1.0,0.0,0,Semi-Furnished,42000
Independent Floor ,3 BHK,,Defence Colony,Delhi,28.57326508,77.23409271,3.0,0.0,0,Semi-Furnished,140000
Independent Floor ,3 BHK,,Hauz Khas,Delhi,28.55542183,77.20988464,3.0,2.0,,Unfurnished,381812
Apartment ,3 BHK,2400.0,Sector 12 Dwarka,Delhi,28.59359932,77.03804016,4.0,0.0,0,Semi-Furnished,38000
Apartment ,2 BHK,1186.0,Wagholi,Pune,18.58410645,74.00319672,2.0,2.0,<=100k,Semi-Furnished,22000
Independent Floor ,3 BHK,2856.0,Green Park,Delhi,28.55761909,77.20458984,,2.0,>100k,Unfurnished,235592
Villa ,5 BHK,6521.0,Prithviraj Road,Delhi,28.6001606,77.22097778,4.0,2.0,,Unfurnished,1448181
Independent Floor ,2 BHK,800.0,Ramesh Nagar,Delhi,28.64922142,77.13320923,2.0,0.0,0,Furnished,24000
Studio Apartment ,1 RK,200.0,Wakad,Pune,18.59894371,73.76527405,1.0,0.0,0,Furnished,6500
Apartment ,2 BHK,1000.0,Santacruz West,Mumbai,19.08450127,72.83721161,2.0,0.0,0,Semi-Furnished,135000
Apartment ,1 BHK,750.0,Kharadi,Pune,18.55333519,73.94477844,1.0,0.0,0,Unfurnished,10500
,2 BHK,1241.0,Wagholi,Pune,18.57436371,73.99543762,2.0,2.0,<=100k,Furnished,25000
Apartment ,1 BHK,560.0,Thane West,Mumbai,19.22629738,72.96929932,,0.0,0,Furnished,24000
Independent House ,4 BHK,2000.0,Erandwane,Pune,18.50756454,73.82968903,4.0,0.0,0,Unfurnished,60000
,1 BHK,490.0,Patel Nagar,Delhi,28.64595604,77.16685486,1.0,2.0,<=100k,Semi-Furnished,11500
Independent Floor ,3 BHK,1350.0,Janakpuri,Delhi,28.62119293,77.09102631,3.0,0.0,0,Semi-Furnished,43000
Apartment ,2 BHK,1350.0,Kharghar,Mumbai,19.05342484,73.06720734,2.0,0.0,0,Unfurnished,45000
Villa ,4 BHK,5896.0,Navjeevan Vihar,Delhi,28.53347588,77.19955444,4.0,2.0,>100k,Unfurnished,401105
Independent Floor ,4 BHK,4052.0,Saket,Delhi,28.52354813,77.20014191,4.0,2.0,>100k,Unfurnished,301011
Apartment ,1 BHK,560.0,Dhanori,Pune,18.60419464,73.90248871,1.0,1.0,<=100k,Unfurnished,15000
Apartment ,1 BHK,535.0,Goregaon East,Mumbai,19.15395355,72.88471222,1.0,0.0,0,Unfurnished,16000
Apartment ,2 BHK,865.0,Vikhroli,Mumbai,19.11166382,72.92677307,2.0,0.0,0,Semi-Furnished,50000
Apartment ,2 BHK,750.0,Naigaon East,Mumbai,19.36037445,72.85797119,1.0,0.0,0,Semi-Furnished,12600
Apartment ,1 BHK,680.0,Titwala,Mumbai,19.28917503,73.20214844,1.0,0.0,0,Unfurnished,7500
Villa ,4 BHK,3200.0,Virar West,Mumbai,19.45512581,72.79853058,,0.0,0,Furnished,50000
Apartment ,1 BHK,,Andheri East,Mumbai,19.11567116,72.88295746,2.0,0.0,0,Furnished,44000
Apartment ,2 BHK,1027.0,Borivali East,Mumbai,19.22131157,72.85739899,2.0,0.0,>100k,Unfurnished,55000
Apartment ,2 BHK,850.0,Kalyan West,Mumbai,19.25697136,73.12395477,2.0,0.0,0,Furnished,22000
Apartment ,1 BHK,641.0,Ghansoli,Mumbai,19.12399673,72.9980545,2.0,2.0,<=100k,Unfurnished,15000
Independent Floor ,5 BHK,6521.0,Sarvpriya Vihar,Delhi,28.54276657,77.20674133,4.0,2.0,>100k,Unfurnished,401015
Independent Floor ,3 BHK,2856.0,Niti Bagh,Delhi,28.55949974,77.21679688,3.0,2.0,>100k,Unfurnished,301012
,2 BHK,935.0,Pimple Saudagar,Pune,18.59511375,73.78903961,2.0,0.0,<=100k,Unfurnished,18500
Apartment ,2 BHK,990.0,Kamothe,Mumbai,19.01439095,73.09449005,2.0,0.0,0,Furnished,21000
Apartment ,2 BHK,918.0,Dombivali,Mumbai,19.16758537,73.07501221,2.0,0.0,0,Unfurnished,15000
Apartment ,5 BHK,3600.0,Tardeo,Mumbai,18.96496964,72.80918121,6.0,0.0,0,Furnished,350000
Independent Floor ,3 BHK,900.0,Poorvi Pitampura,Delhi,28.70433044,77.14995575,,1.0,<=100k,Semi-Furnished,31000
Apartment ,2 BHK,1000.0,Hinjewadi,Pune,18.58396339,73.69768524,2.0,0.0,0,Unfurnished,17000
,3 BHK,2856.0,Golf Links,Delhi,28.59763908,77.23332977,3.0,2.0,>100k,Unfurnished,301012
Apartment ,3 BHK,1900.0,Chembur,Mumbai,19.05108452,72.89046478,2.0,0.0,0,Unfurnished,105000
Apartment ,3 BHK,1270.0,Chakan,Pune,18.74325562,73.84774017,2.0,0.0,0,Semi-Furnished,9500
Independent Floor ,3 BHK,1350.0,Mansarover Garden,Delhi,28.64325905,77.13282776,2.0,0.0,0,Semi-Furnished,45000
Independent Floor ,3 BHK,2856.0,Panchsheel Park,Delhi,28.54154015,77.21611786,3.0,2.0,>100k,Unfurnished,274848
Apartment ,1 BHK,651.0,Ghansoli,Mumbai,19.12399673,72.9980545,2.0,2.0,<=100k,Unfurnished,20000
,3 BHK,1350.0,Paschim Vihar,Delhi,28.66797447,77.10562134,3.0,0.0,0,Furnished,46000
Apartment ,2 BHK,,Matunga,Mumbai,19.02620506,72.84390259,2.0,0.0,,Furnished,105000
Apartment ,1 BHK,600.0,Koper Khairane,Mumbai,19.1027832,73.01050568,1.0,0.0,0,Semi-Furnished,23000
,2 BHK,890.0,Chinchwad,Pune,18.62671089,73.77651978,2.0,1.0,<=100k,Unfurnished,20000
Studio Apartment ,1 RK,280.0,Chattarpur,Delhi,28.49385643,77.18325043,1.0,0.0,,Unfurnished,6000
Apartment ,2 BHK,1046.0,Hinjewadi,Pune,18.58264923,73.69248199,2.0,0.0,0,Furnished,42000
Apartment ,3 BHK,,NIBM,Pune,18.47689629,73.89581299,3.0,1.0,>100k,Furnished,35000
Independent House ,5 BHK,6521.0,New Friends Colony,Delhi,28.56705093,77.27355957,4.0,2.0,>100k,Unfurnished,401015
Apartment ,2 BHK,900.0,Andheri West,Mumbai,19.13805008,72.82532501,2.0,0.0,0,Furnished,60000
Apartment ,2 BHK,1004.0,Rahatani,Pune,18.60332108,73.7872467,2.0,1.0,<=100k,Semi-Furnished,18000
Apartment ,3 BHK,1800.0,Kharadi,Pune,18.55762672,73.94908142,3.0,2.0,>100k,Furnished,58000
Apartment ,2 BHK,1315.0,Wanowrie,Pune,18.48319054,73.8974762,2.0,0.0,<=100k,Semi-Furnished,25000
Apartment ,1 BHK,750.0,Andheri West,Mumbai,19.13804436,72.82541656,,0.0,0,Furnished,40000
Apartment ,1 BHK,540.0,Thane West,Mumbai,19.2348175,72.96658325,1.0,0.0,0,Semi-Furnished,15000
Apartment ,3 BHK,2300.0,Juhu Scheme,Mumbai,19.10780334,72.82821655,4.0,0.0,>100k,Furnished,400000
Apartment ,1 BHK,650.0,Andheri East,Mumbai,19.11686325,72.86997986,1.0,0.0,0,Semi-Furnished,45000
Independent Floor ,4 BHK,5896.0,Shanti Niketan,Delhi,28.57792091,77.16937256,4.0,2.0,>100k,Unfurnished,301012
,3 BHK,2856.0,Jor bagh,Delhi,28.67728996,77.15930176,3.0,2.0,>100k,Unfurnished,301014
Apartment ,1 BHK,600.0,Goregaon West,Mumbai,19.16864586,72.84247589,2.0,0.0,0,Unfurnished,29500
Villa ,5 BHK,6535.0,Jor bagh,Delhi,28.67728996,77.15930176,4.0,2.0,>100k,Unfurnished,1412255
,2 BHK,,Kurla,Mumbai,19.06728363,72.88253784,2.0,0.0,0,Furnished,90000
Apartment ,2 BHK,663.0,Virar,Mumbai,19.46743011,72.80207825,,0.0,0,Semi-Furnished,7700
Independent Floor ,3 BHK,2856.0,Saket,Delhi,28.52354813,77.20014191,3.0,2.0,>100k,Unfurnished,301012
Studio Apartment ,1 RK,150.0,Borivali East,Mumbai,19.22686195,72.86437988,1.0,1.0,<=100k,Semi-Furnished,20000
,2 BHK,900.0,Andheri West,Mumbai,19.13788033,72.82634735,2.0,0.0,0,Furnished,60000
Apartment ,2 BHK,1060.0,Pimple Saudagar,Pune,18.5921669,73.78955841,2.0,0.0,<=100k,Unfurnished,20000
Independent Floor ,3 BHK,900.0,Uttari Pitampura,Delhi,28.71280289,77.13853455,2.0,1.0,<=100k,Semi-Furnished,31000
Independent Floor ,4 BHK,5896.0,New Friends Colony,Delhi,28.56705093,77.27355957,4.0,4.0,>100k,Unfurnished,310102
Apartment ,2 BHK,900.0,Andheri East,Mumbai,19.12765121,72.86154175,,0.0,0,Furnished,40000
,3 BHK,2300.0,NIBM Annex Mohammadwadi,Pune,18.46670341,73.90796661,3.0,1.0,<=100k,Semi-Furnished,32000
Apartment ,2 BHK,987.0,Wagholi,Pune,18.5781498,74.00430298,2.0,2.0,<=100k,Semi-Furnished,15000
Apartment ,2 BHK,1000.0,Powai,Mumbai,19.11356544,72.90399933,2.0,0.0,0,Furnished,52000
Apartment ,2 BHK,985.0,Wagholi,Pune,18.57388115,73.97631073,,2.0,<=100k,Unfurnished,15000
Apartment ,3 BHK,1825.0,Vishrantwadi,Pune,18.56936264,73.87811279,3.0,2.0,<=100k,Unfurnished,32000
Apartment ,3 BHK,1115.0,Dhayari,Pune,18.45963287,73.79055786,2.0,1.0,<=100k,Semi-Furnished,15500
Apartment ,2 BHK,1200.0,Kondhwa,Pune,18.46165085,73.88987732,2.0,0.0,<=100k,Semi-Furnished,16000
Apartment ,2 BHK,939.0,Wakad,Pune,18.6076107,73.75753021,2.0,0.0,0,Furnished,16000
Studio Apartment ,1 RK,340.0,Haiderpur,Delhi,28.71986961,77.14903259,1.0,0.0,0,Semi-Furnished,6500
Apartment ,2 BHK,900.0,Ville Parle East,Mumbai,19.0951004,72.8605957,2.0,0.0,0,Unfurnished,85000
Independent Floor ,3 BHK,5000.0,Defence Colony,Delhi,28.57119751,77.23151398,3.0,0.0,0,Semi-Furnished,170000
Apartment ,2 BHK,950.0,Sheikh Sarai,Delhi,28.53419876,77.21559143,2.0,0.0,0,Semi-Furnished,22000
Independent Floor ,4 BHK,5896.0,Jor bagh,Delhi,28.67728996,77.15930176,4.0,2.0,>100k,Unfurnished,301011
Independent House ,4 BHK,5896.0,Ghitorni,Delhi,28.49571991,77.13581085,4.0,2.0,>100k,Unfurnished,352929
Apartment ,2 BHK,1590.0,Dhanori,Pune,18.58590889,73.89323425,2.0,2.0,<=100k,Unfurnished,25000
Apartment ,3 BHK,1760.0,Kharghar,Mumbai,19.04225349,73.06384277,3.0,0.0,<=100k,Semi-Furnished,45000
Apartment ,4 BHK,1950.0,Sector-18 Dwarka,Delhi,28.58725357,77.03544617,3.0,0.0,0,Semi-Furnished,35000
Apartment ,1 BHK,680.0,Ulwe,Mumbai,18.96696472,73.01980591,1.0,2.0,<=100k,Unfurnished,10500
Villa ,5 BHK,6251.0,Chattarpur,Delhi,28.49946976,77.19647217,4.0,2.0,>100k,Unfurnished,704405
Apartment ,2 BHK,1205.0,Aundh,Pune,18.56634712,73.81490326,2.0,2.0,<=100k,Unfurnished,25000
,2 BHK,995.0,Andheri East,Mumbai,19.12240219,72.88565063,2.0,1.0,>100k,Semi-Furnished,65000
,1 BHK,450.0,Chattarpur,Delhi,28.4950943,77.18090057,1.0,0.0,0,Semi-Furnished,9500
,2 BHK,1100.0,Kharghar,Mumbai,19.04759026,73.0774765,2.0,0.0,0,Furnished,40000
Apartment ,2 BHK,800.0,Dadar West,Mumbai,19.02109528,72.83779144,2.0,0.0,0,Furnished,85000
Apartment ,3 BHK,1398.0,Wagholi,Pune,18.58956146,73.96814728,,3.0,<=100k,Unfurnished,35000
,2 BHK,1020.0,Borivali East,Mumbai,19.21999931,72.86000061,2.0,1.0,>100k,Unfurnished,45000
Apartment ,2 BHK,1000.0,Kondhwa,Pune,18.47638512,73.89437866,2.0,1.0,<=100k,Unfurnished,23000
Apartment ,3 BHK,1405.0,Lohegaon,Pune,18.62320328,73.91668701,3.0,0.0,0,Semi-Furnished,26000
Apartment ,2 BHK,1090.0,Wagholi,Pune,18.58727837,74.00176239,2.0,2.0,<=100k,Unfurnished,14000
Studio Apartment ,1 RK,,East of Kailash,Delhi,28.55871391,77.25095367,,1.0,<=100k,Furnished,13000
Apartment ,2 BHK,1000.0,Kondhwa,Pune,18.44705772,73.89079285,2.0,1.0,<=100k,Unfurnished,24000
Apartment ,1 BHK,590.0,Thane West,Mumbai,19.26848221,72.97049713,2.0,3.0,<=100k,Semi-Furnished,15000
Apartment ,3 BHK,1520.0,Thane West,Mumbai,19.19026947,72.96784973,,0.0,0,Furnished,63000
Villa ,4 BHK,,Vasant Kunj,Delhi,28.52631378,77.14366913,4.0,2.0,>100k,Unfurnished,301012
Studio Apartment ,1 RK,150.0,Pitampura,Delhi,28.69966316,77.13161469,1.0,0.0,0,Semi-Furnished,7500
,1 BHK,641.0,Wadgaon Sheri,Pune,18.55397606,73.92414856,1.0,0.0,0,Unfurnished,17000
Apartment ,2 BHK,906.0,Wagholi,Pune,18.57494926,74.00061035,2.0,2.0,<=100k,Semi-Furnished,18000
Independent Floor ,3 BHK,2856.0,Green Park Extension,Delhi,28.55970383,77.20386505,3.0,2.0,>100k,Unfurnished,301022
Studio Apartment ,1 RK,340.0,Model Town,Delhi,28.71587372,77.19107056,1.0,0.0,0,Furnished,16000
Villa ,4 BHK,5896.0,Ghitorni,Delhi,28.49571991,77.13581085,,2.0,>100k,Unfurnished,564192
Independent House ,5 BHK,6521.0,Lodhi Estate,Delhi,28.59388924,77.22183228,4.0,2.0,>100k,Unfurnished,1010102
Apartment ,3 BHK,1250.0,Goregaon West,Mumbai,19.15450859,72.84287262,2.0,0.0,0,Semi-Furnished,82000
Apartment ,2 BHK,800.0,Kandivali West,Mumbai,19.20258904,72.82205963,2.0,0.0,0,Unfurnished,48000
Apartment ,2 BHK,1000.0,Hinjewadi,Pune,18.58396339,73.69768524,2.0,0.0,0,Unfurnished,17000
Apartment ,2 BHK,900.0,Rahatani,Pune,18.60302353,73.78948212,2.0,0.0,0,Semi-Furnished,23000
Apartment ,2 BHK,,Ville Parle East,Mumbai,19.0951004,72.8605957,2.0,0.0,0,Unfurnished,80000
Independent Floor ,2 BHK,1600.0,Safdarjung Development Area,Delhi,28.55068588,77.20052338,2.0,0.0,0,Semi-Furnished,65000
,2 BHK,800.0,Sector 19 Dwarka,Delhi,28.57611275,77.04671478,2.0,0.0,0,Furnished,30000
Apartment ,3 BHK,1500.0,Sangamvadi,Pune,18.54178619,73.88245392,2.0,0.0,0,Furnished,35000
Apartment ,2 BHK,,Baner,Pune,18.56068611,73.77831268,2.0,2.0,<=100k,Unfurnished,27000
Apartment ,1 BHK,460.0,Tardeo,Mumbai,18.97781944,72.81047821,1.0,0.0,0,Furnished,85000
Apartment ,1 BHK,550.0,Hadapsar,Pune,18.47051239,73.94250488,1.0,0.0,0,Semi-Furnished,6000
,3 BHK,1850.0,Powai,Mumbai,19.12353706,72.89595795,3.0,0.0,0,Semi-Furnished,90000
Apartment ,2 BHK,972.0,Malad West,Mumbai,19.18128777,72.83981323,2.0,0.0,>100k,Unfurnished,46000
,3 BHK,1856.0,Sarvpriya Vihar,Delhi,28.54276657,77.20674133,3.0,2.0,>100k,Unfurnished,235292
Apartment ,1 BHK,500.0,Andheri East,Mumbai,19.11686325,72.86997986,2.0,0.0,0,Semi-Furnished,45000
Independent Floor ,4 BHK,5896.0,Defence Colony,Delhi,28.57183075,77.23332977,4.0,2.0,>100k,Unfurnished,301012
Independent Floor ,3 BHK,2856.0,Gulmohar park,Delhi,28.55765915,77.21248627,3.0,2.0,>100k,Unfurnished,301012
Apartment ,2 BHK,994.0,Tathawade,Pune,18.6150074,73.75059509,2.0,1.0,<=100k,Unfurnished,20000
Apartment ,2 BHK,,Chattarpur,Delhi,28.49385643,77.18325043,,0.0,0,Semi-Furnished,20000
Apartment ,2 BHK,1900.0,Kothrud,Pune,21.17945862,72.80954742,3.0,0.0,0,Furnished,32000
Apartment ,2 BHK,830.0,Bhandup West,Mumbai,19.15110016,72.94132233,2.0,0.0,0,Furnished,35000
Independent House ,5 BHK,6521.0,Green Park,Delhi,28.55761909,77.20458984,4.0,2.0,>100k,Unfurnished,605041
Independent Floor ,3 BHK,2000.0,Defence Colony,Delhi,28.57263374,77.23251343,,0.0,0,Semi-Furnished,180000
,1 BHK,500.0,Handewadi,Pune,18.45766068,73.9354248,1.0,0.0,0,Unfurnished,6000
Apartment ,3 BHK,1690.0,Wagholi,Pune,18.58410645,74.00319672,2.0,3.0,,Semi-Furnished,20000
Independent Floor ,3 BHK,1300.0,laxmi nagar,Delhi,28.63550949,77.26966095,2.0,0.0,0,Furnished,20000
,2 BHK,920.0,Wagholi,Pune,18.58507729,73.97621155,2.0,0.0,<=100k,Unfurnished,18000
,5 BHK,6521.0,New Friends Colony,Delhi,28.56705093,77.27355957,4.0,2.0,>100k,Unfurnished,301022
,2 BHK,800.0,Andheri West,Mumbai,19.13553238,72.81269073,2.0,0.0,0,Semi-Furnished,70000
Apartment ,2 BHK,806.0,Andheri West,Mumbai,19.12880707,72.83333588,2.0,3.0,>100k,Furnished,70000
,3 BHK,2856.0,Golf Links,Delhi,28.59763908,77.23332977,3.0,2.0,>100k,Unfurnished,301101
,2 BHK,590.0,Dwarka Mor,Delhi,28.62432671,77.02622986,,0.0,0,Semi-Furnished,8000
Independent Floor ,2 BHK,1000.0,Patel Nagar,Delhi,28.64948845,77.16635895,2.0,0.0,0,Furnished,30000
Apartment ,1 BHK,572.0,Dhayari,Pune,18.45824623,73.79203033,2.0,1.0,<=100k,Unfurnished,10500
Apartment ,2 BHK,910.0,PANCHSHEEL VIHAR,Delhi,28.53346634,77.21969604,2.0,1.0,<=100k,Semi-Furnished,24000
Independent Floor ,5 BHK,6251.0,Sunder Nagar,Delhi,28.61843681,76.96178436,4.0,2.0,>100k,Unfurnished,401010
Apartment ,3 BHK,1618.0,Wagholi,Pune,18.58410645,74.00319672,3.0,0.0,<=100k,Semi-Furnished,30000
Apartment ,2 BHK,1045.0,Wagholi,Pune,18.57534027,73.95858765,2.0,0.0,<=100k,Semi-Furnished,16500
Apartment ,3 BHK,1400.0,Santacruz East,Mumbai,19.0793705,72.85626221,3.0,0.0,0,Unfurnished,75000
,2 BHK,950.0,Goregaon West,Mumbai,19.16693306,72.83876038,2.0,0.0,>100k,Unfurnished,48000
Apartment ,2 BHK,850.0,Dombivali,Mumbai,19.16758537,73.07501221,2.0,0.0,0,Unfurnished,13000
Apartment ,2 BHK,900.0,Andheri West,Mumbai,19.13805008,72.82532501,2.0,0.0,0,Furnished,60000
,1 BHK,750.0,Santacruz East,Mumbai,19.08069229,72.85571289,1.0,0.0,,Furnished,35000
Apartment ,2 BHK,1090.0,Wagholi,Pune,18.58279419,73.97045135,2.0,2.0,<=100k,Unfurnished,21000
Apartment ,1 BHK,900.0,Chattarpur,Delhi,28.49897003,77.24090576,1.0,0.0,0,Unfurnished,7000
Apartment ,1 BHK,550.0,Mira Road East,Mumbai,19.28087616,72.87459564,1.0,0.0,0,Semi-Furnished,12500
Apartment ,2 BHK,1300.0,Airoli,Mumbai,19.14341927,72.99730682,2.0,0.0,0,Furnished,30000
Independent Floor ,2 BHK,700.0,Uttam Nagar,Delhi,28.61945724,77.05670929,2.0,0.0,0,Furnished,13000
Apartment ,2 BHK,900.0,Sector 11 Dwarka,Delhi,28.58974075,77.04853821,2.0,0.0,0,Semi-Furnished,19500
Apartment ,1 BHK,700.0,Andheri West,Mumbai,19.13108253,72.81465149,,0.0,0,Unfurnished,35000
Apartment ,2 BHK,1020.0,Janakpuri,Delhi,28.62412453,77.08145905,2.0,1.0,<=100k,Semi-Furnished,20000
Independent Floor ,2 BHK,,Dabri,Delhi,28.60993385,77.09203339,2.0,0.0,0,Semi-Furnished,14000
Apartment ,1 BHK,624.0,Chembur,Mumbai,19.04956245,72.88802338,2.0,0.0,0,Semi-Furnished,39000
Apartment ,1 BHK,600.0,Kurla,Mumbai,19.06279755,72.88594818,1.0,0.0,0,Semi-Furnished,38000
Apartment ,1 BHK,,Virar,Mumbai,19.44832611,72.78582001,1.0,1.0,0,Semi-Furnished,6500
Independent Floor ,2 BHK,1800.0,Green Park,Delhi,28.55545235,77.20214081,2.0,0.0,0,Furnished,70000
Villa ,5 BHK,6521.0,West End,Delhi,28.57413292,77.16131592,4.0,2.0,>100k,Unfurnished,540105
Apartment ,2 BHK,1000.0,Thane West,Mumbai,19.25835991,72.98197174,,0.0,0,Semi-Furnished,47000
,2 BHK,1000.0,NIBM,Pune,18.47689629,73.89581299,2.0,1.0,,Semi-Furnished,28000
Independent Floor ,5 BHK,6521.0,New Friends Colony,Delhi,28.56705093,77.27355957,4.0,2.0,>100k,Unfurnished,401012
Apartment ,2 BHK,,Mahim,Mumbai,19.02898026,72.83972931,2.0,0.0,0,Semi-Furnished,80000
Apartment ,2 BHK,961.0,Wakad,Pune,18.59038162,73.77328491,2.0,0.0,<=100k,Furnished,30000
Apartment ,1 BHK,600.0,Santacruz East,Mumbai,19.07627678,72.86540222,1.0,0.0,,Semi-Furnished,32100
Apartment ,2 BHK,1200.0,Jogeshwari West,Mumbai,19.1398983,72.84290314,2.0,0.0,0,Semi-Furnished,60000
Independent Floor ,3 BHK,2700.0,Green Park,Delhi,28.55524445,77.20317078,3.0,0.0,,Semi-Furnished,80000
Independent Floor ,3 BHK,2856.0,Sarvodaya Enclave,Delhi,28.5376606,77.20207214,3.0,2.0,,Unfurnished,301012
Apartment ,2 BHK,600.0,Malad West,Mumbai,19.18503952,72.81951141,2.0,0.0,0,Furnished,52000
Villa ,1 BHK,180.0,Kurla,Mumbai,19.05584908,72.92816162,1.0,0.0,<=100k,Unfurnished,5500
,1 BHK,550.0,Yerawada,Pune,18.56578255,73.8832016,1.0,0.0,0,Semi-Furnished,14000
Apartment ,3 BHK,1441.0,Baner,Pune,18.57219696,73.77565002,3.0,0.0,<=100k,Unfurnished,26000
Studio Apartment ,1 RK,352.0,East of Kailash,Delhi,28.55871391,77.25095367,1.0,1.0,<=100k,Furnished,13000
Apartment ,2 BHK,965.0,Kalyan West,Mumbai,19.26552963,73.13800812,2.0,0.0,<=100k,Unfurnished,11000
Apartment ,1 BHK,597.0,Borivali East,Mumbai,19.21932411,72.87076569,2.0,0.0,0,Furnished,33000
Apartment ,1 BHK,580.0,Mira Road East,Mumbai,19.28087616,72.87459564,1.0,0.0,0,Semi-Furnished,13000
Independent House ,5 BHK,6521.0,Vasant Kunj,Delhi,28.52631378,77.14366913,4.0,2.0,>100k,Unfurnished,300110
Independent Floor ,3 BHK,2856.0,Saket,Delhi,28.52354813,77.20014191,3.0,2.0,>100k,Unfurnished,301012
Apartment ,1 BHK,850.0,Pimple Gurav,Pune,18.59726143,73.81361389,1.0,0.0,0,Semi-Furnished,9500
Villa ,5 BHK,6254.0,Geetanjali Enclave,Delhi,28.53087997,77.20243073,,2.0,>100k,Unfurnished,308212
Apartment ,4 BHK,2400.0,Sector 11 Dwarka,Delhi,28.58954048,77.04999542,4.0,0.0,0,Semi-Furnished,60000
Apartment ,2 BHK,,Malabar Hill,Mumbai,18.95371056,72.8004303,2.0,0.0,0,Furnished,90000
Studio Apartment ,1 RK,370.0,Karampura,Delhi,28.6656723,77.14891052,1.0,0.0,0,Furnished,23000
Apartment ,1 BHK,550.0,Vikhroli,Mumbai,19.12318611,72.92631531,2.0,0.0,0,Unfurnished,28000
Villa ,5 BHK,6521.0,Ghitorni,Delhi,28.49571991,77.13581085,4.0,2.0,>100k,Unfurnished,301010
,2 BHK,987.0,Wagholi,Pune,18.57443619,73.98206329,2.0,2.0,<=100k,Unfurnished,14000
Independent Floor ,4 BHK,1500.0,Kalyan Vihar,Delhi,28.68982697,77.19462585,3.0,0.0,0,Semi-Furnished,39000
Apartment ,3 BHK,1680.0,Charholi Budruk,Pune,18.64663315,73.87836456,3.0,2.0,<=100k,Furnished,30000
Apartment ,2 BHK,1280.0,Aundh,Pune,18.5673275,73.80388641,2.0,2.0,<=100k,Unfurnished,25000
Independent Floor ,3 BHK,1800.0,Safdarjung Enclave,Delhi,28.56687927,77.19239807,3.0,0.0,,Semi-Furnished,80000
Apartment ,2 BHK,1305.0,Kharghar,Mumbai,19.07082176,73.08248138,2.0,0.0,<=100k,Semi-Furnished,33000
Independent Floor ,4 BHK,3650.0,Vasant Vihar,Delhi,28.55988312,77.15815735,5.0,0.0,0,Semi-Furnished,300000
,1 BHK,400.0,Sector 12 Dwarka,Delhi,28.59508514,77.0379715,1.0,0.0,<=100k,Furnished,8500
Independent Floor ,2 BHK,999.0,Lajpat Nagar,Delhi,28.57617188,77.24238586,,0.0,0,Semi-Furnished,35964
Apartment ,2 BHK,1046.0,Pashan,Pune,18.55077171,73.79243469,2.0,0.0,<=100k,Unfurnished,20000
Apartment ,2 BHK,980.0,Kharadi,Pune,18.55183411,73.96214294,2.0,0.0,0,Semi-Furnished,35000
Apartment ,1 BHK,580.0,Thane West,Mumbai,19.22629738,72.96929932,1.0,0.0,0,Furnished,23000
Independent House ,5 BHK,6251.0,Vasant Kunj,Delhi,28.52631378,77.14366913,4.0,2.0,>100k,Unfurnished,564195
Studio Apartment ,1 RK,250.0,Andheri East,Mumbai,19.13683128,72.86800385,1.0,0.0,0,Semi-Furnished,15500
Independent Floor ,4 BHK,5896.0,Sunder Nagar,Delhi,28.61843681,76.96178436,4.0,2.0,>100k,Unfurnished,401010
,2 BHK,1034.0,Wagholi,Pune,18.56959343,73.95823669,2.0,0.0,<=100k,Furnished,20000
Apartment ,2 BHK,720.0,Sector 19 Dwarka,Delhi,28.57625961,77.04273224,,0.0,0,Furnished,27000
Independent Floor ,4 BHK,5896.0,Niti Bagh,Delhi,28.55949974,77.21679688,4.0,2.0,>100k,Unfurnished,312012
,2 BHK,1120.0,Baner,Pune,18.56068611,73.77831268,2.0,2.0,<=100k,Unfurnished,18000
Apartment ,2 BHK,900.0,Pimple Saudagar,Pune,18.59686661,73.80332184,2.0,0.0,<=100k,Unfurnished,23000
Apartment ,3 BHK,1300.0,Janakpuri,Delhi,28.62412453,77.08145905,2.0,1.0,,Semi-Furnished,32000
Independent Floor ,3 BHK,2856.0,Safdarjung Enclave,Delhi,28.56125832,77.19052124,3.0,2.0,>100k,Unfurnished,202020
Apartment ,3 BHK,1800.0,Worli,Mumbai,19.00309181,72.82584381,3.0,0.0,0,Semi-Furnished,275000
Independent Floor ,4 BHK,5896.0,Golf Links,Delhi,28.59763908,77.23332977,4.0,2.0,>100k,Unfurnished,401012
Independent Floor ,3 BHK,2856.0,Vasant Vihar,Delhi,28.55739021,77.15714264,3.0,2.0,>100k,Unfurnished,301011
Independent Floor ,3 BHK,2250.0,Chittaranjan Park,Delhi,28.54453087,77.24827576,3.0,0.0,0,Semi-Furnished,100000
Apartment ,3 BHK,1460.0,Sewri,Mumbai,19.00346565,72.8421402,2.0,0.0,0,Semi-Furnished,150000
Independent Floor ,3 BHK,2856.0,Vasant Vihar,Delhi,28.55739021,77.15714264,3.0,2.0,>100k,Unfurnished,310101
Apartment ,1 BHK,610.0,Mira Road East,Mumbai,19.27972221,72.88388824,2.0,0.0,0,Unfurnished,19500
Apartment ,2 BHK,,Kanjurmarg,Mumbai,19.13684273,72.93132019,2.0,0.0,,Semi-Furnished,35000
Apartment ,2 BHK,1210.0,Kharghar,Mumbai,19.0345726,73.06755829,2.0,0.0,0,Semi-Furnished,32000
Apartment ,2 BHK,950.0,Wagholi,Pune,18.58126259,73.98873901,2.0,1.0,<=100k,Unfurnished,10500
Apartment ,1 BHK,700.0,Hinjewadi,Pune,18.59160042,73.71278381,1.0,0.0,0,Furnished,18000
Villa ,5 BHK,,Vasant Kunj,Delhi,28.52631378,77.14366913,4.0,2.0,>100k,Unfurnished,504105
Apartment ,2 BHK,930.0,Wagholi,Pune,18.58878899,74.00847626,2.0,1.0,<=100k,Unfurnished,13500
Independent Floor ,3 BHK,2400.0,Panchsheel Enclave,Delhi,28.54448891,77.2288208,3.0,0.0,0,Semi-Furnished,90000
Apartment ,2 BHK,1100.0,Juhu,Mumbai,19.1009407,72.83198547,2.0,0.0,0,Furnished,70000
Studio Apartment ,1 RK,320.0,Karve Nagar,Pune,18.49023247,73.819664,1.0,0.0,0,Unfurnished,8000
Apartment ,2 BHK,1080.0,Yerawada,Pune,18.55807495,73.8818512,2.0,1.0,<=100k,Furnished,20000
Apartment ,1 BHK,530.0,Andheri East,Mumbai,19.12290573,72.88780212,2.0,0.0,0,Unfurnished,32000
Apartment ,2 BHK,980.0,Ulwe,Mumbai,18.97223091,73.02945709,2.0,0.0,0,Semi-Furnished,28000
Apartment ,2 BHK,1200.0,Ghansoli,Mumbai,19.12185478,72.99793243,2.0,0.0,>100k,Furnished,54000
Apartment ,1 BHK,600.0,Aundh,Pune,18.56040573,73.80667114,1.0,1.0,<=100k,Furnished,20000
Apartment ,3 BHK,998.0,Wagholi,Pune,18.5781498,74.00430298,3.0,0.0,<=100k,Semi-Furnished,30000
Villa ,4 BHK,5896.0,Anand Niketan,Delhi,28.57893944,77.16504669,4.0,2.0,>100k,Unfurnished,549181
Apartment ,2 BHK,986.0,Wagholi,Pune,18.57388115,73.97631073,2.0,2.0,<=100k,Semi-Furnished,10000
Independent Floor ,2 BHK,720.0,Janakpuri,Delhi,28.62119293,77.09102631,2.0,0.0,0,Semi-Furnished,30000
Apartment ,2 BHK,890.0,Dhanori,Pune,18.60419464,73.90248871,2.0,2.0,<=100k,Unfurnished,20000
Independent House ,4 BHK,5896.0,Sainik Farm,Delhi,28.50527763,77.20741272,4.0,4.0,>100k,Unfurnished,301022
,4 BHK,5896.0,Vasant Vihar,Delhi,28.55739021,77.15714264,4.0,2.0,>100k,Unfurnished,401012
Apartment ,2 BHK,950.0,Powai,Mumbai,19.11872673,72.90856171,2.0,0.0,0,Unfurnished,68000
Apartment ,2 BHK,840.0,Virar,Mumbai,19.46809959,72.79780579,2.0,0.0,0,Unfurnished,8000
Apartment ,2 BHK,1080.0,Dhanori,Pune,18.59936523,73.9050827,2.0,2.0,<=100k,Semi-Furnished,19000
Apartment ,1 BHK,720.0,Andheri East,Mumbai,19.11641121,72.87969208,2.0,0.0,<=100k,Unfurnished,30000
Independent Floor ,3 BHK,,Kirti Nagar,Delhi,28.64817238,77.14144897,3.0,0.0,0,Semi-Furnished,50000
Independent Floor ,3 BHK,1350.0,Prashant Vihar Sector 14,Delhi,28.7157402,77.13514709,3.0,1.0,<=100k,Semi-Furnished,50000
,1 RK,350.0,Kothrud,Pune,18.50739861,73.80764771,1.0,0.0,0,Semi-Furnished,8500
Independent Floor ,4 BHK,2050.0,Green Park,Delhi,28.55524445,77.20317078,4.0,0.0,0,Semi-Furnished,200000
Apartment ,1 BHK,550.0,Tardeo,Mumbai,18.96496964,72.80918121,2.0,0.0,,Furnished,60000
Apartment ,2 BHK,851.0,Ravet,Pune,18.64532852,73.75150299,2.0,0.0,<=100k,Semi-Furnished,16000
Villa ,4 BHK,5896.0,Panchsheel Enclave,Delhi,28.54351997,77.22973633,4.0,4.0,>100k,Unfurnished,504015
Independent Floor ,6 BHK,2000.0,Shakti Nagar,Delhi,28.68008995,77.195961,6.0,2.0,<=100k,Furnished,10000
Apartment ,2 BHK,1150.0,Kharghar,Mumbai,19.0435276,73.06318665,2.0,0.0,0,Semi-Furnished,25000
Independent Floor ,4 BHK,5896.0,New Friends Colony,Delhi,28.56705093,77.27355957,4.0,2.0,>100k,Unfurnished,325562
Apartment ,3 BHK,1100.0,Khar West,Mumbai,19.07024956,72.8334198,3.0,0.0,0,Furnished,165000
Apartment ,2 BHK,980.0,Dhanori,Pune,18.60192871,73.90148163,2.0,0.0,,Semi-Furnished,20000
Independent Floor ,3 BHK,2856.0,Golf Links,Delhi,28.59763908,77.23332977,3.0,2.0,>100k,Unfurnished,401012
Independent Floor ,3 BHK,1500.0,Pitampura,Delhi,28.69330788,77.12986755,3.0,0.0,0,Semi-Furnished,35000
Apartment ,2 BHK,1000.0,Karve Nagar,Pune,18.48571777,73.81295776,2.0,0.0,0,Semi-Furnished,19000
Independent Floor ,4 BHK,6521.0,New Friends Colony,Delhi,28.56705093,77.27355957,4.0,2.0,>100k,Unfurnished,301012
Apartment ,2 BHK,972.0,Borivali East,Mumbai,19.222826,72.85998535,,0.0,>100k,Unfurnished,35000
Apartment ,1 BHK,620.0,Dhayari,Pune,18.44493675,73.8012085,1.0,0.0,0,Unfurnished,6500
Independent Floor ,3 BHK,2856.0,Vasant Vihar,Delhi,28.55739021,77.15714264,,2.0,>100k,Unfurnished,301012
Independent Floor ,4 BHK,5896.0,Niti Bagh,Delhi,28.55949974,77.21679688,4.0,2.0,>100k,Unfurnished,410105
Apartment ,2 BHK,850.0,Santacruz East,Mumbai,19.07842636,72.85665894,2.0,0.0,0,Furnished,55000
Independent Floor ,3 BHK,900.0,Prashant Vihar Sector 14,Delhi,28.7157402,77.13514709,2.0,1.0,,Semi-Furnished,30000
,5 BHK,6521.0,Anand Niketan,Delhi,28.57893944,77.16504669,4.0,2.0,>100k,Unfurnished,401102
Apartment ,2 BHK,793.0,Wagholi,Pune,18.59058952,73.99626923,2.0,0.0,<=100k,Furnished,16000
,3 BHK,1400.0,Powai,Mumbai,19.11564827,72.8924942,3.0,0.0,0,Semi-Furnished,58000
Independent Floor ,3 BHK,2856.0,Jor bagh,Delhi,28.67728996,77.15930176,3.0,2.0,>100k,Unfurnished,301012
Independent Floor ,4 BHK,5896.0,Hauz Khas,Delhi,28.55542183,77.20988464,4.0,4.0,>100k,Unfurnished,235562
Independent Floor ,3 BHK,1750.0,Shalimar Bagh,Delhi,28.71273994,77.16290283,3.0,1.0,>100k,Semi-Furnished,60000
,3 BHK,2856.0,West End,Delhi,28.57413292,77.16131592,3.0,2.0,>100k,Unfurnished,301012
Apartment ,2 BHK,1200.0,NIBM Annex Mohammadwadi,Pune,18.4762764,73.90934753,2.0,2.0,<=100k,Semi-Furnished,23000
Apartment ,2 BHK,1120.0,Chembur,Mumbai,19.05841637,72.89078522,2.0,0.0,0,Unfurnished,48000
Apartment ,2 BHK,1120.0,Mundhwa,Pune,18.53276825,73.93916321,2.0,2.0,<=100k,Unfurnished,23000
Apartment ,3 BHK,1800.0,vile parle west,Mumbai,19.11169052,72.92162323,4.0,0.0,>100k,Furnished,175000
,2 BHK,1000.0,Hinjewadi,Pune,18.58396339,73.69768524,,0.0,0,Unfurnished,17000
Apartment ,4 BHK,2400.0,Sector 11 Dwarka,Delhi,28.58890533,77.04972839,,0.0,0,Semi-Furnished,48000
Villa ,4 BHK,5896.0,Prithviraj Road,Delhi,28.6001606,77.22097778,,2.0,>100k,Unfurnished,1256461
Apartment ,2 BHK,930.0,Wagholi,Pune,18.58878899,74.00847626,2.0,0.0,<=100k,Unfurnished,10000
Apartment ,1 BHK,515.0,Ghansoli,Mumbai,19.12399673,72.9980545,2.0,0.0,<=100k,Unfurnished,15500
Apartment ,2 BHK,900.0,Ville Parle East,Mumbai,19.0951004,72.8605957,2.0,0.0,0,Furnished,65000
Independent Floor ,3 BHK,1600.0,Greater kailash 1,Delhi,28.55195999,77.23581696,2.0,0.0,0,Semi-Furnished,100000
Villa ,4 BHK,,Panchsheel Park,Delhi,28.54154015,77.21611786,4.0,4.0,>100k,Unfurnished,640101
Apartment ,1 BHK,437.0,Dombivali,Mumbai,19.20936394,73.09390259,1.0,0.0,0,Unfurnished,10000
Apartment ,2 BHK,952.0,Wagholi,Pune,18.56959343,73.95823669,2.0,2.0,<=100k,Semi-Furnished,16000
Independent Floor ,3 BHK,2856.0,Panchsheel Enclave,Delhi,28.54351997,77.22973633,3.0,2.0,>100k,Unfurnished,301022
Independent Floor ,4 BHK,2200.0,Jamia Nagar,Delhi,28.55385208,77.29555511,2.0,1.0,<=100k,Semi-Furnished,25000
Apartment ,2 BHK,905.0,Wakad,Pune,18.5906601,73.77902985,2.0,0.0,0,Semi-Furnished,18000
,4 BHK,3621.0,Navjeevan Vihar,Delhi,28.53347588,77.19955444,4.0,2.0,>100k,Unfurnished,253562
Apartment ,2 BHK,1050.0,Kharadi,Pune,18.55264091,73.94025421,2.0,0.0,0,Unfurnished,26000
Apartment ,3 BHK,1224.0,Marunji,Pune,18.61275101,73.71643066,3.0,0.0,0,Furnished,50000
Independent Floor ,3 BHK,3000.0,Rajouri Garden,Delhi,28.63879013,77.12237549,2.0,0.0,0,Semi-Furnished,65000
Apartment ,2 BHK,725.0,Virar,Mumbai,19.46796227,72.80297852,2.0,1.0,<=100k,Semi-Furnished,11000
Apartment ,2 BHK,1100.0,Andheri East,Mumbai,19.12188911,72.82594299,2.0,0.0,0,Semi-Furnished,57000
Independent Floor ,3 BHK,2856.0,Vasant Vihar,Delhi,28.55739021,77.15714264,3.0,2.0,>100k,Unfurnished,310102
Apartment ,2 BHK,1050.0,Borivali West,Mumbai,19.23558235,72.84405518,2.0,0.0,,Unfurnished,43000
Apartment ,1 BHK,624.0,Thane West,Mumbai,19.27476883,72.96337128,2.0,0.0,0,Furnished,15999
Apartment ,2 BHK,923.0,Kalyan West,Mumbai,19.2482357,73.14151764,2.0,3.0,<=100k,Unfurnished,20000
Apartment ,3 BHK,1300.0,Goregaon West,Mumbai,19.16894722,72.84313965,3.0,0.0,0,Unfurnished,85000
Apartment ,2 BHK,1025.0,Dhanori,Pune,18.59784889,73.89923859,2.0,2.0,,Semi-Furnished,27000
Apartment ,2 BHK,650.0,Dhanori,Pune,18.59836388,73.90181732,1.0,0.0,0,Semi-Furnished,17000
Apartment ,2 BHK,850.0,Santacruz East,Mumbai,19.07627678,72.86540222,2.0,0.0,0,Semi-Furnished,44999
Independent Floor ,3 BHK,1600.0,Rajouri Garden,Delhi,28.64235115,77.12369537,,0.0,0,Furnished,45000
Apartment ,2 BHK,1060.0,Mulund West,Mumbai,19.15857124,72.94791412,,0.0,0,Semi-Furnished,39000
Apartment ,2 BHK,945.0,Tathawade,Pune,18.6384201,73.73475647,2.0,0.0,0,Semi-Furnished,13100
Apartment ,3 BHK,1350.0,Worli,Mumbai,18.99875069,72.81726837,2.0,0.0,0,Semi-Furnished,190000
,2 BHK,1080.0,Wagholi,Pune,18.58279419,73.97045135,2.0,2.0,,Semi-Furnished,21000
Apartment ,3 BHK,1525.0,Kharghar,Mumbai,19.07026482,73.06941223,3.0,3.0,<=100k,Semi-Furnished,52000
Independent Floor ,2 BHK,1000.0,Subhash Nagar,Delhi,28.63766098,77.11206818,2.0,0.0,0,Furnished,26800
Apartment ,4 BHK,3750.0,Bandra West,Mumbai,19.06158829,72.82735443,4.0,0.0,0,Semi-Furnished,700000
Apartment ,2 BHK,580.0,Andheri West,Mumbai,19.13805008,72.82532501,2.0,0.0,0,Unfurnished,75000
Apartment ,3 BHK,1490.0,Aundh,Pune,18.56051636,73.80738068,3.0,0.0,0,Semi-Furnished,35000
,1 BHK,300.0,IP Extension,Delhi,28.62976646,77.30672455,,0.0,<=100k,Semi-Furnished,8000
Apartment ,2 BHK,950.0,Kandivali East,Mumbai,19.21288109,72.87340546,2.0,0.0,0,Furnished,65000
,2 BHK,800.0,Tagore Garden Extension,Delhi,28.65702057,77.12242889,2.0,0.0,0,Furnished,26500
Apartment ,2 BHK,677.0,Thane West,Mumbai,19.23353767,72.97278595,2.0,0.0,0,Semi-Furnished,27000
Studio Apartment ,1 RK,450.0,Badlapur East,Mumbai,19.144207,73.24699402,1.0,0.0,,Unfurnished,3000
Villa ,5 BHK,,Greater Kailash II,Delhi,28.53174019,77.24913788,4.0,2.0,>100k,Unfurnished,401015
Apartment ,2 BHK,1040.0,Dhayari,Pune,18.46051216,73.79430389,2.0,1.0,<=100k,Unfurnished,15000
Independent Floor ,4 BHK,6251.0,Defence Colony,Delhi,28.57183075,77.23332977,4.0,2.0,>100k,Unfurnished,301011
,2 BHK,1025.0,Malad West,Mumbai,19.17469406,72.8384552,2.0,0.0,>100k,Unfurnished,50000
Apartment ,3 BHK,1400.0,Wakad,Pune,18.60347939,73.75160217,3.0,3.0,>100k,Furnished,38000
Villa ,4 BHK,5896.0,Gulmohar park,Delhi,28.55765915,77.21248627,4.0,2.0,>100k,Unfurnished,540101
Apartment ,3 BHK,1100.0,Bandra West,Mumbai,19.06009293,72.83030701,4.0,0.0,>100k,Semi-Furnished,200000
Independent Floor ,3 BHK,2856.0,Green Park,Delhi,28.55761909,77.20458984,3.0,2.0,>100k,Unfurnished,301012
Apartment ,1 BHK,610.0,Virar,Mumbai,19.46715355,72.8006897,,0.0,0,Semi-Furnished,6500
Independent Floor ,3 BHK,2856.0,Saket,Delhi,28.52354813,77.20014191,3.0,2.0,>100k,Unfurnished,301012
Independent Floor ,3 BHK,1500.0,Chattarpur,Delhi,28.50108528,77.18637085,,0.0,0,Semi-Furnished,27000
Apartment ,2 BHK,1000.0,Andheri West,Mumbai,19.13805008,72.82532501,2.0,0.0,0,Furnished,65000
Villa ,4 BHK,5896.0,Safdarjung Enclave,Delhi,28.56125832,77.19052124,4.0,4.0,>100k,Unfurnished,404104
Apartment ,2 BHK,1020.0,Powai,Mumbai,19.12298775,72.91321564,2.0,0.0,0,Semi-Furnished,70000
Apartment ,1 BHK,660.0,Thane West,Mumbai,19.2728653,72.97156525,2.0,4.0,<=100k,Furnished,17000
Apartment ,3 BHK,1930.0,Kharghar,Mumbai,19.02833939,73.05752563,3.0,0.0,>100k,Semi-Furnished,45000
Independent Floor ,4 BHK,5896.0,Panchsheel Enclave,Delhi,28.54351997,77.22973633,4.0,2.0,>100k,Unfurnished,301012
Apartment ,3 BHK,1700.0,Sector 12 Dwarka,Delhi,28.59312439,77.03543091,,0.0,0,Semi-Furnished,36000
,2 BHK,1000.0,Hinjewadi,Pune,18.58396339,73.69768524,2.0,0.0,0,Unfurnished,17000
Independent Floor ,3 BHK,3000.0,Chittaranjan Park,Delhi,28.63529968,77.22499847,3.0,3.0,>100k,Unfurnished,79000
Independent Floor ,2 BHK,1800.0,Safdarjung Enclave,Delhi,28.56470108,77.19415283,,0.0,0,Semi-Furnished,70000
Apartment ,2 BHK,930.0,Kondhwa,Pune,18.46402168,73.88986969,2.0,2.0,<=100k,Unfurnished,16000
Independent Floor ,4 BHK,5896.0,Green Park,Delhi,28.55761909,77.20458984,4.0,2.0,>100k,Unfurnished,301022
Villa ,4 BHK,5896.0,Sainik Farm,Delhi,28.50527763,77.20741272,4.0,2.0,>100k,Unfurnished,401012
Apartment ,2 BHK,1340.0,Tingre Nagar,Pune,18.57694817,73.88828278,2.0,0.0,<=100k,Furnished,30000
Apartment ,1 BHK,684.0,Ghansoli,Mumbai,19.11493874,73.00551605,2.0,3.0,<=100k,Semi-Furnished,22000
Independent Floor ,5 BHK,6521.0,Greater Kailash II,Delhi,28.53174019,77.24913788,4.0,2.0,,Unfurnished,504105
Independent Floor ,2 BHK,660.0,vikaspuri,Delhi,28.64182091,77.08261871,1.0,0.0,0,Furnished,14900
Apartment ,2 BHK,950.0,Santacruz East,Mumbai,19.07279396,72.86384583,2.0,0.0,0,Furnished,78999
Apartment ,3 BHK,1690.0,Andheri East,Mumbai,19.1108036,72.87134552,3.0,0.0,0,Semi-Furnished,142300
Apartment ,3 BHK,1600.0,Khar West,Mumbai,19.07024956,72.8334198,,0.0,0,Semi-Furnished,200000
,4 BHK,5896.0,Jor bagh,Delhi,28.67728996,77.15930176,4.0,2.0,>100k,Unfurnished,301012
Apartment ,5 BHK,4500.0,Powai,Mumbai,19.11408043,72.90633392,,0.0,0,Furnished,500000
Apartment ,2 BHK,775.0,Wagholi,Pune,18.58792686,73.98773193,1.0,0.0,<=100k,Unfurnished,18000
Independent Floor ,3 BHK,2925.0,Defence Colony,Delhi,28.57263374,77.23251343,3.0,0.0,0,Semi-Furnished,200000
Studio Apartment ,1 RK,302.0,Manjari Budruk,Pune,18.51938248,73.97356415,1.0,0.0,0,Semi-Furnished,5000
Apartment ,3 BHK,,Wagholi,Pune,18.57997322,73.9730072,3.0,0.0,0,Semi-Furnished,21000
Apartment ,2 BHK,1050.0,Thergaon,Pune,18.61645126,73.7743988,2.0,1.0,<=100k,Furnished,18000
Apartment ,2 BHK,700.0,Bhandup East,Mumbai,19.14496231,72.94623566,1.0,0.0,,Semi-Furnished,32000
Apartment ,2 BHK,1000.0,Kondhwa,Pune,18.47638512,73.89437866,2.0,1.0,<=100k,Unfurnished,25000
Apartment ,1 BHK,700.0,Aundh,Pune,18.55562782,73.80806732,1.0,1.0,<=100k,Unfurnished,20000
,4 BHK,5896.0,Niti Bagh,Delhi,28.55949974,77.21679688,4.0,2.0,>100k,Unfurnished,401105
Independent Floor ,5 BHK,6521.0,Vasant Vihar,Delhi,28.55739021,77.15714264,4.0,2.0,>100k,Unfurnished,362122
Apartment ,3 BHK,1250.0,Mira Road East,Mumbai,19.28299713,72.88573456,,0.0,0,Semi-Furnished,44000
Independent Floor ,3 BHK,1650.0,Mira Road East,Mumbai,23.42931938,85.32411957,2.0,0.0,0,Semi-Furnished,16000
Villa ,3 BHK,2200.0,Undri,Pune,18.45470619,73.91233826,3.0,1.0,>100k,Semi-Furnished,35000
Apartment ,1 BHK,624.0,Alandi,Pune,18.65011597,73.87715912,1.0,1.0,<=100k,Unfurnished,11000
Studio Apartment ,1 RK,150.0,Chandan Nagar,Pune,18.56254387,73.93169403,1.0,0.0,0,Semi-Furnished,6000
Apartment ,2 BHK,,Deccan,Pune,18.5149498,73.83454895,,2.0,<=100k,Semi-Furnished,28000
Apartment ,2 BHK,950.0,Thane West,Mumbai,19.282547,72.95368195,2.0,0.0,0,Furnished,25000
Independent Floor ,4 BHK,,New Friends Colony,Delhi,28.57615089,77.27926636,4.0,0.0,0,Semi-Furnished,175000
Apartment ,2 BHK,980.0,Bhayandar East,Mumbai,19.29012489,72.87599182,2.0,0.0,0,Semi-Furnished,25000
,2 BHK,850.0,Andheri West,Mumbai,19.11858177,72.82878113,2.0,0.0,0,Semi-Furnished,65000
,4 BHK,5562.0,Sainik Farm,Delhi,28.50527763,77.20741272,4.0,2.0,>100k,Unfurnished,301012
Independent Floor ,2 BHK,1491.0,Baner,Pune,18.56068611,73.77831268,2.0,2.0,<=100k,Unfurnished,30000
Independent House ,5 BHK,4000.0,Panchsheel Enclave,Delhi,28.54411507,77.22879791,5.0,0.0,0,Semi-Furnished,250000
Apartment ,1 BHK,550.0,vile parle west,Mumbai,19.10355759,72.84113312,1.0,0.0,0,Furnished,50000
Apartment ,2 BHK,986.0,Hinjewadi,Pune,18.57286263,73.68908691,2.0,0.0,0,Furnished,30000
Independent Floor ,3 BHK,3011.0,Golf Links,Delhi,28.59763908,77.23332977,3.0,2.0,>100k,Unfurnished,401010
Apartment ,2 BHK,950.0,Mahalunge,Pune,18.5721302,73.76119995,2.0,0.0,0,Furnished,30000
Apartment ,1 BHK,650.0,Mira Road East,Mumbai,19.29339027,72.86540222,2.0,0.0,0,Semi-Furnished,24000
Studio Apartment ,1 RK,,Chandan Nagar,Pune,18.56254387,73.93169403,1.0,0.0,0,Semi-Furnished,5500
Apartment ,1 BHK,550.0,Sector 14 Dwarka,Delhi,28.60447311,77.03183746,1.0,1.0,<=100k,Semi-Furnished,11000
Independent Floor ,3 BHK,900.0,Poorvi Pitampura,Delhi,28.70433044,77.14995575,2.0,1.0,<=100k,Semi-Furnished,31000
Independent Floor ,4 BHK,6251.0,Friends Colony,Delhi,28.56834984,77.27211761,4.0,2.0,>100k,Unfurnished,301022
,1 RK,150.0,Borivali East,Mumbai,19.22686195,72.86437988,,1.0,<=100k,Semi-Furnished,20000
Apartment ,2 BHK,1080.0,Aundh,Pune,18.56496239,73.80393219,2.0,1.0,<=100k,Semi-Furnished,20000
Independent Floor ,3 BHK,1800.0,Safdarjung Enclave,Delhi,28.56470108,77.19415283,3.0,0.0,0,Semi-Furnished,100000
Independent Floor ,3 BHK,2856.0,Anand Niketan,Delhi,28.57893944,77.16504669,3.0,2.0,>100k,Unfurnished,301012
,2 BHK,945.0,Janakpuri,Delhi,28.60982704,77.10020447,1.0,0.0,0,Unfurnished,16000
Apartment ,1 BHK,550.0,Chattarpur,Delhi,28.49751854,77.17887115,,0.0,0,Semi-Furnished,13000
Independent Floor ,3 BHK,1350.0,Paschim Vihar,Delhi,28.67094231,77.10485077,3.0,0.0,0,Semi-Furnished,35000
Apartment ,2 BHK,864.0,Andheri West,Mumbai,19.12628365,72.8326416,2.0,1.0,>100k,Semi-Furnished,75000
Apartment ,1 BHK,650.0,Viman Nagar,Pune,18.5635376,73.90897369,1.0,0.0,0,Furnished,28000
Apartment ,2 BHK,850.0,Goregaon East,Mumbai,19.15484428,72.88697052,2.0,0.0,0,Furnished,29500
Apartment ,3 BHK,1280.0,Lohegaon,Pune,18.60659409,73.90982056,3.0,0.0,0,Semi-Furnished,23000
Apartment ,3 BHK,1660.0,Wagholi,Pune,18.58279419,73.97045135,3.0,0.0,<=100k,Semi-Furnished,30000
Independent Floor ,4 BHK,5896.0,Panchsheel Park,Delhi,28.54154015,77.21611786,4.0,2.0,>100k,Unfurnished,301202
Apartment ,2 BHK,987.0,Wagholi,Pune,18.57564735,73.98487854,2.0,2.0,<=100k,Unfurnished,15000
Apartment ,2 BHK,1100.0,Malad West,Mumbai,19.18694305,72.83223724,,0.0,0,Furnished,67000
Apartment ,2 BHK,1200.0,Sector 19 Dwarka,Delhi,28.57677269,77.04291534,2.0,0.0,0,Semi-Furnished,24000
Apartment ,2 BHK,1010.0,Bavdhan,Pune,18.51065445,73.7813797,2.0,0.0,<=100k,Semi-Furnished,17000
Apartment ,2 BHK,1100.0,Hinjewadi,Pune,18.57535172,73.67964935,2.0,0.0,0,Furnished,23000
Apartment ,2 BHK,1050.0,Andheri West,Mumbai,19.12146759,72.82640076,2.0,3.0,>100k,Furnished,85000
Apartment ,2 BHK,1130.0,Viman Nagar,Pune,18.56914139,73.90769196,2.0,0.0,0,Semi-Furnished,26000
Apartment ,2 BHK,930.0,Wagholi,Pune,18.58878899,74.00847626,2.0,0.0,<=100k,Semi-Furnished,10000
Studio Apartment ,1 RK,600.0,Uttam Nagar,Delhi,28.6243782,77.06337738,1.0,0.0,0,Semi-Furnished,7000
Apartment ,2 BHK,990.0,Wagholi,Pune,18.58697319,74.00184631,2.0,2.0,<=100k,Semi-Furnished,12000
,3 BHK,2856.0,West End,Delhi,28.57413292,77.16131592,3.0,2.0,>100k,Unfurnished,301102
Independent Floor ,3 BHK,2852.0,Greater kailash 1,Delhi,28.55175018,77.23332977,3.0,2.0,,Unfurnished,235223
Apartment ,2 BHK,987.0,Wagholi,Pune,18.58762932,73.98764801,2.0,2.0,<=100k,Unfurnished,15000
Apartment ,1 BHK,610.0,Virar West,Mumbai,19.46188164,72.77765656,2.0,0.0,0,Semi-Furnished,7000
Villa ,5 BHK,6251.0,Maharani Bagh,Delhi,28.57262039,77.26422119,4.0,2.0,>100k,Unfurnished,848485
Apartment ,3 BHK,1100.0,Kandivali East,Mumbai,19.19719887,72.85442352,2.0,0.0,0,Semi-Furnished,67000
Independent Floor ,1 BHK,550.0,Kamothe,Mumbai,19.01823807,73.08615112,1.0,0.0,0,Unfurnished,8500
,3 BHK,2100.0,Lower Parel,Mumbai,19.00232315,72.82753754,4.0,0.0,0,Furnished,425000
Independent Floor ,3 BHK,2856.0,Green Park,Delhi,28.55761909,77.20458984,3.0,2.0,>100k,Unfurnished,381812
Independent Floor ,5 BHK,6521.0,New Friends Colony,Delhi,28.56705093,77.27355957,4.0,2.0,>100k,Unfurnished,301011
Independent Floor ,3 BHK,2500.0,Defence Colony,Delhi,28.57263374,77.23251343,3.0,0.0,0,Semi-Furnished,160000
Apartment ,1 BHK,620.0,Vishrantwadi,Pune,18.57143784,73.87939453,1.0,0.0,<=100k,Unfurnished,15000
Apartment ,2 BHK,1090.0,Wagholi,Pune,18.57997322,73.9730072,2.0,2.0,<=100k,Furnished,20000
Apartment ,2 BHK,980.0,Titwala,Mumbai,19.29598045,73.20859528,2.0,0.0,,Unfurnished,7500
Apartment ,3 BHK,1600.0,Andheri East,Mumbai,19.11686325,72.86997986,3.0,0.0,0,Semi-Furnished,150000
Apartment ,2 BHK,987.0,Wagholi,Pune,18.5858593,73.98474121,2.0,2.0,<=100k,Unfurnished,15000
Independent Floor ,2 BHK,756.0,Paschim Vihar,Delhi,28.67428589,77.1042099,2.0,0.0,0,Semi-Furnished,25000
Villa ,3 BHK,3500.0,NIBM,Pune,18.47689629,73.89581299,,1.0,<=100k,Semi-Furnished,40000
Apartment ,2 BHK,500.0,Panvel,Mumbai,19.00623703,73.10948181,1.0,0.0,0,Unfurnished,15000
,1 BHK,560.0,Kalyani Nagar,Pune,18.54676819,73.90420532,1.0,0.0,0,Furnished,19000
Apartment ,2 BHK,740.0,Kanjurmarg,Mumbai,19.1315136,72.92739868,2.0,0.0,0,Semi-Furnished,28000
Apartment ,2 BHK,760.0,Santacruz East,Mumbai,19.07924843,72.853508,2.0,0.0,0,Unfurnished,45000
Villa ,5 BHK,6251.0,Panchsheel Enclave,Delhi,28.54351997,77.22973633,4.0,2.0,>100k,Unfurnished,401015
,2 BHK,1000.0,Rahatani,Pune,18.60084724,73.78998566,2.0,2.0,<=100k,Unfurnished,26000
Apartment ,2 BHK,1200.0,Andheri West,Mumbai,19.1376152,72.82183075,2.0,0.0,0,Furnished,65000
Apartment ,3 BHK,1625.0,Sector-B Vasant Kunj,Delhi,28.52645111,77.15715027,2.0,0.0,0,Semi-Furnished,55000
Independent Floor ,5 BHK,6521.0,Sarvpriya Vihar,Delhi,28.54276657,77.20674133,4.0,2.0,>100k,Unfurnished,301012
,1 BHK,1100.0,Shaniwar Peth,Pune,18.51891518,73.8504715,2.0,2.0,<=100k,Semi-Furnished,25000
Apartment ,1 BHK,500.0,Andheri East,Mumbai,19.11567116,72.88295746,2.0,0.0,0,Furnished,55000
Apartment ,3 BHK,1367.0,Hadapsar,Pune,18.51945686,73.91488647,3.0,0.0,0,Unfurnished,25000
Apartment ,2 BHK,934.0,Bhandup West,Mumbai,19.14851189,72.93953705,2.0,1.0,<=100k,Furnished,8000
Independent Floor ,3 BHK,1800.0,Bali Nagar,Delhi,28.65497208,77.13210297,3.0,0.0,0,Semi-Furnished,43000
Independent Floor ,3 BHK,2700.0,South Extension 2,Delhi,28.5687809,77.23298645,3.0,0.0,0,Semi-Furnished,120000
Apartment ,2 BHK,1310.0,Sector 22 Dwarka,Delhi,28.5587635,77.06131744,,0.0,0,Semi-Furnished,24000
,2 BHK,680.0,Thane West,Mumbai,19.21997261,72.97567749,3.0,0.0,0,Furnished,45000
Independent Floor ,3 BHK,2700.0,Safdarjung Enclave,Delhi,28.56470108,77.19415283,3.0,0.0,0,Semi-Furnished,95000
Apartment ,2 BHK,1000.0,Tingre Nagar,Pune,18.57390213,73.88419342,2.0,0.0,<=100k,Semi-Furnished,20000
Independent Floor ,3 BHK,,Pitampura,Delhi,28.69317627,77.13703156,3.0,0.0,0,Semi-Furnished,50000
,3 BHK,1200.0,Malviya Nagar,Delhi,28.5332737,77.20761871,3.0,0.0,0,Unfurnished,35000
Apartment ,2 BHK,934.0,Wagholi,Pune,18.57419014,73.99902344,2.0,2.0,<=100k,Unfurnished,12500
Apartment ,2 BHK,955.0,Wagholi,Pune,18.58773422,73.98551178,2.0,0.0,<=100k,Unfurnished,12000
Apartment ,1 BHK,350.0,Uttam Nagar,Delhi,28.61945724,77.05670929,1.0,0.0,0,Furnished,3500
Apartment ,1 BHK,563.0,Dhayari,Pune,18.4577198,73.81452942,1.0,1.0,<=100k,Unfurnished,8000
,3 BHK,1500.0,Ghansoli,Mumbai,19.12217331,73.00213623,3.0,0.0,>100k,Furnished,40000
Apartment ,3 BHK,1300.0,NIBM Annex Mohammadwadi,Pune,18.47241592,73.91330719,,1.0,>100k,Semi-Furnished,35000
Apartment ,1 BHK,585.0,Pimple Saudagar,Pune,18.58903122,73.80046082,1.0,0.0,<=100k,Unfurnished,14000
Apartment ,2 BHK,650.0,Kurla,Mumbai,19.03352737,72.86919403,2.0,0.0,,Semi-Furnished,50000
Apartment ,3 BHK,1470.0,Hadapsar,Pune,18.51303101,73.9471817,3.0,2.0,<=100k,Semi-Furnished,26000
Apartment ,2 BHK,700.0,Bhandup East,Mumbai,19.14496231,72.94623566,1.0,0.0,0,Semi-Furnished,32000
Apartment ,2 BHK,1100.0,Wagholi,Pune,18.59135246,73.97054291,2.0,0.0,0,Semi-Furnished,20000
Independent Floor ,3 BHK,2856.0,West End,Delhi,28.57413292,77.16131592,,2.0,>100k,Unfurnished,362262
Apartment ,1 BHK,654.0,Wagholi,Pune,18.58467102,73.9986496,1.0,1.0,,Unfurnished,9000
Independent House ,4 BHK,5896.0,Niti Bagh,Delhi,28.55949974,77.21679688,4.0,3.0,>100k,Unfurnished,401102
Independent Floor ,3 BHK,2856.0,Maharani Bagh,Delhi,28.57262039,77.26422119,3.0,2.0,,Unfurnished,381012
Studio Apartment ,1 RK,250.0,Andheri East,Mumbai,19.13683128,72.86800385,1.0,0.0,0,Furnished,19000
Apartment ,3 BHK,1400.0,Baner,Pune,18.56738091,73.78688049,3.0,0.0,0,Semi-Furnished,42000
Apartment ,1 BHK,500.0,Andheri West,Mumbai,19.12345505,72.83013916,2.0,0.0,0,Furnished,55000
Apartment ,2 BHK,945.0,Tathawade,Pune,18.6384201,73.73475647,2.0,0.0,0,Semi-Furnished,13100
Independent Floor ,5 BHK,6521.0,Geetanjali Enclave,Delhi,28.53087997,77.20243073,4.0,2.0,>100k,Unfurnished,321919
Independent Floor ,3 BHK,2741.0,Geetanjali Enclave,Delhi,28.53087997,77.20243073,3.0,2.0,>100k,Unfurnished,362621
Independent Floor ,3 BHK,2741.0,Anand Niketan,Delhi,28.57893944,77.16504669,3.0,2.0,>100k,Unfurnished,274181
Apartment ,2 BHK,1200.0,Andheri East,Mumbai,19.11678123,72.88955688,2.0,0.0,0,Furnished,69000
,1 BHK,705.0,Airoli,Mumbai,19.16145515,72.99312592,1.0,0.0,0,Unfurnished,17000
Apartment ,1 BHK,800.0,Ghansoli,Mumbai,19.12399673,72.9980545,,3.0,>100k,Furnished,39000
Apartment ,3 BHK,1489.0,Kharghar,Mumbai,19.07297516,73.07847595,3.0,3.0,<=100k,Unfurnished,27000
Independent Floor ,4 BHK,,Geetanjali Enclave,Delhi,28.53087997,77.20243073,4.0,2.0,>100k,Unfurnished,301022
Apartment ,1 BHK,573.0,Chikhali,Pune,18.67391586,73.80892944,1.0,0.0,0,Unfurnished,8500
Apartment ,2 BHK,1000.0,Tingre Nagar,Pune,18.57963943,73.88426208,2.0,0.0,<=100k,Unfurnished,22000
Apartment ,2 BHK,950.0,Kanjurmarg,Mumbai,19.13684273,72.93132019,,0.0,0,Semi-Furnished,35000
Independent Floor ,3 BHK,2741.0,Gulmohar park,Delhi,28.55765915,77.21248627,3.0,2.0,>100k,Unfurnished,301012
,3 BHK,,Anand Niketan,Delhi,28.57889748,77.1645813,3.0,0.0,0,Semi-Furnished,190000
,2 BHK,720.0,Janakpuri,Delhi,28.62119293,77.09102631,1.0,0.0,0,Unfurnished,18500
Independent House ,5 BHK,5000.0,Wadgaon Sheri,Pune,18.5601635,73.92492676,5.0,0.0,0,Unfurnished,110000
Apartment ,2 BHK,1100.0,Mundhwa,Pune,18.53278351,73.92153168,2.0,0.0,0,Semi-Furnished,32500
Apartment ,1 BHK,610.0,Aundh,Pune,18.56040573,73.80667114,1.0,0.0,<=100k,Semi-Furnished,16500
Independent Floor ,2 BHK,900.0,Rajinder Nagar,Delhi,28.63493347,77.17928314,2.0,0.0,0,Furnished,40000
Villa ,5 BHK,6521.0,Green Park,Delhi,28.55761909,77.20458984,4.0,2.0,>100k,Unfurnished,401012
Apartment ,1 BHK,651.0,Sector 21 Ghansoli,Mumbai,19.13016319,72.99938202,2.0,3.0,<=100k,Unfurnished,17000
,3 BHK,1645.0,Airoli,Mumbai,19.15793419,72.99347687,3.0,0.0,0,Unfurnished,60000
Apartment ,2 BHK,1120.0,Sector 5 Ghansoli,Mumbai,19.11912918,73.00015259,2.0,2.0,<=100k,Unfurnished,28500
Independent Floor ,4 BHK,5896.0,Greater kailash 1,Delhi,28.55175018,77.23332977,4.0,2.0,>100k,Unfurnished,401012
Studio Apartment ,1 RK,150.0,Chandan Nagar,Pune,18.56254387,73.93169403,1.0,0.0,0,Semi-Furnished,5500
,4 BHK,4400.0,Punjabi Bagh,Delhi,28.67375183,77.12733459,4.0,0.0,0,Semi-Furnished,145000
Apartment ,2 BHK,1280.0,Dhanori,Pune,18.60354042,73.90814972,2.0,1.0,<=100k,Semi-Furnished,18000
Apartment ,2 BHK,1068.0,Andheri West,Mumbai,19.1305542,72.82857513,2.0,4.0,>100k,Semi-Furnished,85000
Apartment ,3 BHK,1196.0,Borivali East,Mumbai,19.23482323,72.86389923,3.0,0.0,>100k,Unfurnished,50000
Apartment ,1 BHK,680.0,Ghansoli,Mumbai,19.12399673,72.9980545,1.0,1.0,<=100k,Unfurnished,18500
Apartment ,1 BHK,550.0,Dombivali East,Mumbai,19.20571518,73.09552765,1.0,1.0,<=100k,Unfurnished,5500
Apartment ,2 BHK,1000.0,Powai,Mumbai,19.12353706,72.89595795,2.0,0.0,0,Semi-Furnished,65000
Apartment ,2 BHK,940.0,Borivali East,Mumbai,19.22451973,72.86052704,2.0,0.0,>100k,Unfurnished,50000
Apartment ,2 BHK,915.0,Dhanori,Pune,18.60419464,73.90248871,2.0,0.0,0,Semi-Furnished,18600
,1 BHK,630.0,Vasai,Mumbai,19.36672783,72.81552124,2.0,0.0,0,Semi-Furnished,11000
,1 BHK,710.0,Kharghar,Mumbai,19.03665733,73.05966949,2.0,0.0,0,Unfurnished,18000
,3 BHK,1150.0,Khar,Mumbai,19.06723595,72.83774567,3.0,0.0,0,Furnished,95000
Independent Floor ,4 BHK,5562.0,Vasant Vihar,Delhi,28.55739021,77.15714264,4.0,2.0,,Unfurnished,381012
Apartment ,2 BHK,916.0,Wakad,Pune,18.60121155,73.74320984,2.0,0.0,0,Unfurnished,18500
Independent Floor ,3 BHK,1870.0,Greater kailash 1,Delhi,28.54842758,77.23432159,3.0,0.0,0,Semi-Furnished,150000
Apartment ,2 BHK,850.0,Bhandup West,Mumbai,19.15442848,72.93182373,2.0,0.0,0,Furnished,45000
Apartment ,1 BHK,670.0,Ghansoli,Mumbai,19.12399673,72.9980545,2.0,1.0,<=100k,Unfurnished,15000
Apartment ,2 BHK,933.0,Rahatani,Pune,18.60084724,73.78998566,2.0,0.0,<=100k,Unfurnished,17500
Apartment ,2 BHK,945.0,Tathawade,Pune,18.6384201,73.73475647,2.0,0.0,0,Semi-Furnished,13100
Independent Floor ,5 BHK,6521.0,Green Park,Delhi,28.55761909,77.20458984,4.0,2.0,>100k,Unfurnished,301012
Apartment ,3 BHK,1254.0,Hadapsar,Pune,18.48131561,73.93276215,3.0,3.0,<=100k,Unfurnished,15000
Apartment ,3 BHK,1500.0,Sheikh Sarai,Delhi,28.53747177,77.21471405,3.0,0.0,0,Semi-Furnished,30000
,2 BHK,900.0,Vasant Kunj,Delhi,28.52632713,77.15073395,2.0,0.0,0,Semi-Furnished,35000
,1 BHK,580.0,Panvel,Mumbai,18.91738319,73.19842529,2.0,0.0,,Unfurnished,10000
Apartment ,2 BHK,881.0,Wagholi,Pune,18.57386971,73.978302,2.0,0.0,<=100k,Furnished,14000
Apartment ,2 BHK,1000.0,Mira Road East,Mumbai,19.28087616,72.87459564,2.0,0.0,0,Semi-Furnished,23000
Apartment ,2 BHK,1100.0,Powai,Mumbai,19.11634064,72.91352081,2.0,0.0,0,Semi-Furnished,91000
Independent Floor ,2 BHK,500.0,laxmi nagar,Delhi,28.63529968,77.22499847,2.0,1.0,<=100k,Unfurnished,14500
Apartment ,3 BHK,1500.0,Goregaon West,Mumbai,19.15210915,72.84357452,3.0,0.0,0,Semi-Furnished,90000
,1 BHK,543.0,Wagholi,Pune,18.58435822,73.97000122,1.0,1.0,<=100k,Unfurnished,10000
Independent Floor ,4 BHK,3800.0,Hauz Khas,Delhi,28.55016518,77.19645691,4.0,0.0,0,Semi-Furnished,275000
Apartment ,2 BHK,1000.0,Karve Nagar,Pune,18.48571777,73.81295776,2.0,0.0,0,Semi-Furnished,19000
Apartment ,1 BHK,630.0,Dombivali,Mumbai,19.21634483,73.10332489,2.0,0.0,0,Semi-Furnished,8000
Apartment ,3 BHK,2300.0,Sector 11 Dwarka,Delhi,28.58954048,77.04999542,3.0,0.0,0,Semi-Furnished,44000
Independent Floor ,3 BHK,2856.0,Niti Bagh,Delhi,28.55949974,77.21679688,3.0,2.0,>100k,Unfurnished,504100
Apartment ,1 BHK,620.0,Kalyan East,Mumbai,19.22784424,73.12649536,2.0,0.0,,Semi-Furnished,10000
,3 BHK,1800.0,Paschim Vihar,Delhi,28.6651535,77.10945129,3.0,0.0,0,Semi-Furnished,40000
Independent Floor ,4 BHK,5896.0,Niti Bagh,Delhi,28.55949974,77.21679688,4.0,2.0,>100k,Unfurnished,381012
Independent Floor ,4 BHK,5621.0,Greater Kailash II,Delhi,28.53174019,77.24913788,4.0,2.0,>100k,Unfurnished,301102
Independent Floor ,2 BHK,,Defence Colony,Delhi,28.57263374,77.23251343,2.0,0.0,0,Furnished,80000
Apartment ,2 BHK,2000.0,Koregaon Park,Pune,18.53986549,73.89595795,1.0,0.0,,Semi-Furnished,50000
Villa ,5 BHK,6521.0,Sainik Farm,Delhi,28.50527763,77.20741272,4.0,2.0,>100k,Unfurnished,301012
Apartment ,2 BHK,650.0,Kothrud,Pune,18.50739861,73.80764771,2.0,0.0,0,Furnished,35000
Apartment ,2 BHK,650.0,Borivali East,Mumbai,19.22075844,72.85770416,2.0,1.0,>100k,Unfurnished,45000
,2 BHK,1100.0,Jogeshwari West,Mumbai,19.13975906,72.84013367,2.0,0.0,0,Unfurnished,55000
Apartment ,2 BHK,,Virar,Mumbai,19.46200371,72.80164337,2.0,0.0,0,Semi-Furnished,10000
,3 BHK,3400.0,Gulmohar park,Delhi,28.55721092,77.21279144,3.0,0.0,0,Semi-Furnished,225000
Apartment ,3 BHK,1800.0,Sector-18 Dwarka,Delhi,28.58866692,77.03621674,2.0,0.0,0,Semi-Furnished,29000
Apartment ,2 BHK,1050.0,Andheri West,Mumbai,19.12297821,72.83952332,2.0,0.0,0,Furnished,75000
Apartment ,2 BHK,,Sangamvadi,Pune,18.54178619,73.88245392,2.0,0.0,0,Furnished,41000
Villa ,4 BHK,5863.0,Hauz Khas,Delhi,28.55542183,77.20988464,,2.0,>100k,Unfurnished,401015
Independent Floor ,3 BHK,2700.0,Defence Colony,Delhi,28.57401276,77.23665619,3.0,0.0,0,Semi-Furnished,160000
Apartment ,3 BHK,1500.0,Sangamvadi,Pune,18.54178619,73.88245392,2.0,0.0,0,Furnished,35000
Apartment ,2 BHK,674.0,Wagholi,Pune,18.5781498,74.00430298,2.0,2.0,<=100k,Unfurnished,12500
Apartment ,1 BHK,500.0,Santacruz East,Mumbai,19.0793705,72.85626221,,0.0,0,Furnished,32000
Apartment ,2 BHK,1300.0,Sector 2 Dwarka,Delhi,28.59712982,77.06673431,2.0,0.0,<=100k,Semi-Furnished,28500
Apartment ,1 BHK,580.0,Borivali West,Mumbai,19.23472595,72.83889008,1.0,0.0,<=100k,Semi-Furnished,25000
Independent Floor ,3 BHK,2856.0,Anand Niketan,Delhi,28.57893944,77.16504669,3.0,2.0,>100k,Unfurnished,310102
Independent Floor ,5 BHK,5896.0,Hauz Khas,Delhi,28.55542183,77.20988464,4.0,2.0,>100k,Unfurnished,301012
Apartment ,2 BHK,987.0,Wagholi,Pune,18.59023857,73.99723816,2.0,2.0,<=100k,Unfurnished,12500
Apartment ,2 BHK,837.0,Wagholi,Pune,18.58727837,74.00176239,2.0,1.0,<=100k,Unfurnished,13000
Apartment ,2 BHK,1258.0,Aundh,Pune,18.55462074,73.802948,,0.0,<=100k,Furnished,36000
Independent Floor ,3 BHK,1000.0,Rajinder Nagar,Delhi,28.6402092,77.18727112,2.0,0.0,0,Furnished,58000
Apartment ,3 BHK,1210.0,Chattarpur,Delhi,28.49046516,77.17954254,2.0,0.0,,Semi-Furnished,25000
Independent Floor ,4 BHK,,Niti Bagh,Delhi,28.55949974,77.21679688,4.0,4.0,>100k,Unfurnished,301012
Independent Floor ,3 BHK,2000.0,Kohat Enclave,Delhi,28.69555092,77.14060974,3.0,1.0,>100k,Semi-Furnished,60000
Independent Floor ,1 BHK,487.0,Baljeet Nagar,Delhi,28.65736961,77.16074371,1.0,2.0,<=100k,Semi-Furnished,9000
Villa ,3 BHK,,NIBM,Pune,18.47696114,73.89567566,3.0,1.0,<=100k,Furnished,37000
Apartment ,3 BHK,1250.0,Andheri East,Mumbai,19.10728836,72.86682892,3.0,0.0,0,Furnished,75000
,4 BHK,5569.0,Amrita Shergill Marg,Delhi,28.5969677,77.22038269,4.0,2.0,>100k,Unfurnished,1202001
Apartment ,1 BHK,650.0,Kandivali East,Mumbai,19.19798088,72.87248993,2.0,0.0,0,Semi-Furnished,42000
,4 BHK,,Jor bagh,Delhi,28.67728996,77.15930176,4.0,2.0,>100k,Unfurnished,401012
,3 BHK,,Baner,Pune,18.57212067,73.77640533,3.0,2.0,>100k,Semi-Furnished,33000
Independent Floor ,4 BHK,5569.0,Green Park,Delhi,28.55761909,77.20458984,4.0,2.0,>100k,Unfurnished,325952
Apartment ,1 BHK,650.0,Shil Phata,Mumbai,19.14521408,73.04563141,1.0,0.0,0,Unfurnished,12500
Studio Apartment ,1 RK,350.0,Kothrud,Pune,18.50739861,73.80764771,1.0,0.0,0,Semi-Furnished,8500
Apartment ,3 BHK,1500.0,Kharghar,Mumbai,19.04623985,73.06303406,3.0,0.0,0,Semi-Furnished,40000
Apartment ,1 BHK,537.0,Kandivali East,Mumbai,19.21303558,72.86557007,,0.0,0,Semi-Furnished,27000
Apartment ,3 BHK,1115.0,Dhayari,Pune,18.45963287,73.79055786,2.0,1.0,<=100k,Unfurnished,15000
Apartment ,4 BHK,1600.0,Bhandup West,Mumbai,19.15110016,72.94132233,4.0,0.0,0,Furnished,70000
Independent Floor ,4 BHK,2700.0,Greater Kailash,Delhi,28.53398132,77.24250031,4.0,0.0,0,Furnished,160000
Apartment ,1 BHK,500.0,Ville Parle East,Mumbai,19.0951004,72.8605957,1.0,0.0,0,Unfurnished,47000
Apartment ,2 BHK,1200.0,Munirka,Delhi,28.55251884,77.17368317,2.0,0.0,0,Unfurnished,37000
Apartment ,1 BHK,585.0,Andheri East,Mumbai,19.11567116,72.88295746,2.0,0.0,0,Furnished,44000
Apartment ,1 BHK,535.0,Andheri East,Mumbai,19.11247253,72.86307526,2.0,0.0,0,Unfurnished,31000
Apartment ,2 BHK,900.0,Andheri West,Mumbai,19.14368057,72.828125,2.0,2.0,>100k,Furnished,70000
Apartment ,3 BHK,1020.0,Chembur,Mumbai,19.0642128,72.89389801,2.0,0.0,0,Unfurnished,49000
Apartment ,3 BHK,1170.0,Wagholi,Pune,18.57997322,73.9730072,3.0,0.0,<=100k,Semi-Furnished,30000
Apartment ,2 BHK,950.0,Lohegaon,Pune,18.60065651,73.92022705,2.0,0.0,0,Semi-Furnished,19500
Independent Floor ,3 BHK,1800.0,Pitampura,Delhi,28.69317627,77.13703156,3.0,0.0,0,Semi-Furnished,50000
Apartment ,2 BHK,950.0,Malad West,Mumbai,19.18683434,72.8336792,2.0,0.0,0,Semi-Furnished,60000
Independent Floor ,3 BHK,900.0,Dabri,Delhi,28.60726929,77.08944702,2.0,0.0,0,Semi-Furnished,20000
Apartment ,2 BHK,750.0,Chembur,Mumbai,19.06437302,72.89280701,2.0,0.0,0,Unfurnished,55000
Apartment ,1 BHK,400.0,Dombivali East,Mumbai,19.20571518,73.09552765,1.0,1.0,,Semi-Furnished,4000
Apartment ,3 BHK,1400.0,Kharadi,Pune,18.55271912,73.94644165,3.0,0.0,0,Semi-Furnished,45000
Apartment ,2 BHK,900.0,Sector 9 Rohini,Delhi,28.71616554,77.12406921,2.0,2.0,<=100k,Semi-Furnished,24000
Apartment ,1 BHK,650.0,Swargate,Pune,18.50333023,73.86472321,1.0,1.0,<=100k,Semi-Furnished,16000
Apartment ,3 BHK,,Borivali East,Mumbai,19.24099922,72.86535645,3.0,0.0,>100k,Unfurnished,55000
Apartment ,2 BHK,1126.0,Borivali East,Mumbai,19.23532677,72.86383057,,0.0,>100k,Unfurnished,45000
Villa ,5 BHK,,Hauz Khas,Delhi,28.55542183,77.20988464,4.0,2.0,>100k,Unfurnished,504015
,1 BHK,800.0,Wadala,Mumbai,19.03352928,72.8691864,1.0,0.0,0,Semi-Furnished,75000
,1 BHK,700.0,IP Extension,Delhi,28.62976646,77.30672455,1.0,1.0,<=100k,Semi-Furnished,14000
Apartment ,3 BHK,900.0,Khar West,Mumbai,19.07024956,72.8334198,3.0,0.0,0,Semi-Furnished,150000
Independent Floor ,4 BHK,5896.0,Friends Colony,Delhi,28.56834984,77.27211761,4.0,2.0,>100k,Unfurnished,301022
Villa ,4 BHK,5211.0,Greater Kailash II,Delhi,28.53174019,77.24913788,4.0,2.0,>100k,Unfurnished,310102
Apartment ,3 BHK,1100.0,Wagholi,Pune,18.58038139,73.9802475,,0.0,,Semi-Furnished,27000
Apartment ,1 BHK,680.0,Dhanori,Pune,18.60057259,73.90563202,1.0,1.0,<=100k,Unfurnished,15000
,2 BHK,787.0,Dhanori,Pune,18.59700012,73.89672852,2.0,3.0,<=100k,Semi-Furnished,22000
Independent Floor ,1 BHK,600.0,Uttam Nagar,Delhi,28.61945724,77.05670929,,0.0,0,Furnished,12000
Apartment ,2 BHK,1400.0,Chembur,Mumbai,19.06196213,72.89355469,2.0,0.0,0,Semi-Furnished,60000
Apartment ,1 BHK,581.0,Rahatani,Pune,18.6053772,73.78423309,2.0,0.0,<=100k,Unfurnished,15000
Studio Apartment ,1 RK,365.0,Karampura,Delhi,28.665308,77.15024567,1.0,0.0,0,Unfurnished,13000
,1 BHK,1000.0,Kurla West,Mumbai,19.0707531,72.87813568,1.0,0.0,<=100k,Furnished,42000
Apartment ,1 BHK,600.0,Ghansoli,Mumbai,19.12399673,72.9980545,2.0,1.0,<=100k,Unfurnished,18200
,2 BHK,900.0,Shalimar Bagh,Delhi,28.71273994,77.16290283,1.0,1.0,<=100k,Semi-Furnished,22000
Apartment ,1 BHK,790.0,Tingre Nagar,Pune,18.58148193,73.89109802,1.0,1.0,,Unfurnished,12000
Apartment ,1 BHK,600.0,Rabale,Mumbai,19.14412308,73.01037598,2.0,3.0,<=100k,Unfurnished,17900
Apartment ,2 BHK,,Mulund West,Mumbai,19.15857124,72.94791412,2.0,0.0,0,Semi-Furnished,38000
Independent Floor ,2 BHK,750.0,Sector 19 Dwarka,Delhi,28.58540726,77.04299927,2.0,0.0,0,Furnished,35000
Apartment ,1 BHK,500.0,Andheri West,Mumbai,19.12345505,72.83013916,2.0,0.0,0,Furnished,55000
Independent Floor ,3 BHK,2856.0,Navjeevan Vihar,Delhi,28.53347588,77.19955444,3.0,3.0,>100k,Unfurnished,235592
Apartment ,3 BHK,1900.0,Mahalaxmi,Mumbai,18.98705864,72.82733154,4.0,0.0,0,Semi-Furnished,210000
Apartment ,2 BHK,1000.0,NIBM Annex Mohammadwadi,Pune,18.47274971,73.91949463,2.0,1.0,<=100k,Unfurnished,26000
Apartment ,2 BHK,1050.0,Lohegaon,Pune,18.60659409,73.90982056,2.0,1.0,<=100k,Unfurnished,23500
Apartment ,1 BHK,680.0,Ulwe,Mumbai,18.96696472,73.01980591,1.0,2.0,<=100k,Unfurnished,10500
Independent Floor ,3 BHK,2000.0,East of Kailash,Delhi,28.55871391,77.25095367,3.0,3.0,>100k,Unfurnished,60000
Apartment ,2 BHK,945.0,Tathawade,Pune,18.6384201,73.73475647,2.0,0.0,0,Semi-Furnished,13100
Apartment ,1 BHK,450.0,Chembur,Mumbai,19.05822182,72.90831757,1.0,0.0,0,Unfurnished,32000
,2 BHK,830.0,Bhandup West,Mumbai,19.15110016,72.94132233,,0.0,,Unfurnished,35000
,4 BHK,2700.0,Greater kailash 1,Delhi,28.55195999,77.23581696,4.0,0.0,0,Semi-Furnished,150000
Independent Floor ,3 BHK,2856.0,Panchsheel Park,Delhi,28.54154015,77.21611786,,2.0,>100k,Unfurnished,401012
Independent Floor ,4 BHK,6251.0,Panchsheel Park,Delhi,28.54154015,77.21611786,4.0,2.0,>100k,Unfurnished,401014
Apartment ,3 BHK,1600.0,Prabhadevi,Mumbai,19.01371002,72.82904816,3.0,0.0,0,Furnished,115000
Apartment ,3 BHK,1345.0,Borivali East,Mumbai,19.22131157,72.85739899,3.0,0.0,>100k,Unfurnished,75000
Independent Floor ,3 BHK,2856.0,West End,Delhi,28.57413292,77.16131592,,2.0,>100k,Unfurnished,301012
,5 BHK,6521.0,Sainik Farm,Delhi,28.50527763,77.20741272,,2.0,>100k,Unfurnished,321616
,2 BHK,830.0,Thane West,Mumbai,19.1959095,72.9646225,2.0,0.0,0,Furnished,40000
Apartment ,4 BHK,,Green Park Extension,Delhi,28.55970383,77.20386505,4.0,2.0,>100k,Semi-Furnished,200000
Apartment ,2 BHK,,Powai,Mumbai,19.1196804,72.89414978,2.0,0.0,0,Furnished,65000
Independent Floor ,3 BHK,1872.0,Greater kailash 1,Delhi,28.55195999,77.23581696,3.0,0.0,0,Semi-Furnished,100000
Studio Apartment ,1 RK,365.0,Karampura,Delhi,28.665308,77.15024567,1.0,0.0,0,Semi-Furnished,16000
Apartment ,3 BHK,1326.0,Wagholi,Pune,18.59403992,74.00275421,3.0,0.0,<=100k,Furnished,16000
Apartment ,2 BHK,1025.0,Kalyan West,Mumbai,19.23848724,73.1268692,2.0,2.0,<=100k,Unfurnished,17000
Villa ,4 BHK,5896.0,Tuglak Road,Delhi,28.59545326,77.21033478,4.0,2.0,>100k,Unfurnished,1401104
Apartment ,1 BHK,650.0,Kalyan West,Mumbai,19.25731087,73.12992096,1.0,0.0,0,Semi-Furnished,12000
Independent Floor ,3 BHK,1300.0,laxmi nagar,Delhi,28.63550949,77.26966095,2.0,0.0,0,Furnished,20000
Apartment ,2 BHK,783.0,Dhayari,Pune,18.45851326,73.78095245,2.0,1.0,,Unfurnished,15500
Apartment ,2 BHK,895.0,Wagholi,Pune,18.58727837,74.00176239,2.0,2.0,<=100k,Unfurnished,13500
Apartment ,1 BHK,690.0,Mira Road East,Mumbai,19.27640724,72.88571167,2.0,0.0,0,Semi-Furnished,16500
Apartment ,2 BHK,850.0,Kondhwa,Pune,18.47802925,73.90692902,,1.0,<=100k,Semi-Furnished,27000
,1 BHK,710.0,Wagholi,Pune,18.58400536,73.99136353,2.0,0.0,0,Semi-Furnished,8500
Independent Floor ,4 BHK,5896.0,Jor bagh,Delhi,28.67728996,77.15930176,4.0,2.0,>100k,Unfurnished,301012
,2 BHK,845.0,Wagholi,Pune,18.58209229,73.98880005,2.0,1.0,,Semi-Furnished,14000
,3 BHK,1000.0,Moshi,Pune,18.67595482,73.84246063,2.0,2.0,<=100k,Unfurnished,22000
Apartment ,2 BHK,1200.0,Malad East,Mumbai,19.17645264,72.8687439,2.0,0.0,0,Semi-Furnished,75000
,1 BHK,800.0,Janakpuri,Delhi,28.62412453,77.08145905,1.0,1.0,<=100k,Furnished,22000
Independent Floor ,4 BHK,2600.0,Greater Kailash,Delhi,28.54381561,77.24092865,4.0,0.0,0,Semi-Furnished,175000
Studio Apartment ,1 RK,415.0,Andheri East,Mumbai,19.11567116,72.88295746,1.0,0.0,0,Furnished,30000
Villa ,5 BHK,6521.0,Greater kailash 1,Delhi,28.55175018,77.23332977,4.0,2.0,>100k,Unfurnished,546185
Apartment ,1 BHK,600.0,Cumballa Hill,Mumbai,18.97038841,72.80427551,2.0,0.0,0,Furnished,85000
Independent Floor ,2 BHK,900.0,Chattarpur,Delhi,28.49751854,77.17887115,2.0,0.0,0,Semi-Furnished,18000
Independent Floor ,4 BHK,5896.0,Jor bagh,Delhi,28.67728996,77.15930176,4.0,2.0,>100k,Unfurnished,1020201
Apartment ,2 BHK,1100.0,Hinjewadi,Pune,18.57535172,73.67964935,2.0,0.0,,Furnished,23000
Apartment ,1 BHK,481.0,Tathawade,Pune,18.62517357,73.73738861,1.0,1.0,<=100k,Unfurnished,12000
Apartment ,2 BHK,1004.0,Lohegaon,Pune,18.62314034,73.91410065,2.0,0.0,0,Unfurnished,20000
Independent Floor ,3 BHK,2856.0,Safdarjung Enclave,Delhi,28.56125832,77.19052124,3.0,2.0,>100k,Unfurnished,274818
Apartment ,2 BHK,1060.0,Mulund West,Mumbai,19.15857124,72.94791412,2.0,0.0,0,Semi-Furnished,39000
Apartment ,2 BHK,1026.0,Thane West,Mumbai,19.28334618,72.95620728,2.0,0.0,,Unfurnished,18500
Apartment ,1 BHK,500.0,Manjari Budruk,Pune,18.52243614,73.95858765,1.0,0.0,0,Semi-Furnished,7500
Apartment ,2 BHK,1040.0,Hinjewadi,Pune,18.59425354,73.74131775,2.0,2.0,<=100k,Semi-Furnished,18000
Independent Floor ,2 BHK,900.0,Lajpat Nagar,Delhi,28.57617188,77.24238586,1.0,0.0,0,Semi-Furnished,24500
Apartment ,2 BHK,1100.0,Tathawade,Pune,18.62477303,73.73713684,2.0,0.0,0,Unfurnished,24000
Apartment ,2 BHK,,Wadgaon Sheri,Pune,18.54603577,73.90991211,2.0,0.0,0,Unfurnished,31000
Apartment ,2 BHK,1000.0,Juhu,Mumbai,19.10852814,72.83081818,3.0,3.0,>100k,Furnished,135000
,3 BHK,2700.0,Greater Kailash,Delhi,28.54948235,77.2469101,3.0,0.0,0,Furnished,120000
Apartment ,1 BHK,650.0,Aundh,Pune,18.56212997,73.80351257,1.0,0.0,0,Semi-Furnished,20000
Apartment ,2 BHK,1200.0,Kharghar,Mumbai,19.04980278,73.07408142,2.0,0.0,0,Furnished,40000
Apartment ,1 BHK,,Sanpada,Mumbai,19.06175041,73.00650024,1.0,0.0,0,Unfurnished,25000
Independent Floor ,4 BHK,,Golf Links,Delhi,28.59763908,77.23332977,4.0,2.0,>100k,Unfurnished,301010
Apartment ,2 BHK,1230.0,Dhanori,Pune,18.59844017,73.9008255,2.0,1.0,<=100k,Semi-Furnished,28000
Apartment ,2 BHK,750.0,Jogeshwari West,Mumbai,19.13975906,72.84013367,2.0,2.0,>100k,Unfurnished,70000
Independent Floor ,1 BHK,900.0,East of Kailash,Delhi,28.55871391,77.25095367,1.0,1.0,<=100k,Unfurnished,11000
,2 BHK,600.0,Dwarka Mor,Delhi,28.6219635,77.03809357,2.0,0.0,0,Furnished,20000
Apartment ,1 BHK,365.0,Karampura,Delhi,28.66576004,77.15023041,1.0,0.0,0,Semi-Furnished,15000
Apartment ,2 BHK,750.0,Kandivali West,Mumbai,19.21359825,72.83363342,2.0,0.0,0,Unfurnished,28500
Apartment ,1 BHK,360.0,Nala Sopara,Mumbai,19.41975594,72.81576538,1.0,1.0,<=100k,Unfurnished,3000
Apartment ,2 BHK,1005.0,Hadapsar,Pune,18.51744652,73.94339752,2.0,0.0,,Semi-Furnished,28000
Apartment ,2 BHK,1400.0,Andheri West,Mumbai,19.12605858,72.82550812,2.0,0.0,0,Furnished,85000
Independent Floor ,4 BHK,6000.0,Vasant Vihar,Delhi,28.55988312,77.15867615,3.0,0.0,,Semi-Furnished,600000
Apartment ,1 BHK,425.0,Kandivali West,Mumbai,19.20246506,72.82470703,1.0,0.0,,Unfurnished,17000
Apartment ,2 BHK,1200.0,Parel,Mumbai,18.99174881,72.84083557,2.0,0.0,0,Semi-Furnished,95000
Apartment ,3 BHK,1900.0,Sector 11 Dwarka,Delhi,28.58954048,77.04999542,3.0,0.0,0,Semi-Furnished,45000
Independent Floor ,4 BHK,5896.0,Safdarjung Enclave,Delhi,28.56125832,77.19052124,4.0,2.0,>100k,Unfurnished,310102
Apartment ,3 BHK,1765.0,Kandivali East,Mumbai,19.19594383,72.87178802,,0.0,0,Semi-Furnished,85000
Independent Floor ,4 BHK,5896.0,Sunder Nagar,Delhi,28.61843681,76.96178436,4.0,2.0,>100k,Unfurnished,401010
Apartment ,2 BHK,1050.0,Kharadi,Pune,18.55463791,73.94429016,,0.0,0,Semi-Furnished,33000
Apartment ,2 BHK,875.0,Kharadi,Pune,18.54770279,73.93723297,2.0,0.0,0,Unfurnished,18000
Independent Floor ,3 BHK,1350.0,Poorvi Pitampura,Delhi,28.70433044,77.14995575,3.0,1.0,<=100k,Semi-Furnished,44000
Independent Floor ,3 BHK,,Saket,Delhi,28.52354813,77.20014191,3.0,2.0,>100k,Unfurnished,235592
,1 RK,450.0,Badlapur East,Mumbai,19.144207,73.24699402,1.0,0.0,0,Unfurnished,3000
Apartment ,2 BHK,,Dombivali East,Mumbai,19.20559311,73.1026535,1.0,0.0,0,Semi-Furnished,16000
Apartment ,2 BHK,954.0,Wagholi,Pune,18.58126259,73.98873901,2.0,2.0,<=100k,Semi-Furnished,10000
Apartment ,3 BHK,1500.0,Powai,Mumbai,19.11580086,72.91095734,3.0,0.0,0,Furnished,110000
Independent Floor ,3 BHK,2000.0,Rajouri Garden,Delhi,28.64152908,77.12091064,3.0,0.0,0,Furnished,50000
Independent Floor ,3 BHK,1500.0,Tagore Garden Extension,Delhi,28.6476841,77.1100769,3.0,0.0,0,Semi-Furnished,45000
Apartment ,3 BHK,1500.0,Sector 5 Dwarka,Delhi,28.59773827,77.0566864,2.0,0.0,0,Unfurnished,35000
,3 BHK,3011.0,Jor bagh,Delhi,28.67728996,77.15930176,3.0,2.0,>100k,Unfurnished,408512
Apartment ,2 BHK,1050.0,Pimple Saudagar,Pune,18.59486961,73.79818726,2.0,2.0,<=100k,Furnished,25000
Apartment ,1 BHK,681.0,Mahape,Mumbai,19.11924934,73.02577209,2.0,3.0,<=100k,Unfurnished,24500
Apartment ,2 BHK,950.0,Mira Road East,Mumbai,19.28910446,72.86850739,2.0,0.0,,Furnished,33000
Apartment ,2 BHK,710.0,Malad West,Mumbai,19.18646049,72.83118439,2.0,0.0,>100k,Furnished,55000
,1 BHK,650.0,Borivali East,Mumbai,19.21984673,72.86177063,2.0,1.0,<=100k,Unfurnished,30000
Apartment ,2 BHK,1100.0,Paschim Vihar,Delhi,28.65725327,77.09198761,1.0,0.0,0,Semi-Furnished,24000
Independent Floor ,3 BHK,2856.0,Niti Bagh,Delhi,28.55949974,77.21679688,,2.0,>100k,Unfurnished,401012
Independent Floor ,3 BHK,2856.0,Niti Bagh,Delhi,28.55949974,77.21679688,3.0,2.0,>100k,Unfurnished,301012
Apartment ,2 BHK,973.0,Wagholi,Pune,18.58509636,73.99692535,2.0,2.0,<=100k,Semi-Furnished,13000
Apartment ,3 BHK,2245.0,Ghansoli,Mumbai,19.12029648,72.9910965,3.0,5.0,>100k,Unfurnished,99000
Apartment ,2 BHK,950.0,Lohegaon,Pune,18.60000038,73.91000366,,0.0,0,Semi-Furnished,20000
Apartment ,3 BHK,1200.0,Undri,Pune,18.45936012,73.92002869,3.0,2.0,<=100k,Unfurnished,28000
Independent Floor ,4 BHK,5896.0,Sunder Nagar,Delhi,28.61843681,76.96178436,4.0,2.0,>100k,Unfurnished,381012
Studio Apartment ,1 RK,,Kothrud,Pune,18.50739861,73.80764771,1.0,0.0,0,Semi-Furnished,8500
Apartment ,1 BHK,750.0,Kalyan West,Mumbai,19.2664547,73.13716125,,1.0,<=100k,Semi-Furnished,10000
Studio Apartment ,1 RK,350.0,Andheri East,Mumbai,19.11567116,72.88295746,1.0,0.0,0,Semi-Furnished,27000
Apartment ,2 BHK,1060.0,Wagholi,Pune,18.59023857,73.99723816,2.0,0.0,<=100k,Furnished,20000
Independent Floor ,3 BHK,1300.0,laxmi nagar,Delhi,28.63550949,77.26966095,2.0,0.0,0,Furnished,20000
Apartment ,1 BHK,513.0,Dhanori,Pune,18.60161972,73.89728546,1.0,0.0,<=100k,Unfurnished,14000
,4 BHK,6521.0,Panchsheel Enclave,Delhi,28.54351997,77.22973633,4.0,2.0,>100k,Unfurnished,231112
Independent Floor ,3 BHK,2700.0,Gulmohar park,Delhi,28.55721092,77.21279144,4.0,0.0,0,Semi-Furnished,110000
Apartment ,2 BHK,1100.0,Airoli,Mumbai,19.15964699,72.99078369,2.0,0.0,0,Furnished,40000
Apartment ,3 BHK,1250.0,Thane West,Mumbai,19.21998787,72.97707367,3.0,0.0,0,Furnished,49000
Apartment ,3 BHK,1600.0,Vasant Kunj,Delhi,28.52632713,77.15073395,2.0,0.0,0,Furnished,60000
,2 BHK,1249.0,Baner,Pune,18.56397438,73.78327942,2.0,1.0,<=100k,Furnished,30000
Apartment ,1 BHK,850.0,Pimple Gurav,Pune,18.59726143,73.81361389,1.0,0.0,0,Semi-Furnished,9500
Independent Floor ,3 BHK,1800.0,Rajouri Garden,Delhi,28.64152908,77.12091064,,0.0,0,Semi-Furnished,60000
Apartment ,1 BHK,625.0,Thane West,Mumbai,19.26602936,72.97202301,2.0,0.0,<=100k,Unfurnished,15500
,3 BHK,1680.0,Vishrantwadi,Pune,18.57397652,73.87448883,,2.0,>100k,Semi-Furnished,40000
Apartment ,2 BHK,760.0,Andheri East,Mumbai,19.11686325,72.86997986,2.0,0.0,0,Unfurnished,42000
Independent Floor ,1 BHK,450.0,Dabri,Delhi,28.60993385,77.09203339,,0.0,0,Semi-Furnished,9000
Apartment ,1 BHK,710.0,Kalamboli,Mumbai,19.04022598,73.09493256,2.0,0.0,0,Unfurnished,12000
Apartment ,2 BHK,963.0,Wagholi,Pune,18.5826931,73.98444366,2.0,2.0,<=100k,Semi-Furnished,15000
Apartment ,2 BHK,850.0,Wanowrie,Pune,18.47803879,73.90595245,2.0,1.0,<=100k,Unfurnished,24000
Independent Floor ,2 BHK,500.0,New Ashok Nagar,Delhi,28.59543991,77.31006622,1.0,0.0,0,Semi-Furnished,12500
,2 BHK,900.0,Dahisar,Mumbai,19.26166916,72.87430573,2.0,0.0,0,Unfurnished,16000
Independent Floor ,4 BHK,4400.0,Panchsheel Park,Delhi,28.54257011,77.21405792,5.0,0.0,0,Semi-Furnished,350000
,3 BHK,1650.0,Kharadi,Pune,18.54661369,73.93197632,3.0,0.0,0,Furnished,50000
Independent Floor ,1 BHK,450.0,Sagar Pur,Delhi,28.60399246,77.10236359,1.0,0.0,0,Unfurnished,8500
Villa ,5 BHK,6521.0,Aurungzeb Road,Delhi,28.60279655,77.21968079,4.0,2.0,>100k,Unfurnished,1087458
Apartment ,1 BHK,700.0,Paschim Vihar,Delhi,28.67759895,77.09489441,1.0,0.0,0,Semi-Furnished,14500
Apartment ,2 BHK,931.0,Baner,Pune,18.55627823,73.78134155,2.0,0.0,0,Furnished,32000
Apartment ,1 BHK,585.0,Kalyan West,Mumbai,19.24438858,73.12254333,1.0,0.0,<=100k,Semi-Furnished,12000
Apartment ,2 BHK,800.0,Wagholi,Pune,18.59265709,73.96859741,2.0,2.0,<=100k,Unfurnished,15500
,2 BHK,900.0,Ville Parle East,Mumbai,19.0951004,72.8605957,2.0,0.0,0,Furnished,65000
Apartment ,1 BHK,450.0,Goregaon West,Mumbai,19.16893959,72.83577728,2.0,0.0,0,Semi-Furnished,26500
Independent Floor ,1 BHK,650.0,Worli,Mumbai,28.46425247,77.03192139,2.0,0.0,0,Furnished,13500
Apartment ,2 BHK,1050.0,Pimple Nilakh,Pune,18.58615685,73.78089142,2.0,0.0,0,Furnished,26000
Apartment ,4 BHK,1950.0,Worli,Mumbai,19.00612831,72.82883453,4.0,0.0,0,Semi-Furnished,310000
Independent House ,4 BHK,5896.0,Chattarpur,Delhi,28.49946976,77.19647217,4.0,2.0,>100k,Unfurnished,404102
Independent Floor ,4 BHK,6952.0,Panchsheel Enclave,Delhi,28.54351997,77.22973633,4.0,2.0,>100k,Unfurnished,401101
Independent Floor ,3 BHK,1650.0,Kohat Enclave,Delhi,28.69555092,77.14060974,3.0,1.0,<=100k,Semi-Furnished,50000
Apartment ,2 BHK,900.0,Bandra West,Mumbai,19.06009293,72.83030701,2.0,2.0,>100k,Furnished,120000
Independent Floor ,3 BHK,2852.0,Friends Colony,Delhi,28.56834984,77.27211761,3.0,2.0,>100k,Unfurnished,232232
Apartment ,2 BHK,985.0,Wagholi,Pune,18.57613182,74.00145721,2.0,2.0,<=100k,Semi-Furnished,16000
Independent Floor ,4 BHK,5896.0,Geetanjali Enclave,Delhi,28.53087997,77.20243073,4.0,2.0,>100k,Unfurnished,362622
Apartment ,1 BHK,645.0,Ghansoli,Mumbai,19.12399673,72.9980545,,3.0,<=100k,Unfurnished,20000
,2 BHK,980.0,Lohegaon,Pune,18.60538483,73.90778351,2.0,0.0,0,Semi-Furnished,22000
Apartment ,2 BHK,950.0,Kalyan West,Mumbai,19.25731087,73.12992096,3.0,0.0,0,Unfurnished,16000
Apartment ,2 BHK,1210.0,Panvel,Mumbai,18.95307922,73.14958191,2.0,0.0,0,Unfurnished,10000
Apartment ,2 BHK,1130.0,Kharghar,Mumbai,19.0344677,73.07588196,2.0,2.0,<=100k,Unfurnished,30000
Apartment ,2 BHK,990.0,Wagholi,Pune,18.57443619,73.98206329,2.0,2.0,<=100k,Unfurnished,12500
Villa ,4 BHK,5896.0,Ghitorni,Delhi,28.49571991,77.13581085,4.0,4.0,>100k,Unfurnished,401012
Apartment ,3 BHK,1098.0,Dombivali,Mumbai,19.16758537,73.07501221,2.0,0.0,0,Unfurnished,18000
Apartment ,3 BHK,1724.0,Wagholi,Pune,18.57436371,73.99543762,3.0,3.0,<=100k,Semi-Furnished,30000
Apartment ,2 BHK,1150.0,Rahatani,Pune,18.59954453,73.79097748,2.0,0.0,<=100k,Unfurnished,22500
Apartment ,2 BHK,1056.0,Lohegaon,Pune,18.62320328,73.91668701,2.0,0.0,0,Semi-Furnished,22000
,3 BHK,1459.0,Goregaon East,Mumbai,19.16552544,72.85199738,3.0,0.0,,Semi-Furnished,95000
Apartment ,3 BHK,,Chembur,Mumbai,19.06838036,72.89819336,2.0,1.0,>100k,Unfurnished,55000
Independent Floor ,3 BHK,1800.0,Greater kailash 1,Delhi,28.55195999,77.23581696,3.0,0.0,,Semi-Furnished,95000
,1 BHK,560.0,Andheri East,Mumbai,19.11567116,72.88295746,,0.0,0,Semi-Furnished,42000
,2 BHK,1000.0,Juhu,Mumbai,19.11050224,72.82448578,2.0,0.0,0,Semi-Furnished,75000
Apartment ,1 BHK,670.0,Wagholi,Pune,18.58312607,74.00086975,1.0,0.0,0,Semi-Furnished,14000
Apartment ,2 BHK,1060.0,Mulund West,Mumbai,19.15857124,72.94791412,2.0,0.0,0,Semi-Furnished,39000
Independent Floor ,4 BHK,5211.0,Greater kailash 1,Delhi,28.55175018,77.23332977,4.0,2.0,>100k,Unfurnished,201021
Apartment ,2 BHK,1030.0,Ulwe,Mumbai,18.96338272,73.02172852,2.0,0.0,0,Unfurnished,14000
Apartment ,1 BHK,550.0,Marol andheri east,Mumbai,19.11730194,72.88404083,1.0,1.0,<=100k,Furnished,35000
Villa ,5 BHK,6521.0,Jor bagh,Delhi,28.67728996,77.15930176,4.0,2.0,>100k,Unfurnished,1211222
Independent House ,5 BHK,,Chattarpur,Delhi,28.49946976,77.19647217,4.0,2.0,>100k,Unfurnished,401012
Apartment ,2 BHK,1034.0,Wagholi,Pune,18.56959343,73.95823669,2.0,0.0,<=100k,Semi-Furnished,17000
Apartment ,2 BHK,1165.0,Malad East,Mumbai,19.17734146,72.87755585,2.0,0.0,0,Furnished,73000
,1 BHK,550.0,Chembur,Mumbai,19.07072258,72.89862061,1.0,0.0,0,Semi-Furnished,35000
Apartment ,2 BHK,,Wakad,Pune,18.59720993,73.75839996,2.0,1.0,<=100k,Unfurnished,16000
Apartment ,2 BHK,,Baner,Pune,18.56068611,73.77831268,2.0,2.0,<=100k,Unfurnished,25000
Apartment ,2 BHK,925.0,Kondhwa,Pune,18.44235039,73.88324738,2.0,0.0,<=100k,Unfurnished,13000
Independent Floor ,4 BHK,3600.0,Malviya Nagar,Delhi,28.53042603,77.20252228,4.0,0.0,0,Semi-Furnished,120000
Independent Floor ,3 BHK,2700.0,Sarvodaya Enclave,Delhi,28.53616524,77.19776154,3.0,0.0,0,Semi-Furnished,90000
Independent House ,5 BHK,6251.0,Ghitorni,Delhi,28.49571991,77.13581085,4.0,2.0,>100k,Unfurnished,301012
Apartment ,1 BHK,670.0,Mira Road East,Mumbai,19.27889061,72.8793335,2.0,0.0,0,Unfurnished,14500
Villa ,5 BHK,6251.0,Uday Park,Delhi,28.56010056,77.2193222,4.0,2.0,>100k,Unfurnished,504015
Independent House ,4 BHK,5569.0,Ghitorni,Delhi,28.49571991,77.13581085,4.0,2.0,>100k,Unfurnished,401010
Apartment ,2 BHK,1000.0,Kondhwa,Pune,18.47638512,73.89437866,,1.0,<=100k,Unfurnished,22000
Studio Apartment ,1 RK,367.0,Karampura,Delhi,28.665308,77.15024567,1.0,0.0,0,Semi-Furnished,17000
Villa ,4 BHK,5896.0,Defence Colony,Delhi,28.57183075,77.23332977,4.0,4.0,>100k,Unfurnished,504011
Independent House ,5 BHK,6521.0,Vasant Vihar,Delhi,28.55739021,77.15714264,5.0,2.0,>100k,Unfurnished,704405
Independent Floor ,5 BHK,6521.0,Vasant Vihar,Delhi,28.55739021,77.15714264,4.0,2.0,>100k,Unfurnished,301012
Apartment ,2 BHK,1000.0,Cuffe Parade,Mumbai,18.91077805,72.82048798,2.0,0.0,0,Furnished,145000
Independent Floor ,3 BHK,1800.0,Greater kailash 1,Delhi,28.55175018,77.23332977,3.0,3.0,>100k,Unfurnished,53000
Apartment ,2 BHK,1080.0,Dhanori,Pune,18.59836388,73.90181732,2.0,0.0,0,Semi-Furnished,20800
Independent Floor ,3 BHK,850.0,Dwarka Mor,Delhi,28.62621689,77.03955078,2.0,0.0,0,Semi-Furnished,20000
Studio Apartment ,1 RK,350.0,East of Kailash,Delhi,28.55871391,77.25095367,1.0,1.0,,Furnished,12500
Independent Floor ,2 BHK,580.0,Uttam Nagar west,Delhi,28.62127113,77.06132507,1.0,1.0,<=100k,Semi-Furnished,8000
Independent Floor ,3 BHK,2856.0,Uday Park,Delhi,28.56010056,77.2193222,3.0,2.0,>100k,Unfurnished,301012
Apartment ,2 BHK,1100.0,Paschim Vihar,Delhi,28.65725327,77.09198761,1.0,0.0,0,Semi-Furnished,19000
Independent House ,4 BHK,5896.0,Friends Colony,Delhi,28.56834984,77.27211761,4.0,3.0,>100k,Unfurnished,844855
Apartment ,1 BHK,690.0,Vishrantwadi,Pune,18.57247162,73.87510681,1.0,1.0,<=100k,Unfurnished,15000
,5 BHK,5896.0,Sunder Nagar,Delhi,28.61843681,76.96178436,4.0,2.0,>100k,Unfurnished,504015
Independent Floor ,3 BHK,2858.0,Uday Park,Delhi,28.56010056,77.2193222,3.0,2.0,>100k,Unfurnished,235525
Independent Floor ,4 BHK,,Golf Links,Delhi,28.59763908,77.23332977,4.0,2.0,>100k,Unfurnished,301012
Apartment ,3 BHK,1350.0,Chattarpur,Delhi,28.49941444,77.18951416,3.0,0.0,0,Furnished,50000
Apartment ,2 BHK,1200.0,mayur vihar phase 1,Delhi,28.60089684,77.29438782,2.0,0.0,0,Semi-Furnished,24000
Apartment ,1 BHK,415.0,Dombivli (West),Mumbai,19.21930122,73.08474731,1.0,0.0,0,Unfurnished,7500
Independent Floor ,4 BHK,2925.0,Defence Colony,Delhi,28.57263374,77.23251343,4.0,0.0,0,Semi-Furnished,230000
Apartment ,2 BHK,1250.0,Ghansoli,Mumbai,19.12399673,72.9980545,2.0,4.0,<=100k,Unfurnished,29500
Independent House ,4 BHK,,Jor bagh,Delhi,28.67728996,77.15930176,4.0,2.0,,Unfurnished,1102202
Apartment ,2 BHK,940.0,Wagholi,Pune,18.58881569,73.98297882,2.0,1.0,<=100k,Unfurnished,14000
Villa ,3 BHK,1500.0,NIBM,Pune,18.47746086,73.8944397,3.0,1.0,,Furnished,38000
Apartment ,2 BHK,1000.0,Bavdhan,Pune,18.52169228,73.77030945,,0.0,0,Unfurnished,16000
Apartment ,3 BHK,2000.0,Sector 23 Dwarka,Delhi,28.56251144,77.05653381,2.0,0.0,0,Semi-Furnished,40000
Independent Floor ,3 BHK,2741.0,Saket,Delhi,28.52354813,77.20014191,,3.0,>100k,Unfurnished,235511
,4 BHK,5852.0,Sainik Farm,Delhi,28.50527763,77.20741272,4.0,3.0,>100k,Unfurnished,305212
Independent Floor ,1 BHK,560.0,Patel Nagar,Delhi,28.65369034,77.16915894,1.0,0.0,0,Furnished,18000
Apartment ,1 BHK,835.0,Wagholi,Pune,18.57432747,73.97636414,1.0,1.0,<=100k,Furnished,15000
Apartment ,2 BHK,900.0,Mahim,Mumbai,19.02898026,72.83972931,2.0,0.0,0,Furnished,80000
Apartment ,2 BHK,987.0,Wagholi,Pune,18.57983208,73.98499298,2.0,2.0,<=100k,Unfurnished,11000
Independent Floor ,4 BHK,5896.0,Sunder Nagar,Delhi,28.61843681,76.96178436,4.0,2.0,>100k,Unfurnished,301022
Studio Apartment ,1 RK,250.0,Ulwe,Mumbai,19.13683128,72.86800385,1.0,0.0,0,Semi-Furnished,17500
Apartment ,1 BHK,550.0,Wakad,Pune,18.59602737,73.75917053,,0.0,0,Semi-Furnished,20000
Apartment ,2 BHK,950.0,Hadapsar,Pune,18.51017761,73.92458344,2.0,2.0,<=100k,Semi-Furnished,30000
Apartment ,2 BHK,995.0,Ambegaon Budruk,Pune,18.4607563,73.83367157,2.0,0.0,0,Semi-Furnished,12935
Apartment ,1 BHK,660.0,Thergaon,Pune,18.61053467,73.77159119,1.0,0.0,0,Semi-Furnished,13000
Apartment ,2 BHK,1000.0,Powai,Mumbai,19.11570358,72.88977051,2.0,0.0,0,Semi-Furnished,82000
Apartment ,3 BHK,1450.0,Paschim Vihar,Delhi,28.67717552,77.10204315,2.0,0.0,0,Semi-Furnished,30000
Apartment ,3 BHK,2000.0,Palam,Delhi,28.58340454,77.07356262,3.0,0.0,0,Semi-Furnished,32000
Apartment ,3 BHK,1600.0,Airoli,Mumbai,19.16828537,72.99168396,2.0,0.0,0,Semi-Furnished,33000
Independent House ,5 BHK,6585.0,Sunder Nagar,Delhi,28.61843681,76.96178436,,2.0,>100k,Unfurnished,848185
Apartment ,3 BHK,1400.0,Wakad,Pune,18.59907341,73.7725296,3.0,0.0,0,Semi-Furnished,45000
,1 BHK,580.0,Vishrantwadi,Pune,18.57256317,73.87550354,,1.0,<=100k,Unfurnished,12000
,4 BHK,6251.0,Panchsheel Park,Delhi,28.54154015,77.21611786,4.0,2.0,>100k,Unfurnished,301011
Apartment ,2 BHK,1000.0,Kondhwa,Pune,18.46984863,73.87834167,2.0,1.0,<=100k,Semi-Furnished,20000
Villa ,4 BHK,5896.0,Sarvpriya Vihar,Delhi,28.54276657,77.20674133,4.0,2.0,>100k,Unfurnished,549195
Apartment ,1 BHK,430.0,Janakpuri,Delhi,28.62412453,77.08145905,1.0,1.0,<=100k,Semi-Furnished,8500
Apartment ,1 BHK,600.0,Kharadi,Pune,18.54247665,73.93925476,1.0,0.0,0,Unfurnished,23000
Apartment ,2 BHK,700.0,Chembur,Mumbai,19.06815338,72.89574432,2.0,0.0,0,Unfurnished,48000
Apartment ,2 BHK,1150.0,Marine Lines,Mumbai,18.9430027,72.82634735,2.0,0.0,0,Furnished,180000
,2 BHK,1000.0,Wagholi,Pune,18.58470154,74.00345612,2.0,0.0,0,Unfurnished,17000
,4 BHK,5896.0,Sunder Nagar,Delhi,28.61843681,76.96178436,,2.0,>100k,Unfurnished,301012
Apartment ,1 BHK,700.0,Jogeshwari West,Mumbai,19.1398983,72.84290314,2.0,0.0,0,Unfurnished,40000
Independent Floor ,4 BHK,5896.0,Greater kailash 1,Delhi,28.55175018,77.23332977,4.0,2.0,,Unfurnished,301022
Apartment ,2 BHK,951.0,Wagholi,Pune,18.57175446,73.97624207,2.0,2.0,<=100k,Unfurnished,12000
Apartment ,4 BHK,4365.0,Safdarjung Enclave,Delhi,28.56470108,77.19415283,3.0,0.0,0,Semi-Furnished,200000
Apartment ,2 BHK,1100.0,Wagholi,Pune,18.59058952,73.99626923,2.0,0.0,0,Unfurnished,10000
Apartment ,2 BHK,1053.0,Andheri West,Mumbai,19.13736153,72.83709717,2.0,0.0,>100k,Semi-Furnished,85000
Independent Floor ,3 BHK,2300.0,Green Park Extension,Delhi,28.55907249,77.20407104,3.0,0.0,0,Semi-Furnished,130000
Apartment ,2 BHK,1050.0,Powai,Mumbai,19.12494469,72.91692352,2.0,0.0,0,Unfurnished,65000
Apartment ,2 BHK,987.0,Wagholi,Pune,18.57411385,73.97853088,,2.0,<=100k,Unfurnished,13000
Apartment ,2 BHK,,Aundh,Pune,18.56032944,73.80487061,2.0,0.0,0,Semi-Furnished,28000
Independent Floor ,3 BHK,2200.0,Jor bagh,Delhi,28.58775711,77.21530914,4.0,0.0,,Semi-Furnished,270000
,1 BHK,680.0,Dhanori,Pune,18.5941391,73.89772797,1.0,1.0,<=100k,Unfurnished,12000
Apartment ,1 BHK,580.0,Thane West,Mumbai,19.20537186,72.9597168,1.0,0.0,0,Semi-Furnished,25000
Apartment ,2 BHK,1008.0,Mulund West,Mumbai,19.15857124,72.94791412,2.0,0.0,0,Semi-Furnished,38000
Studio Apartment ,1 RK,250.0,Andheri East,Mumbai,19.13683128,72.86800385,1.0,0.0,0,Unfurnished,14000
Apartment ,2 BHK,1120.0,Viman Nagar,Pune,18.57149506,73.90843201,2.0,1.0,<=100k,Furnished,36000
Studio Apartment ,1 RK,410.0,Dombivali East,Mumbai,19.2053833,73.10295105,1.0,0.0,0,Semi-Furnished,5000
Independent Floor ,3 BHK,,Greater kailash 1,Delhi,28.55097771,77.23594666,4.0,0.0,0,Furnished,125000
Apartment ,3 BHK,1450.0,mayur vihar phase 1,Delhi,28.60659218,77.29367828,2.0,1.0,<=100k,Semi-Furnished,40000
Independent Floor ,3 BHK,2000.0,Defence Colony,Delhi,28.57263374,77.23251343,4.0,0.0,0,Semi-Furnished,180000
Independent Floor ,3 BHK,1600.0,Anand Niketan,Delhi,28.57889748,77.1645813,4.0,0.0,0,Semi-Furnished,125000
Apartment ,1 BHK,640.0,Lohegaon,Pune,18.59333038,73.93199158,2.0,0.0,0,Semi-Furnished,8000
Apartment ,1 BHK,630.0,Ulwe,Mumbai,18.96338272,73.02172852,1.0,0.0,0,Unfurnished,9000
,2 BHK,852.0,Wagholi,Pune,18.5858593,73.98474121,2.0,2.0,<=100k,Semi-Furnished,16000
Apartment ,2 BHK,1125.0,Dhanori,Pune,18.60192871,73.90148163,3.0,2.0,<=100k,Semi-Furnished,20000
Apartment ,2 BHK,851.0,Ravet,Pune,18.64532852,73.75150299,2.0,0.0,<=100k,Semi-Furnished,14000
Apartment ,1 BHK,650.0,Dombivali East,Mumbai,19.20571518,73.09552765,,1.0,<=100k,Furnished,15000
Apartment ,1 BHK,600.0,Wakad,Pune,18.60223007,73.75694275,,1.0,<=100k,Unfurnished,16000
Apartment ,2 BHK,1153.0,Thane West,Mumbai,19.22338867,72.98991394,2.0,1.0,>100k,Semi-Furnished,40000
Apartment ,1 BHK,780.0,Dhanori,Pune,18.59844017,73.9008255,1.0,1.0,<=100k,Semi-Furnished,16000
Independent Floor ,2 BHK,1200.0,Rajouri Garden,Delhi,28.64152908,77.12091064,2.0,0.0,0,Furnished,33000
Independent Floor ,3 BHK,1800.0,East of Kailash,Delhi,28.55871391,77.25095367,3.0,3.0,<=100k,Semi-Furnished,55000
Villa ,5 BHK,6521.0,Saket,Delhi,28.52354813,77.20014191,4.0,2.0,>100k,Unfurnished,401101
Villa ,4 BHK,5896.0,Maharani Bagh,Delhi,28.57262039,77.26422119,4.0,2.0,>100k,Unfurnished,401102
Independent Floor ,5 BHK,6521.0,Gulmohar park,Delhi,28.55765915,77.21248627,4.0,2.0,,Unfurnished,301012
Apartment ,1 BHK,650.0,Andheri East,Mumbai,19.00169182,72.818573,1.0,0.0,0,Furnished,80000
Apartment ,2 BHK,1120.0,Jogeshwari East,Mumbai,19.1367321,72.86825562,2.0,0.0,0,Semi-Furnished,43000
Independent Floor ,2 BHK,1000.0,Patel Nagar,Delhi,28.65369034,77.16915894,2.0,0.0,0,Semi-Furnished,35000
Apartment ,1 BHK,550.0,Goregaon East,Mumbai,19.15105629,72.88568115,1.0,0.0,0,Furnished,35000
Studio Apartment ,1 RK,390.0,Andheri East,Mumbai,19.11170769,72.87286377,1.0,0.0,0,Furnished,25000
,2 BHK,1020.0,Chakan,Pune,18.76175499,73.84884644,2.0,1.0,<=100k,Furnished,14000
Apartment ,1 BHK,625.0,Kharadi,Pune,18.54247665,73.93925476,1.0,0.0,0,Semi-Furnished,16000
Apartment ,5 BHK,,Goregaon East,Mumbai,19.15392494,72.85612488,5.0,2.0,>100k,Semi-Furnished,250000
Apartment ,2 BHK,950.0,Titwala,Mumbai,19.28917503,73.20214844,2.0,0.0,0,Unfurnished,10000
Studio Apartment ,1 RK,367.0,Karampura,Delhi,28.666399,77.15185547,1.0,0.0,0,Unfurnished,12000
Apartment ,2 BHK,851.0,Ravet,Pune,18.64532852,73.75150299,2.0,0.0,<=100k,Semi-Furnished,15000
Independent House ,1 BHK,540.0,Hinjewadi,Pune,18.57936478,73.73588562,1.0,0.0,0,Unfurnished,23000
,3 BHK,2741.0,New Friends Colony,Delhi,28.56705093,77.27355957,3.0,3.0,>100k,Unfurnished,301012
Apartment ,3 BHK,1550.0,Lower Parel,Mumbai,19.00477219,72.82813263,4.0,3.0,0,Semi-Furnished,200000
Apartment ,2 BHK,800.0,Bandra West,Mumbai,19.06009293,72.83030701,3.0,0.0,>100k,Semi-Furnished,200000
,3 BHK,2856.0,Friends Colony,Delhi,28.56834984,77.27211761,3.0,2.0,>100k,Unfurnished,362125
Apartment ,1 BHK,650.0,Hadapsar,Pune,18.49851418,73.92345428,1.0,1.0,<=100k,Unfurnished,8000
Independent Floor ,2 BHK,1000.0,Subhash Nagar,Delhi,28.63766098,77.11206818,2.0,0.0,0,Semi-Furnished,30000
Apartment ,3 BHK,1800.0,Sector-B Vasant Kunj,Delhi,28.52645111,77.15715027,2.0,0.0,0,Semi-Furnished,75000
Apartment ,2 BHK,1250.0,Kharghar,Mumbai,19.03392029,73.07605743,2.0,0.0,0,Furnished,40000
,5 BHK,6521.0,Safdarjung Enclave,Delhi,28.56125832,77.19052124,4.0,2.0,>100k,Unfurnished,301012
Independent Floor ,3 BHK,,Paschim Vihar,Delhi,28.66461563,77.09416199,3.0,0.0,0,Semi-Furnished,45000
Apartment ,2 BHK,989.0,Wagholi,Pune,18.57670975,73.99583435,2.0,2.0,<=100k,Unfurnished,12000
Villa ,4 BHK,5896.0,Sainik Farm,Delhi,28.50527763,77.20741272,4.0,4.0,>100k,Unfurnished,504102
Apartment ,3 BHK,1850.0,Powai,Mumbai,19.12353706,72.89595795,3.0,0.0,0,Semi-Furnished,90000
Apartment ,1 BHK,,Dhayari,Pune,18.44909096,73.80989075,,1.0,<=100k,Unfurnished,5000
Apartment ,2 BHK,745.0,Wagholi,Pune,18.58126259,73.98873901,2.0,2.0,<=100k,Unfurnished,10000
Apartment ,2 BHK,,Wagholi,Pune,18.58438492,73.99645233,2.0,2.0,<=100k,Semi-Furnished,14500
Apartment ,4 BHK,1800.0,Sector 5 Dwarka,Delhi,28.60035133,77.05869293,3.0,0.0,0,Semi-Furnished,38000
Independent Floor ,3 BHK,2856.0,Green Park,Delhi,28.55761909,77.20458984,3.0,2.0,>100k,Unfurnished,274126
Independent Floor ,3 BHK,2856.0,Safdarjung Enclave,Delhi,28.56125832,77.19052124,3.0,2.0,>100k,Unfurnished,301011
Independent Floor ,3 BHK,2856.0,Safdarjung Enclave,Delhi,28.56125832,77.19052124,3.0,2.0,>100k,Unfurnished,235925
,2 BHK,900.0,Subhash Nagar,Delhi,28.6381588,77.11428833,2.0,0.0,0,Semi-Furnished,22000
,1 BHK,600.0,Ghansoli,Mumbai,19.12399673,72.9980545,2.0,0.0,<=100k,Unfurnished,18500
,3 BHK,1800.0,Paschim Vihar,Delhi,28.65803719,77.09088898,3.0,0.0,0,Semi-Furnished,42000
Independent Floor ,2 BHK,1080.0,Sector 19 Dwarka,Delhi,28.57625961,77.04273224,2.0,0.0,0,Semi-Furnished,17000
Apartment ,2 BHK,600.0,Malad West,Mumbai,19.18503952,72.81951141,2.0,0.0,0,Furnished,52000
,4 BHK,5896.0,Shanti Niketan,Delhi,28.57792091,77.16937256,4.0,2.0,>100k,Unfurnished,381022
,1 BHK,650.0,Thane West,Mumbai,19.27532768,72.96347809,1.0,0.0,0,Semi-Furnished,17000
Apartment ,3 BHK,1100.0,Mulund West,Mumbai,19.16048431,72.94541931,3.0,0.0,0,Unfurnished,53000
Apartment ,3 BHK,1250.0,Tathawade,Pune,18.62471008,73.73709869,2.0,0.0,0,Semi-Furnished,30000
,5 BHK,6521.0,Friends Colony,Delhi,28.56834984,77.27211761,4.0,2.0,>100k,Unfurnished,401015
Independent Floor ,3 BHK,2856.0,Navjeevan Vihar,Delhi,28.53347588,77.19955444,3.0,2.0,>100k,Unfurnished,300110
Apartment ,2 BHK,951.0,Ville Parle East,Mumbai,19.09774208,72.85029602,2.0,0.0,>100k,Furnished,42000
Apartment ,1 BHK,600.0,Vishrantwadi,Pune,18.57260513,73.87820435,1.0,0.0,0,Semi-Furnished,9000
Apartment ,3 BHK,1500.0,Borivali East,Mumbai,19.22089958,72.86664581,3.0,0.0,0,Semi-Furnished,100000
Independent Floor ,2 BHK,750.0,Sector-7 Rohini,Delhi,28.7080574,77.11795044,2.0,1.0,<=100k,Unfurnished,17000
Independent Floor ,2 BHK,1800.0,Inderpuri,Delhi,28.63199997,77.14509583,3.0,0.0,0,Semi-Furnished,40000
Apartment ,2 BHK,1230.0,Kharghar,Mumbai,19.07082176,73.08248138,2.0,0.0,<=100k,Semi-Furnished,33000
Apartment ,3 BHK,1400.0,Dadar West,Mumbai,19.01498032,72.82868195,3.0,0.0,0,Furnished,125000
Independent Floor ,3 BHK,2741.0,Saket,Delhi,28.52354813,77.20014191,3.0,2.0,>100k,Unfurnished,230851
Independent Floor ,3 BHK,2856.0,Navjeevan Vihar,Delhi,28.53347588,77.19955444,3.0,2.0,>100k,Unfurnished,301022
Apartment ,1 BHK,695.0,Dombivali East,Mumbai,19.20380211,73.09098053,,0.0,0,Semi-Furnished,10000
Apartment ,1 BHK,510.0,Wagholi,Pune,18.59403992,74.00275421,1.0,0.0,0,Unfurnished,6000
Apartment ,1 BHK,650.0,Dhayari,Pune,18.44596863,73.80133057,,0.0,0,Furnished,11000
Independent Floor ,3 BHK,1800.0,Naraina,Delhi,28.63214111,77.13885498,2.0,0.0,0,Semi-Furnished,55000
,2 BHK,950.0,Thane West,Mumbai,19.25621605,72.98490143,2.0,0.0,0,Semi-Furnished,41000
Apartment ,3 BHK,1360.0,Powai,Mumbai,19.11554909,72.90008545,3.0,0.0,0,Furnished,78000
Studio Apartment ,1 RK,150.0,Borivali East,Mumbai,19.22686195,72.86437988,1.0,1.0,<=100k,Semi-Furnished,20000
Independent House ,1 BHK,250.0,Chinchwad,Pune,18.63802528,73.79302216,1.0,0.0,,Unfurnished,4200
Apartment ,1 BHK,680.0,Ghansoli,Mumbai,19.12588501,72.99964142,2.0,1.0,<=100k,Unfurnished,22000
Apartment ,3 BHK,1367.0,Hadapsar,Pune,18.51945686,73.91488647,3.0,0.0,0,Unfurnished,25000
Apartment ,2 BHK,,Kandivali West,Mumbai,19.20796013,72.83493805,2.0,3.0,>100k,Unfurnished,35000
Apartment ,2 BHK,1000.0,Undri,Pune,18.44892693,73.90343475,2.0,1.0,<=100k,Unfurnished,18000
Apartment ,3 BHK,1800.0,Borivali East,Mumbai,19.22455025,72.86902618,3.0,0.0,>100k,Unfurnished,55000
Apartment ,3 BHK,1300.0,Thane West,Mumbai,19.26484108,72.96659088,2.0,0.0,,Unfurnished,30000
,2 BHK,1165.0,Malad East,Mumbai,19.17799377,72.87650299,2.0,0.0,0,Semi-Furnished,72000
Apartment ,3 BHK,1800.0,Chembur,Mumbai,19.05407715,72.90020752,3.0,0.0,0,Semi-Furnished,107000
Apartment ,1 BHK,950.0,Andheri West,Mumbai,19.13945389,72.83829498,,0.0,0,Furnished,55000
,2 BHK,987.0,Wagholi,Pune,18.58864784,73.98957062,2.0,2.0,<=100k,Semi-Furnished,15000
Apartment ,2 BHK,950.0,IP Extension,Delhi,28.62976646,77.30672455,2.0,2.0,<=100k,Semi-Furnished,18000
Apartment ,3 BHK,1650.0,Wagholi,Pune,18.57432747,73.97636414,3.0,3.0,<=100k,Furnished,22000
,2 BHK,951.0,Wagholi,Pune,18.58956146,73.96814728,2.0,2.0,<=100k,Unfurnished,20000
Independent Floor ,3 BHK,2741.0,Golf Links,Delhi,28.59763908,77.23332977,3.0,2.0,>100k,Unfurnished,401014
Apartment ,2 BHK,600.0,Deccan Gymkhana,Pune,18.51568413,73.83542633,2.0,0.0,0,Semi-Furnished,6000
Independent Floor ,2 BHK,900.0,Malviya Nagar,Delhi,28.53359413,77.21000671,2.0,0.0,0,Unfurnished,45000
Apartment ,2 BHK,1400.0,Juhu,Mumbai,19.09912872,72.83280182,2.0,0.0,0,Furnished,85000
Apartment ,1 BHK,600.0,Andheri East,Mumbai,19.11979485,72.8820343,1.0,0.0,0,Furnished,45000
Apartment ,2 BHK,950.0,Andheri West,Mumbai,19.14115715,72.81265259,2.0,2.0,>100k,Furnished,65000
Apartment ,1 BHK,507.0,Kalyan West,Mumbai,19.26392174,73.12128448,1.0,2.0,<=100k,Semi-Furnished,8000
Apartment ,3 BHK,1800.0,Kondhwa,Pune,18.45053673,73.87578583,3.0,0.0,,Semi-Furnished,30000
Apartment ,3 BHK,1310.0,Kalyan West,Mumbai,19.25585938,73.13314819,,0.0,0,Furnished,27000
Independent Floor ,3 BHK,,Greater Kailash,Delhi,28.55015373,77.24145508,3.0,0.0,0,Furnished,120000
Independent Floor ,5 BHK,6521.0,Panchsheel Park,Delhi,28.54154015,77.21611786,4.0,3.0,>100k,Unfurnished,301022
Apartment ,2 BHK,1245.0,Panvel,Mumbai,18.95307922,73.14958191,2.0,0.0,0,Unfurnished,11500
Apartment ,3 BHK,1150.0,Mulund West,Mumbai,19.17343903,72.94037628,3.0,0.0,0,Semi-Furnished,85000
Independent House ,4 BHK,5896.0,Sainik Farm,Delhi,28.50527763,77.20741272,,2.0,>100k,Unfurnished,362125
Villa ,5 BHK,6585.0,Safdarjung Enclave,Delhi,28.56125832,77.19052124,4.0,2.0,>100k,Unfurnished,546185
Villa ,5 BHK,6521.0,Tilak Marg,Delhi,28.6206398,77.23696136,4.0,2.0,>100k,Unfurnished,1210102
,1 BHK,670.0,Virar,Mumbai,19.45465279,72.80261993,,0.0,,Semi-Furnished,6500
,3 BHK,1800.0,Ashok Nagar,Delhi,28.63794327,77.10457611,3.0,0.0,0,Semi-Furnished,37000
Independent Floor ,2 BHK,950.0,Rajouri Garden,Delhi,28.63851166,77.11851501,2.0,0.0,0,Furnished,23000
Apartment ,2 BHK,987.0,Wagholi,Pune,18.59023857,73.99723816,,2.0,<=100k,Unfurnished,13000
Apartment ,3 BHK,1013.0,Goregaon East,Mumbai,19.1738739,72.87392426,3.0,0.0,>100k,Semi-Furnished,60000
Apartment ,3 BHK,1790.0,Kharghar,Mumbai,19.04868889,73.07923126,3.0,0.0,0,Semi-Furnished,48999
Apartment ,1 BHK,300.0,Andheri East,Mumbai,19.10977173,72.85826874,2.0,0.0,0,Unfurnished,21000
,2 BHK,1250.0,Kharadi,Pune,18.5513649,73.94225311,2.0,0.0,0,Furnished,31000
Independent Floor ,5 BHK,6521.0,Hauz Khas,Delhi,28.55542183,77.20988464,4.0,2.0,>100k,Unfurnished,540101
Apartment ,2 BHK,792.0,Powai,Mumbai,19.10760689,72.8992157,2.0,0.0,,Furnished,75000
Apartment ,2 BHK,850.0,Kharghar,Mumbai,19.05172348,73.07276917,2.0,2.0,<=100k,Unfurnished,17000
,2 BHK,1175.0,Wagholi,Pune,18.57815933,74.00416565,2.0,0.0,<=100k,Semi-Furnished,14000
Apartment ,2 BHK,,Hinjewadi,Pune,18.57142639,73.69288635,2.0,2.0,<=100k,Semi-Furnished,12000
,5 BHK,6521.0,Chattarpur,Delhi,28.49946976,77.19647217,4.0,2.0,>100k,Unfurnished,540405
Independent Floor ,3 BHK,2000.0,Swasthya Vihar,Delhi,28.64101982,77.28881073,3.0,0.0,0,Semi-Furnished,45000
Apartment ,3 BHK,1500.0,Powai,Mumbai,19.11923027,72.91072083,3.0,0.0,0,Furnished,100000
Apartment ,2 BHK,1011.0,Vadgaon Budruk,Pune,18.47061157,73.823349,1.0,0.0,<=100k,Semi-Furnished,6000
,2 BHK,1090.0,Wagholi,Pune,18.5841217,74.02622223,2.0,2.0,<=100k,Unfurnished,14000
Apartment ,1 BHK,680.0,Kalamboli,Mumbai,19.03990364,73.09510803,2.0,0.0,0,Unfurnished,14000
Independent Floor ,5 BHK,6521.0,Greater kailash 1,Delhi,28.55175018,77.23332977,4.0,2.0,>100k,Unfurnished,401010
Independent Floor ,4 BHK,2250.0,Chittaranjan Park,Delhi,28.53881073,77.2489624,4.0,0.0,,Semi-Furnished,120000
Studio Apartment ,1 RK,200.0,Wakad,Pune,18.59894371,73.76527405,1.0,0.0,0,Furnished,6500
Apartment ,2 BHK,900.0,Janakpuri,Delhi,28.62412453,77.08145905,1.0,2.0,<=100k,Semi-Furnished,25000
Studio Apartment ,1 RK,250.0,Andheri East,Mumbai,19.12713242,72.86473083,1.0,0.0,0,Furnished,14000
Apartment ,1 BHK,580.0,Tingre Nagar,Pune,18.57403183,73.88536835,1.0,0.0,<=100k,Unfurnished,16500
Apartment ,2 BHK,1050.0,Goregaon West,Mumbai,19.16049004,72.83770752,,1.0,,Semi-Furnished,44000
Apartment ,3 BHK,,Wagholi,Pune,18.57997322,73.9730072,2.0,2.0,<=100k,Unfurnished,16000
Apartment ,1 BHK,,Powai,Mumbai,19.11888885,72.90911865,1.0,0.0,0,Furnished,58000
Independent Floor ,3 BHK,800.0,Dabri,Delhi,28.60993385,77.09203339,2.0,0.0,0,Semi-Furnished,17000
Apartment ,2 BHK,987.0,Wagholi,Pune,18.58864784,73.98957062,2.0,2.0,<=100k,Unfurnished,15000
Apartment ,1 BHK,1000.0,Kothrud,Pune,18.51024437,73.80846405,1.0,0.0,,Semi-Furnished,21600
Apartment ,2 BHK,1040.0,Andheri West,Mumbai,19.12855911,72.81993103,,0.0,0,Semi-Furnished,70000
Independent House ,5 BHK,6521.0,Babar Road,Delhi,28.63135529,77.2289505,4.0,2.0,>100k,Unfurnished,1418182
Apartment ,1 BHK,710.0,Kalamboli,Mumbai,19.04022598,73.09493256,2.0,0.0,0,Unfurnished,12000
Independent House ,4 BHK,5896.0,Greater Kailash II,Delhi,28.53174019,77.24913788,4.0,2.0,>100k,Unfurnished,848118
Apartment ,2 BHK,900.0,Thane West,Mumbai,19.23654938,72.96591187,2.0,0.0,0,Unfurnished,31000
Apartment ,2 BHK,625.0,Malabar Hill,Mumbai,18.96323395,72.80530548,2.0,0.0,0,Furnished,125000
Apartment ,2 BHK,1080.0,Kharghar,Mumbai,19.05172348,73.07276917,2.0,2.0,,Unfurnished,25000
Apartment ,1 BHK,650.0,Mundhwa,Pune,18.53661919,73.94754028,1.0,1.0,<=100k,Semi-Furnished,16000
,2 BHK,950.0,Hadapsar,Pune,18.48871994,73.93733978,2.0,2.0,<=100k,Furnished,16000
,2 BHK,670.0,Koper Khairane,Mumbai,19.10247231,73.01037598,2.0,0.0,0,Semi-Furnished,30000
Studio Apartment ,1 RK,200.0,Wakad,Pune,18.59894371,73.76527405,1.0,0.0,0,Furnished,4000
Apartment ,2 BHK,,Dhanori,Pune,18.60397911,73.90257263,2.0,0.0,0,Unfurnished,21000
,2 BHK,900.0,Dadar East,Mumbai,19.01447678,72.84549713,2.0,0.0,0,Furnished,60000
Apartment ,1 BHK,610.0,Virar,Mumbai,19.48043442,72.78175354,1.0,0.0,0,Semi-Furnished,6000
Apartment ,1 BHK,550.0,Kharadi,Pune,18.54966736,73.96169281,1.0,0.0,0,Unfurnished,23000
Apartment ,3 BHK,1050.0,Bhandup West,Mumbai,19.15668869,72.938591,3.0,0.0,,Unfurnished,70000
,2 BHK,1000.0,Santacruz West,Mumbai,19.08043671,72.83149719,,0.0,0,Furnished,130000
Apartment ,2 BHK,1200.0,Ghansoli,Mumbai,19.12399673,72.9980545,2.0,4.0,>100k,Unfurnished,42900
Independent Floor ,4 BHK,5896.0,Greater kailash 1,Delhi,28.55175018,77.23332977,4.0,2.0,>100k,Unfurnished,362161
Apartment ,1 BHK,600.0,Andheri East,Mumbai,19.11567116,72.88295746,2.0,0.0,0,Furnished,40000
Apartment ,2 BHK,1300.0,NIBM Annex Mohammadwadi,Pune,18.47241592,73.91330719,,1.0,<=100k,Semi-Furnished,30000
Apartment ,1 BHK,630.0,Viman Nagar,Pune,18.56566048,73.9217453,1.0,0.0,0,Unfurnished,23000
Villa ,4 BHK,5896.0,Vasant Kunj,Delhi,28.52631378,77.14366913,4.0,2.0,>100k,Unfurnished,401012
Independent Floor ,4 BHK,5896.0,Greater Kailash II,Delhi,28.53174019,77.24913788,4.0,2.0,>100k,Unfurnished,301010
Apartment ,2 BHK,1150.0,Ulwe,Mumbai,18.98084068,73.03084564,2.0,0.0,0,Unfurnished,21000
Apartment ,1 BHK,600.0,Goregaon West,Mumbai,19.16839409,72.84095001,2.0,0.0,0,Semi-Furnished,25000
Apartment ,2 BHK,,Wakad,Pune,18.59843254,73.75946808,2.0,0.0,0,Unfurnished,24000
Apartment ,1 BHK,641.0,Ghansoli,Mumbai,19.12399673,72.9980545,2.0,2.0,<=100k,Unfurnished,15000
Independent Floor ,3 BHK,2856.0,New Friends Colony,Delhi,28.56705093,77.27355957,3.0,2.0,>100k,Unfurnished,235562
Independent Floor ,4 BHK,,Greater kailash 1,Delhi,28.55173111,77.23590088,4.0,0.0,0,Semi-Furnished,180000
,2 BHK,1020.0,Andheri West,Mumbai,19.14465523,72.82555389,2.0,0.0,>100k,Furnished,75000
Apartment ,2 BHK,1025.0,Wagholi,Pune,18.57815933,74.00416565,2.0,2.0,<=100k,Semi-Furnished,18000
Independent Floor ,5 BHK,6521.0,Vasant Vihar,Delhi,28.55739021,77.15714264,4.0,2.0,>100k,Unfurnished,301012
Independent Floor ,3 BHK,2856.0,Jor bagh,Delhi,28.67728996,77.15930176,3.0,2.0,>100k,Unfurnished,301012
,4 BHK,5896.0,Shanti Niketan,Delhi,28.57792091,77.16937256,4.0,2.0,>100k,Unfurnished,401102
Studio Apartment ,1 RK,450.0,Katraj,Pune,18.44929695,73.87532806,1.0,0.0,0,Unfurnished,6000
Independent Floor ,3 BHK,2054.0,Navjeevan Vihar,Delhi,28.53347588,77.19955444,3.0,2.0,>100k,Unfurnished,308512
,2 BHK,900.0,Ravet,Pune,18.65265656,73.75718689,2.0,1.0,<=100k,Unfurnished,14000
Independent Floor ,4 BHK,5896.0,Hauz Khas,Delhi,28.55542183,77.20988464,4.0,2.0,>100k,Unfurnished,310102
Independent Floor ,3 BHK,2741.0,Golf Links,Delhi,28.59763908,77.23332977,3.0,2.0,>100k,Unfurnished,401012
Villa ,5 BHK,6952.0,Vasant Kunj,Delhi,28.52631378,77.14366913,4.0,2.0,,Unfurnished,549195
Apartment ,3 BHK,2500.0,Andheri West,Mumbai,19.12825012,72.8264389,4.0,0.0,0,Furnished,180000
Villa ,5 BHK,6251.0,Sainik Farm,Delhi,28.50527763,77.20741272,4.0,2.0,>100k,Unfurnished,401102
Apartment ,2 BHK,1250.0,Kharghar,Mumbai,19.05171204,73.08112335,2.0,0.0,0,Furnished,32000
Villa ,4 BHK,5896.0,Tuglak Road,Delhi,28.59545326,77.21033478,4.0,2.0,>100k,Unfurnished,1201102
Apartment ,1 BHK,700.0,Wadgaon Sheri,Pune,18.54464531,73.92749023,2.0,0.0,0,Furnished,25000
Studio Apartment ,1 RK,350.0,Andheri East,Mumbai,19.11377907,72.87884521,1.0,0.0,0,Furnished,30000
Independent Floor ,3 BHK,3000.0,Defence Colony,Delhi,28.5735302,77.23390961,3.0,0.0,0,Semi-Furnished,130000
,1 BHK,600.0,Mira Road East,Mumbai,19.27972221,72.88388824,2.0,0.0,0,Furnished,25500
Apartment ,1 BHK,658.0,Ghansoli,Mumbai,19.12399673,72.9980545,2.0,2.0,<=100k,Unfurnished,21000
Studio Apartment ,1 RK,310.0,Santacruz East,Mumbai,19.07627678,72.86540222,1.0,0.0,0,Furnished,26999
Independent Floor ,4 BHK,5562.0,Shanti Niketan,Delhi,28.57792091,77.16937256,4.0,2.0,>100k,Unfurnished,401012
Apartment ,3 BHK,,Baner,Pune,18.55522156,73.78281403,3.0,3.0,>100k,Semi-Furnished,80000
Independent Floor ,2 BHK,900.0,Inderpuri,Delhi,28.63199997,77.14509583,2.0,0.0,0,Semi-Furnished,23000
Apartment ,2 BHK,1100.0,Wagholi,Pune,18.59135246,73.97054291,2.0,0.0,0,Semi-Furnished,20000
Independent Floor ,3 BHK,900.0,Dabri,Delhi,28.60993385,77.09203339,2.0,0.0,0,Semi-Furnished,22000
Apartment ,1 BHK,600.0,Pimple Gurav,Pune,18.58831596,73.81651306,1.0,1.0,<=100k,Unfurnished,12000
Independent Floor ,3 BHK,2856.0,Jor bagh,Delhi,28.67728996,77.15930176,3.0,2.0,>100k,Unfurnished,301012
Apartment ,1 BHK,780.0,Vishrantwadi,Pune,18.57671928,73.87989044,1.0,1.0,<=100k,Furnished,18000
Apartment ,2 BHK,1000.0,New Kalyani Nagar,Pune,18.54690933,73.90139771,2.0,0.0,,Semi-Furnished,35000
Apartment ,2 BHK,1300.0,Kharadi,Pune,18.53852463,73.938591,2.0,0.0,,Semi-Furnished,32000
Apartment ,2 BHK,1521.0,Deonar,Mumbai,19.05086327,72.91537476,2.0,0.0,0,Unfurnished,120000
Independent Floor ,5 BHK,6528.0,Gulmohar park,Delhi,28.55765915,77.21248627,4.0,2.0,>100k,Unfurnished,362162
Apartment ,2 BHK,1080.0,Shil Phata,Mumbai,19.1433239,73.04677582,2.0,0.0,,Semi-Furnished,22000
,2 BHK,1264.0,Ghansoli,Mumbai,19.11989021,73.00995636,2.0,3.0,>100k,Semi-Furnished,58000
Apartment ,1 BHK,680.0,Ghansoli,Mumbai,19.12399673,72.9980545,2.0,0.0,<=100k,Unfurnished,15600
Apartment ,2 BHK,2500.0,Connaught Place,Delhi,28.59799194,77.23619843,,1.0,>100k,Furnished,220000
,1 BHK,800.0,vikaspuri,Delhi,28.6371479,77.07970428,1.0,0.0,0,Semi-Furnished,19000
,1 BHK,600.0,Kharadi,Pune,18.55174828,73.93890381,1.0,1.0,,Unfurnished,10000
Apartment ,1 BHK,450.0,Chattarpur,Delhi,28.49751854,77.17887115,,0.0,0,Unfurnished,10000
Villa ,5 BHK,5896.0,Green Park,Delhi,28.55761909,77.20458984,4.0,2.0,>100k,Unfurnished,301022
Apartment ,3 BHK,1900.0,Sector 4 Dwarka,Delhi,28.60118866,77.04846954,3.0,0.0,0,Semi-Furnished,35000
Villa ,5 BHK,5569.0,Sainik Farm,Delhi,28.50527763,77.20741272,4.0,2.0,>100k,Unfurnished,546191
Apartment ,1 BHK,575.0,Cumballa Hill,Mumbai,18.97394371,72.8092804,1.0,0.0,0,Furnished,100000
Apartment ,3 BHK,1200.0,Ville Parle East,Mumbai,19.0951004,72.8605957,3.0,0.0,0,Unfurnished,135000
Apartment ,1 BHK,550.0,Andheri West,Mumbai,19.13689232,72.82938385,2.0,0.0,0,Semi-Furnished,31000
Apartment ,2 BHK,1100.0,Hinjewadi,Pune,18.57535172,73.67964935,2.0,0.0,,Furnished,23000
Studio Apartment ,1 RK,,Koper Khairane,Mumbai,19.10526657,72.99950409,1.0,0.0,0,Unfurnished,7500
,1 BHK,500.0,Sheikh Sarai,Delhi,28.53419876,77.21559143,1.0,1.0,<=100k,Semi-Furnished,15000
Apartment ,2 BHK,1070.0,Hadapsar,Pune,18.49666977,73.94167328,2.0,0.0,<=100k,Semi-Furnished,42000
Independent Floor ,3 BHK,2741.0,Shanti Niketan,Delhi,28.57792091,77.16937256,,2.0,>100k,Unfurnished,301012
Independent Floor ,4 BHK,5896.0,Maharani Bagh,Delhi,28.57262039,77.26422119,4.0,2.0,>100k,Unfurnished,301022
Apartment ,1 BHK,950.0,Bandra West,Mumbai,19.0450058,72.82017517,1.0,0.0,0,Semi-Furnished,60000
Apartment ,1 BHK,550.0,Kharghar,Mumbai,19.0399704,73.07698059,2.0,0.0,0,Unfurnished,16000
Apartment ,3 BHK,2700.0,Prabhadevi,Mumbai,19.01395416,72.83174896,4.0,0.0,,Semi-Furnished,275000
Apartment ,2 BHK,,Santacruz East,Mumbai,19.07299232,72.86676025,2.0,0.0,0,Furnished,65000
,1 BHK,650.0,Saket,Delhi,28.52482414,77.20868683,1.0,1.0,<=100k,Furnished,30000
Apartment ,3 BHK,1750.0,Sector 6 Dwarka,Delhi,28.5967617,77.06256866,2.0,0.0,0,Semi-Furnished,27000
,2 BHK,1000.0,Wanowrie,Pune,18.49671173,73.90116119,2.0,1.0,<=100k,Furnished,29000
,2 BHK,1250.0,Wakad,Pune,18.59830666,73.75841522,2.0,2.0,<=100k,Unfurnished,15000
Apartment ,1 BHK,629.0,Kalyani Nagar,Pune,18.5498333,73.90530396,1.0,0.0,0,Semi-Furnished,29000
Independent Floor ,3 BHK,1350.0,Poorvi Pitampura,Delhi,28.70433044,77.14995575,3.0,1.0,<=100k,Semi-Furnished,40000
Apartment ,1 BHK,600.0,Nigdi,Pune,18.6574707,73.76837921,1.0,1.0,<=100k,Unfurnished,12000
,2 BHK,1050.0,Pimple Saudagar,Pune,18.59325409,73.79299927,,1.0,<=100k,Unfurnished,19000
Apartment ,3 BHK,1650.0,Andheri West,Mumbai,19.1387825,72.8247757,4.0,3.0,>100k,Furnished,125000
Apartment ,1 BHK,580.0,Dombivali East,Mumbai,19.21898079,73.09443665,1.0,0.0,0,Furnished,14000
Independent Floor ,3 BHK,2041.0,New Friends Colony,Delhi,28.56705093,77.27355957,3.0,2.0,>100k,Unfurnished,235562
Apartment ,2 BHK,1100.0,Rahatani,Pune,18.59788322,73.78840637,2.0,0.0,,Semi-Furnished,20000
Apartment ,2 BHK,1300.0,Wanowrie,Pune,18.49671173,73.90116119,2.0,2.0,<=100k,Semi-Furnished,23000
Apartment ,1 BHK,430.0,Malad East,Mumbai,19.18119812,72.86160278,2.0,3.0,<=100k,Semi-Furnished,25000
Independent House ,5 BHK,,Lodhi Gardens,Delhi,28.59311676,77.22044373,4.0,2.0,>100k,Unfurnished,1210102
Apartment ,3 BHK,1300.0,Kondhwa,Pune,18.47496986,73.89402771,3.0,1.0,>100k,Semi-Furnished,40000
Studio Apartment ,1 RK,365.0,Karampura,Delhi,28.665308,77.15024567,1.0,0.0,0,Furnished,20000
,1 BHK,500.0,Powai,Mumbai,19.11657715,72.91240692,2.0,0.0,0,Semi-Furnished,59000
Apartment ,2 BHK,1198.0,Ulwe,Mumbai,18.97668648,73.03025818,2.0,0.0,0,Unfurnished,17000
Apartment ,3 BHK,2000.0,Juhu,Mumbai,19.11050224,72.82448578,3.0,0.0,0,Furnished,160000
Apartment ,2 BHK,1050.0,Lohegaon,Pune,18.60659409,73.90982056,2.0,1.0,<=100k,Unfurnished,21000
Independent Floor ,1 BHK,450.0,Dabri,Delhi,28.6091423,77.08480835,1.0,0.0,0,Unfurnished,7800
Apartment ,4 BHK,2500.0,Santacruz East,Mumbai,19.07212448,72.86820221,4.0,0.0,0,Semi-Furnished,170000
Apartment ,1 BHK,550.0,Vikhroli,Mumbai,19.12318611,72.92631531,2.0,0.0,0,Unfurnished,28000
Apartment ,2 BHK,830.0,Bhandup West,Mumbai,19.15110016,72.94132233,,0.0,0,Semi-Furnished,27000
Apartment ,2 BHK,963.0,Wagholi,Pune,18.58279419,73.97045135,2.0,2.0,<=100k,Semi-Furnished,22000
Independent Floor ,4 BHK,5896.0,Anand Niketan,Delhi,28.57893944,77.16504669,4.0,2.0,>100k,Unfurnished,301012
,3 BHK,1367.0,Hadapsar,Pune,18.51945686,73.91488647,3.0,0.0,0,Unfurnished,25000
Independent Floor ,3 BHK,1800.0,Greater kailash 1,Delhi,28.55195999,77.23581696,3.0,0.0,0,Semi-Furnished,125000
,3 BHK,2502.0,Sopan Baug,Pune,18.51776505,73.90248108,4.0,0.0,>100k,Semi-Furnished,45000
Apartment ,2 BHK,920.0,Bavdhan,Pune,18.51931572,73.77245331,2.0,0.0,0,Unfurnished,27000
Apartment ,2 BHK,1100.0,Andheri West,Mumbai,19.14286613,72.82094574,2.0,0.0,0,Furnished,80000
Apartment ,1 BHK,400.0,Dombivali,Mumbai,19.20868111,73.09803772,,1.0,<=100k,Semi-Furnished,4000
Apartment ,3 BHK,1472.0,Balewadi,Pune,18.57967186,73.7727356,3.0,1.0,<=100k,Semi-Furnished,21000
Independent Floor ,3 BHK,2200.0,Greater Kailash,Delhi,28.53398132,77.24250031,3.0,0.0,0,Furnished,149600
Apartment ,1 BHK,634.0,Wadgaon Sheri,Pune,18.55271912,73.92081451,1.0,0.0,,Unfurnished,15000
Apartment ,2 BHK,850.0,Bandra East,Mumbai,19.0618,72.85441589,,0.0,0,Semi-Furnished,70000
Independent Floor ,3 BHK,1350.0,Prashant Vihar Sector 14,Delhi,28.7157402,77.13514709,3.0,1.0,<=100k,Semi-Furnished,46000
Apartment ,3 BHK,1425.0,Wagholi,Pune,18.58126259,73.98873901,3.0,2.0,<=100k,Unfurnished,25000
Apartment ,1 BHK,620.0,Thane West,Mumbai,19.28126717,72.95166016,2.0,0.0,0,Semi-Furnished,22000
Independent Floor ,4 BHK,5896.0,Green Park,Delhi,28.55761909,77.20458984,4.0,2.0,>100k,Unfurnished,301822
Apartment ,2 BHK,1050.0,NIBM Annex Mohammadwadi,Pune,18.47158813,73.93374634,2.0,3.0,<=100k,Unfurnished,14000
Apartment ,2 BHK,900.0,Ville Parle East,Mumbai,19.0951004,72.8605957,1.0,0.0,0,Unfurnished,28000
Independent Floor ,2 BHK,500.0,Dwarka Mor,Delhi,28.62286377,77.04042053,,0.0,0,Semi-Furnished,8500
Independent Floor ,2 BHK,800.0,Mansa Ram Park,Delhi,28.6184845,77.03974152,2.0,0.0,0,Furnished,21500
Villa ,5 BHK,6521.0,Vasant Kunj,Delhi,28.52631378,77.14366913,4.0,2.0,>100k,Unfurnished,301102
,3 BHK,1900.0,Sector 6 Dwarka,Delhi,28.59653282,77.06603241,3.0,0.0,0,Semi-Furnished,40000
Apartment ,1 BHK,730.0,Kalyan West,Mumbai,19.27427101,73.12537384,1.0,0.0,0,Semi-Furnished,9000
Apartment ,2 BHK,750.0,Marine Lines,Mumbai,18.94354057,72.82717896,2.0,0.0,<=100k,Furnished,20000
Apartment ,2 BHK,974.0,Wagholi,Pune,18.58126259,73.98873901,,2.0,<=100k,Unfurnished,12000
Apartment ,1 BHK,750.0,Vishrantwadi,Pune,18.57260513,73.87820435,1.0,0.0,0,Semi-Furnished,9000
Apartment ,2 BHK,963.0,Wagholi,Pune,18.57847023,73.97673798,2.0,2.0,<=100k,Semi-Furnished,13500
Independent Floor ,4 BHK,5896.0,Panchsheel Park,Delhi,28.54154015,77.21611786,,2.0,>100k,Unfurnished,301022
Apartment ,3 BHK,1200.0,Undri,Pune,18.44718933,73.9118042,3.0,2.0,<=100k,Semi-Furnished,31000
Apartment ,1 BHK,625.0,Baner,Pune,18.56468964,73.77624512,1.0,0.0,<=100k,Unfurnished,20000
,2 BHK,790.0,Hinjewadi,Pune,18.58862686,73.70233917,2.0,0.0,0,Semi-Furnished,24000
Independent Floor ,2 BHK,2200.0,Defence Colony,Delhi,28.57275772,77.23272705,2.0,0.0,0,Unfurnished,52000
Apartment ,2 BHK,950.0,Bandra West,Mumbai,19.05868912,72.8225708,2.0,0.0,0,Furnished,170000
Apartment ,2 BHK,1020.0,Pimple Saudagar,Pune,18.59337234,73.78913879,2.0,0.0,<=100k,Semi-Furnished,26000
Apartment ,3 BHK,1050.0,Bhandup West,Mumbai,19.15668869,72.938591,3.0,0.0,0,Unfurnished,70000
Apartment ,3 BHK,1400.0,Sector 2 Dwarka,Delhi,28.59617615,77.07012939,3.0,0.0,<=100k,Semi-Furnished,40000
Apartment ,2 BHK,1100.0,Wakad,Pune,18.59729958,73.78024292,2.0,0.0,,Furnished,34000
Apartment ,2 BHK,900.0,Chembur,Mumbai,19.06555176,72.89429474,2.0,1.0,>100k,Unfurnished,58000
Independent Floor ,1 BHK,430.0,Dwarka Mor,Delhi,28.62420845,77.03496552,1.0,0.0,0,Furnished,14000
Apartment ,2 BHK,850.0,Santacruz East,Mumbai,19.07924843,72.853508,2.0,0.0,0,Unfurnished,55000
Independent House ,5 BHK,6521.0,Chattarpur,Delhi,28.49946976,77.19647217,4.0,2.0,>100k,Unfurnished,301012
Apartment ,2 BHK,710.0,Lohegaon,Pune,18.60578346,73.91027069,,0.0,0,Semi-Furnished,21000
Apartment ,2 BHK,1000.0,Pimple Saudagar,Pune,18.59190559,73.79658508,2.0,2.0,<=100k,Unfurnished,23000
Apartment ,1 BHK,573.0,Chikhali,Pune,18.67391586,73.80892944,1.0,0.0,0,Unfurnished,8500
Apartment ,2 BHK,830.0,Bhandup West,Mumbai,19.15110016,72.94132233,2.0,0.0,0,Furnished,31000
Villa ,4 BHK,5896.0,Panchsheel Park,Delhi,28.54154015,77.21611786,4.0,2.0,>100k,Unfurnished,666262
Independent Floor ,3 BHK,2000.0,Hauz Khas,Delhi,28.55016518,77.19645691,3.0,0.0,,Semi-Furnished,70000
Independent Floor ,2 BHK,788.0,Patel Nagar,Delhi,28.64595604,77.16685486,2.0,2.0,<=100k,Semi-Furnished,14000
Independent Floor ,3 BHK,2856.0,Hauz Khas,Delhi,28.55542183,77.20988464,3.0,2.0,>100k,Unfurnished,301012
Apartment ,3 BHK,1400.0,Kondhwa,Pune,18.47699928,73.88762665,3.0,1.0,>100k,Furnished,35000
Apartment ,3 BHK,900.0,Dwarka Mor,Delhi,28.62221146,77.02835846,2.0,0.0,0,Semi-Furnished,17000
Apartment ,2 BHK,1050.0,Kharadi,Pune,18.54802132,73.93351746,2.0,2.0,<=100k,Semi-Furnished,25000
Apartment ,2 BHK,700.0,Vishrantwadi,Pune,18.57291031,73.88282013,1.0,0.0,0,Unfurnished,16000
Villa ,4 BHK,5896.0,Vasant Vihar,Delhi,28.55739021,77.15714264,4.0,2.0,>100k,Unfurnished,504101
Villa ,4 BHK,,Jor bagh,Delhi,28.67728996,77.15930176,4.0,2.0,>100k,Unfurnished,1410101
Apartment ,2 BHK,866.0,Dhanori,Pune,18.59778595,73.90550995,2.0,0.0,<=100k,Unfurnished,21000
Apartment ,2 BHK,900.0,Sheikh Sarai,Delhi,28.53427887,77.20841217,2.0,3.0,<=100k,Semi-Furnished,20000
Villa ,4 BHK,5896.0,Jor bagh,Delhi,28.67728996,77.15930176,4.0,2.0,>100k,Unfurnished,1541818
Apartment ,1 BHK,700.0,Dombivali,Mumbai,19.2275486,73.08150482,2.0,0.0,0,Unfurnished,9500
Apartment ,2 BHK,1050.0,Thane West,Mumbai,19.25117111,72.98174286,2.0,0.0,0,Furnished,40000
Villa ,4 BHK,6521.0,Vasant Vihar,Delhi,28.55739021,77.15714264,,2.0,>100k,Unfurnished,640110
Independent Floor ,2 BHK,900.0,Mahavir Enclave,Delhi,28.60298347,77.07823944,,2.0,<=100k,Semi-Furnished,13000
Independent Floor ,3 BHK,1350.0,Poorvi Pitampura,Delhi,28.70433044,77.14995575,3.0,1.0,<=100k,Semi-Furnished,42000
Villa ,4 BHK,,Panchsheel Park,Delhi,28.54154015,77.21611786,4.0,2.0,>100k,Unfurnished,401102
Independent Floor ,3 BHK,2856.0,Safdarjung Enclave,Delhi,28.56125832,77.19052124,3.0,2.0,>100k,Unfurnished,235562
Apartment ,1 BHK,550.0,Ghansoli,Mumbai,19.12399673,72.9980545,1.0,1.0,<=100k,Unfurnished,12000
Independent Floor ,4 BHK,2925.0,Janakpuri,Delhi,28.63110924,77.0867157,,0.0,,Semi-Furnished,60000
Apartment ,2 BHK,924.0,Kharadi,Pune,18.55218887,73.94390106,2.0,1.0,<=100k,Semi-Furnished,33000
,2 BHK,958.0,Wadgaon Sheri,Pune,18.5404644,73.92726135,2.0,0.0,0,Unfurnished,20000
,1 BHK,652.0,Wagholi,Pune,18.57999992,74.0,2.0,1.0,<=100k,Unfurnished,9000
Apartment ,1 BHK,650.0,Goregaon West,Mumbai,19.1656971,72.83633423,2.0,0.0,<=100k,Semi-Furnished,35000
Independent Floor ,4 BHK,5896.0,Niti Bagh,Delhi,28.55949974,77.21679688,4.0,2.0,>100k,Unfurnished,301012
Apartment ,2 BHK,800.0,Chembur,Mumbai,19.05360985,72.88645935,1.0,0.0,0,Unfurnished,42000
Independent Floor ,1 BHK,650.0,Ashok Nagar,Delhi,28.63871956,77.10284424,1.0,0.0,0,Furnished,16000
Apartment ,1 BHK,620.0,Virar,Mumbai,19.47374344,72.80554199,2.0,0.0,0,Semi-Furnished,6000
Apartment ,3 BHK,1100.0,Goregaon East,Mumbai,19.15333366,72.88576508,3.0,0.0,0,Furnished,38000
Independent Floor ,2 BHK,1000.0,Sector 19 Dwarka,Delhi,28.57611275,77.04671478,2.0,0.0,0,Furnished,25000
Apartment ,1 BHK,,Hinjewadi,Pune,18.63470268,73.69690704,1.0,1.0,<=100k,Unfurnished,8000
Apartment ,2 BHK,792.0,Dombivali,Mumbai,19.16641045,73.07491302,2.0,0.0,0,Semi-Furnished,11500
Apartment ,2 BHK,899.0,Balewadi,Pune,18.58031654,73.76448059,2.0,1.0,<=100k,Unfurnished,28000
,2 BHK,1000.0,Viman Nagar,Pune,18.56966591,73.91046143,2.0,0.0,0,Furnished,40000
Apartment ,2 BHK,,Bandra West,Mumbai,19.06744576,72.831604,2.0,0.0,0,Furnished,50000
Apartment ,2 BHK,700.0,Tardeo,Mumbai,18.96496964,72.80918121,2.0,0.0,0,Furnished,75000
Independent Floor ,3 BHK,1800.0,Green Park Extension,Delhi,28.55806351,77.20298767,3.0,0.0,0,Semi-Furnished,110000
Independent Floor ,3 BHK,2852.0,Shanti Niketan,Delhi,28.57792091,77.16937256,3.0,2.0,>100k,Unfurnished,308211
Apartment ,2 BHK,1280.0,Dhanori,Pune,18.59719658,73.90261078,2.0,2.0,<=100k,Semi-Furnished,22000
Studio Apartment ,1 RK,365.0,Karampura,Delhi,28.66576004,77.15023041,1.0,0.0,0,Furnished,22000
Apartment ,2 BHK,950.0,Goregaon West,Mumbai,19.16693306,72.83876038,2.0,0.0,0,Unfurnished,48000
Apartment ,1 BHK,520.0,Andheri East,Mumbai,19.11567116,72.88295746,2.0,0.0,0,Furnished,43000
,2 BHK,1145.0,Airoli,Mumbai,19.14775467,72.99542999,2.0,0.0,0,Semi-Furnished,28500
Independent Floor ,3 BHK,2856.0,Saket,Delhi,28.52354813,77.20014191,,2.0,>100k,Unfurnished,301022
Apartment ,3 BHK,2224.0,Ghansoli,Mumbai,19.11607552,73.00608826,,4.0,>100k,Unfurnished,58000
,2 BHK,850.0,Wagholi,Pune,18.58410645,74.00319672,2.0,1.0,0,Semi-Furnished,22000
Apartment ,1 BHK,730.0,Thane West,Mumbai,19.26010513,72.97001648,1.0,3.0,<=100k,Semi-Furnished,16800
Apartment ,2 BHK,1020.0,Prabhadevi,Mumbai,19.00977707,72.83037567,2.0,0.0,0,Unfurnished,75000
Independent Floor ,2 BHK,1000.0,Subhash Nagar,Delhi,28.63766098,77.11206818,2.0,0.0,0,Furnished,26900
Independent Floor ,2 BHK,1800.0,DLF Phase 5,Delhi,28.4574585,77.11302948,2.0,0.0,0,Semi-Furnished,42000
Apartment ,2 BHK,980.0,Lohegaon,Pune,18.60538483,73.90778351,2.0,0.0,0,Semi-Furnished,22000
Apartment ,2 BHK,1000.0,NIBM Annex Mohammadwadi,Pune,18.47583008,73.90903473,2.0,1.0,<=100k,Unfurnished,25000
Apartment ,3 BHK,1350.0,Tathawade,Pune,18.62471008,73.73709869,2.0,0.0,0,Furnished,45000
Apartment ,3 BHK,1850.0,Kharghar,Mumbai,19.03447914,73.07565308,3.0,0.0,0,Semi-Furnished,45000
Independent Floor ,5 BHK,6300.0,Greater Kailash,Delhi,28.5457592,77.24568176,5.0,0.0,0,Semi-Furnished,250000
Apartment ,4 BHK,2200.0,Sector 19 Dwarka,Delhi,28.57935143,77.05141449,3.0,0.0,0,Semi-Furnished,39000
Apartment ,2 BHK,1010.0,Wagholi,Pune,18.58604813,73.98841095,2.0,0.0,0,Unfurnished,11000
Apartment ,2 BHK,1000.0,Hinjewadi,Pune,18.58396339,73.69768524,2.0,0.0,0,Unfurnished,17000
Apartment ,3 BHK,1300.0,Kondhwa,Pune,18.47590446,73.89391327,3.0,1.0,,Furnished,42000
,2 BHK,875.0,Goregaon East,Mumbai,19.17284775,72.87393188,2.0,0.0,,Semi-Furnished,38000
Apartment ,2 BHK,731.0,Wagholi,Pune,18.58762932,73.98764801,2.0,2.0,<=100k,Unfurnished,15000
Independent Floor ,2 BHK,800.0,Dwarka Mor,Delhi,28.62432671,77.02622986,2.0,0.0,0,Semi-Furnished,8000
Apartment ,3 BHK,1450.0,Powai,Mumbai,19.12780571,72.89354706,3.0,0.0,0,Semi-Furnished,120000
,2 BHK,750.0,Bhandup West,Mumbai,19.15246582,72.96372223,2.0,0.0,0,Unfurnished,38000
Apartment ,1 BHK,310.0,Thane West,Mumbai,19.19058418,72.97116852,1.0,0.0,0,Unfurnished,22000
Apartment ,3 BHK,1600.0,Kothrud,Pune,18.51480675,73.81638336,1.0,0.0,0,Unfurnished,34000
Apartment ,3 BHK,,Mulund West,Mumbai,19.07708931,72.95559692,3.0,1.0,,Semi-Furnished,90000
Apartment ,4 BHK,3000.0,Churchgate,Mumbai,18.93436432,72.82583618,4.0,0.0,0,Furnished,500000
Villa ,4 BHK,5896.0,Shanti Niketan,Delhi,28.57792091,77.16937256,4.0,2.0,>100k,Unfurnished,704015
Villa ,5 BHK,6521.0,Defence Colony,Delhi,28.57183075,77.23332977,4.0,2.0,>100k,Unfurnished,649119
Apartment ,1 BHK,400.0,Dombivali East,Mumbai,19.20571518,73.09552765,1.0,1.0,<=100k,Unfurnished,4500
Apartment ,3 BHK,1800.0,Ulwe,Mumbai,18.97175789,73.01626587,2.0,0.0,0,Unfurnished,40000
Apartment ,1 BHK,652.0,Wagholi,Pune,18.57419014,73.99902344,1.0,1.0,<=100k,Unfurnished,8500
Apartment ,2 BHK,900.0,Bandra West,Mumbai,19.05635643,72.8288269,2.0,0.0,0,Furnished,125000
Independent Floor ,3 BHK,1350.0,Janakpuri,Delhi,28.62119293,77.09102631,2.0,0.0,0,Semi-Furnished,50000
Apartment ,1 BHK,572.0,Dhayari,Pune,18.45824623,73.79203033,2.0,1.0,<=100k,Unfurnished,10000
Apartment ,2 BHK,965.0,Malviya Nagar,Delhi,28.53744888,77.21738434,2.0,2.0,<=100k,Semi-Furnished,27500
Apartment ,1 BHK,680.0,Goregaon East,Mumbai,19.16916656,72.87172699,2.0,0.0,0,Semi-Furnished,42500
Apartment ,2 BHK,806.0,Kharghar,Mumbai,19.0733223,73.07743073,2.0,2.0,<=100k,Furnished,40000
Independent Floor ,3 BHK,2856.0,Uday Park,Delhi,28.56010056,77.2193222,3.0,2.0,>100k,Unfurnished,235562
,5 BHK,6521.0,Sainik Farm,Delhi,28.50527763,77.20741272,,2.0,>100k,Unfurnished,546191
Studio Apartment ,1 RK,200.0,Wakad,Pune,18.59894371,73.76527405,,0.0,0,Furnished,4000
Apartment ,2 BHK,935.0,Viman Nagar,Pune,18.57311058,73.91124725,2.0,0.0,0,Semi-Furnished,21000
Apartment ,2 BHK,1000.0,Hinjewadi,Pune,18.58396339,73.69768524,2.0,0.0,0,Unfurnished,17000
Independent Floor ,4 BHK,5896.0,Shanti Niketan,Delhi,28.57792091,77.16937256,,2.0,>100k,Unfurnished,301012
Apartment ,2 BHK,900.0,Dadar East,Mumbai,19.01447678,72.84549713,2.0,0.0,0,Furnished,60000
Apartment ,2 BHK,1500.0,Khar,Mumbai,19.06928253,72.83715057,3.0,0.0,0,Furnished,135000
Apartment ,1 BHK,550.0,Santacruz East,Mumbai,19.07924843,72.853508,1.0,0.0,0,Semi-Furnished,30000
Villa ,4 BHK,5569.0,Vasant Vihar,Delhi,28.55739021,77.15714264,4.0,2.0,>100k,Unfurnished,804405
,2 BHK,970.0,Kharadi,Pune,18.55815697,73.9512558,2.0,1.0,<=100k,Semi-Furnished,30000
Apartment ,1 BHK,550.0,Kondhwa,Pune,18.44930077,73.89183044,1.0,1.0,<=100k,Unfurnished,15000
Apartment ,4 BHK,3500.0,Powai,Mumbai,19.10760689,72.8992157,4.0,3.0,,Semi-Furnished,350000
Apartment ,2 BHK,791.0,Kandivali West,Mumbai,19.20169067,72.83439636,2.0,0.0,>100k,Semi-Furnished,40000
Apartment ,2 BHK,1050.0,Koper Khairane,Mumbai,19.11009979,73.00070953,1.0,0.0,0,Unfurnished,40000
Apartment ,2 BHK,1065.0,Kharadi,Pune,18.55333519,73.94477844,2.0,0.0,0,Semi-Furnished,34000
Apartment ,1 BHK,520.0,Malad West,Mumbai,19.19775009,72.81954956,1.0,0.0,0,Unfurnished,22000
,3 BHK,1200.0,Chattarpur,Delhi,28.49938774,77.18656921,2.0,0.0,,Unfurnished,35000
Independent Floor ,2 BHK,450.0,Uttam Nagar,Delhi,28.61945724,77.05670929,2.0,0.0,0,Semi-Furnished,9000
Apartment ,2 BHK,1000.0,Wakad,Pune,18.60054016,73.76419067,2.0,0.0,,Semi-Furnished,30000
Apartment ,2 BHK,950.0,Kanjurmarg,Mumbai,19.13684273,72.93132019,2.0,0.0,0,Semi-Furnished,35000
Apartment ,3 BHK,1170.0,Wagholi,Pune,18.57613182,74.00145721,3.0,0.0,<=100k,Semi-Furnished,30000
Apartment ,2 BHK,,Mulund West,Mumbai,19.15857124,72.94791412,2.0,0.0,0,Semi-Furnished,38000
Apartment ,1 BHK,437.0,Dombivali,Mumbai,19.20936394,73.09390259,,0.0,0,Unfurnished,10000
,1 BHK,641.0,Wadgaon Sheri,Pune,18.5496006,73.92030334,1.0,0.0,,Semi-Furnished,18000
Independent Floor ,4 BHK,5852.0,Greater Kailash II,Delhi,28.53174019,77.24913788,4.0,2.0,>100k,Unfurnished,312929
Apartment ,2 BHK,950.0,Kanjurmarg,Mumbai,19.13684273,72.93132019,2.0,0.0,0,Semi-Furnished,35000
Apartment ,2 BHK,1080.0,Aundh,Pune,18.5678463,73.80082703,2.0,1.0,<=100k,Semi-Furnished,24000
Independent Floor ,3 BHK,2741.0,Panchsheel Enclave,Delhi,28.54351997,77.22973633,3.0,2.0,>100k,Unfurnished,301012
Apartment ,2 BHK,1060.0,Mulund West,Mumbai,19.15857124,72.94791412,2.0,0.0,0,Semi-Furnished,39000
Apartment ,1 BHK,,Kandivali West,Mumbai,19.19948769,72.84616089,2.0,0.0,0,Semi-Furnished,32000
Apartment ,2 BHK,720.0,Janakpuri,Delhi,28.62412453,77.08145905,1.0,2.0,<=100k,Semi-Furnished,18000
Apartment ,2 BHK,980.0,Powai,Mumbai,19.11438179,72.89945221,2.0,0.0,0,Semi-Furnished,43000
Independent Floor ,3 BHK,3011.0,Niti Bagh,Delhi,28.55949974,77.21679688,,2.0,>100k,Unfurnished,301102
Apartment ,3 BHK,1950.0,Worli,Mumbai,18.99874878,72.82100677,3.0,0.0,0,Semi-Furnished,313600
Independent Floor ,4 BHK,5412.0,Shanti Niketan,Delhi,28.57792091,77.16937256,4.0,2.0,>100k,Unfurnished,301012
Apartment ,3 BHK,1017.0,Kharghar,Mumbai,19.0528698,73.06694031,,3.0,<=100k,Semi-Furnished,30000
Apartment ,3 BHK,1400.0,Hadapsar,Pune,18.52070618,73.93044281,3.0,0.0,0,Furnished,39000
,1 BHK,560.0,Khardi,Mumbai,19.58354378,73.3866806,,0.0,0,Unfurnished,7500
,3 BHK,1600.0,Jasola,Delhi,28.54262161,77.29563904,2.0,0.0,0,Semi-Furnished,43000
Apartment ,2 BHK,1080.0,Vishrantwadi,Pune,18.57247162,73.87510681,2.0,1.0,<=100k,Unfurnished,16000
Apartment ,2 BHK,1248.0,Panvel,Mumbai,18.95307922,73.14958191,2.0,0.0,0,Semi-Furnished,18000
Independent Floor ,2 BHK,1300.0,Paschim Vihar,Delhi,28.66866684,77.10193634,,0.0,0,Semi-Furnished,20000
Apartment ,2 BHK,630.0,Kalyan West,Mumbai,19.25352097,73.13677979,2.0,2.0,<=100k,Unfurnished,15000
Apartment ,1 BHK,635.0,Chinchwad,Pune,18.62447548,73.7853775,1.0,1.0,<=100k,Semi-Furnished,10500
Apartment ,2 BHK,950.0,Sadashiv Peth,Pune,18.51144791,73.85007477,2.0,0.0,<=100k,Furnished,25000
Apartment ,1 BHK,550.0,Vishrantwadi,Pune,18.57260513,73.87820435,1.0,0.0,0,Furnished,16000
Apartment ,2 BHK,760.0,Santacruz West,Mumbai,19.08450127,72.83721161,2.0,0.0,>100k,Semi-Furnished,140000
Independent Floor ,2 BHK,600.0,Ramesh Nagar,Delhi,28.64705849,77.13123322,1.0,0.0,0,Semi-Furnished,16000
Apartment ,3 BHK,1650.0,Andheri West,Mumbai,19.13183212,72.83072662,3.0,3.0,>100k,Furnished,90000
Studio Apartment ,1 RK,702.0,Kharghar,Mumbai,19.07730484,73.07568359,1.0,0.0,0,Semi-Furnished,12000
Apartment ,3 BHK,1500.0,Pali Hill,Mumbai,19.06731033,72.82647705,4.0,0.0,,Furnished,275000
Apartment ,2 BHK,1100.0,Kurla,Mumbai,19.06987572,72.87733459,2.0,0.0,0,Furnished,55000
Studio Apartment ,1 RK,200.0,Dhanori,Pune,18.59116364,73.89559937,1.0,0.0,0,Furnished,3500
Apartment ,2 BHK,1000.0,Sector 5 Dwarka,Delhi,28.59751129,77.05679321,2.0,0.0,0,Semi-Furnished,25000
Apartment ,2 BHK,,Wagholi,Pune,18.58726883,74.00492096,2.0,2.0,,Unfurnished,12000
Apartment ,1 BHK,500.0,Ghansoli,Mumbai,19.12399673,72.9980545,2.0,0.0,<=100k,Unfurnished,16000
Villa ,1 BHK,750.0,Kharadi,Pune,18.55356216,73.94377899,1.0,1.0,<=100k,Semi-Furnished,9000
Apartment ,3 BHK,1800.0,Sector 19 Dwarka,Delhi,28.57741356,77.04174805,3.0,0.0,0,Semi-Furnished,40000
Villa ,5 BHK,6521.0,Sarvodaya Enclave,Delhi,28.5376606,77.20207214,4.0,2.0,>100k,Unfurnished,401015
Apartment ,1 BHK,640.0,Kothrud,Pune,18.50485802,73.80524445,,0.0,<=100k,Semi-Furnished,15000
Apartment ,2 BHK,750.0,Mulund East,Mumbai,19.15246582,72.96372223,2.0,0.0,0,Unfurnished,37000
Apartment ,2 BHK,855.0,Tathawade,Pune,18.62474632,73.73732758,2.0,2.0,<=100k,Semi-Furnished,22000
Apartment ,2 BHK,1500.0,Kharghar,Mumbai,19.03046417,73.07067871,2.0,0.0,0,Semi-Furnished,40000
Independent Floor ,1 BHK,,Mulund West,Mumbai,30.88825417,75.84442139,1.0,0.0,0,Furnished,15000
Independent Floor ,3 BHK,1200.0,Dabri,Delhi,28.60993385,77.09203339,3.0,0.0,0,Semi-Furnished,26000
Apartment ,2 BHK,,Dhayari,Pune,18.45800209,73.78517914,2.0,1.0,<=100k,Semi-Furnished,14000
Apartment ,1 BHK,700.0,Kalamboli,Mumbai,19.03845215,73.09728241,1.0,0.0,0,Unfurnished,10000
Apartment ,1 BHK,651.0,Wagholi,Pune,18.58033562,73.9805069,2.0,0.0,0,Semi-Furnished,11000
,1 BHK,600.0,Kharghar,Mumbai,19.03221321,73.06774139,1.0,1.0,<=100k,Unfurnished,17000
,3 BHK,1500.0,East of Kailash,Delhi,28.55708313,77.24693298,3.0,0.0,0,Semi-Furnished,100000
Apartment ,2 BHK,,Kandivali East,Mumbai,19.20110893,72.87722778,2.0,0.0,0,Semi-Furnished,58000
,2 BHK,580.0,Kalkaji,Delhi,28.5345211,77.26069641,2.0,0.0,0,Unfurnished,11000
Apartment ,3 BHK,1454.0,Malad West,Mumbai,19.18008614,72.84267426,3.0,0.0,>100k,Unfurnished,80000
,3 BHK,900.0,Poorvi Pitampura,Delhi,28.70433044,77.14995575,2.0,1.0,<=100k,Semi-Furnished,31000
Apartment ,2 BHK,900.0,Seawoods,Mumbai,19.00893784,73.0166626,3.0,0.0,0,Unfurnished,35000
Apartment ,1 BHK,680.0,Kharghar,Mumbai,19.07026482,73.06941223,1.0,0.0,0,Unfurnished,22000
Apartment ,1 BHK,600.0,Andheri East,Mumbai,19.10876465,72.86569214,2.0,0.0,0,Furnished,50000
Apartment ,2 BHK,850.0,Andheri West,Mumbai,19.1376152,72.82183075,2.0,0.0,0,Semi-Furnished,110000
Apartment ,3 BHK,1250.0,Thane West,Mumbai,19.2595787,72.98374939,3.0,0.0,0,Semi-Furnished,47000
Apartment ,2 BHK,1120.0,Kharghar,Mumbai,19.0713501,73.07579803,2.0,0.0,0,Semi-Furnished,30000
Apartment ,1 BHK,560.0,Ghatkopar West,Mumbai,19.08991432,72.90174866,1.0,0.0,0,Semi-Furnished,35000
Apartment ,2 BHK,1060.0,Kalyan West,Mumbai,19.25814056,73.13052368,2.0,0.0,0,Furnished,26000
Apartment ,2 BHK,980.0,Charholi Budruk,Pune,18.62409592,73.91689301,2.0,0.0,0,Semi-Furnished,23000
Independent Floor ,3 BHK,2856.0,Geetanjali Enclave,Delhi,28.53087997,77.20243073,3.0,2.0,>100k,Unfurnished,301012
Independent Floor ,1 BHK,600.0,Hadapsar,Pune,18.48603058,73.93418884,1.0,0.0,0,Semi-Furnished,5500
Apartment ,1 BHK,600.0,Siddharth nagar,Pune,18.51524734,73.7729187,1.0,2.0,<=100k,Unfurnished,15000
Apartment ,1 BHK,700.0,Hinjewadi,Pune,18.59160042,73.71278381,,0.0,0,Furnished,18000
Apartment ,3 BHK,1500.0,Andheri West,Mumbai,19.13844872,72.82474518,3.0,2.0,>100k,Furnished,140000
Studio Apartment ,1 RK,315.0,Chinchwad,Pune,18.63172722,73.78774261,1.0,0.0,0,Semi-Furnished,8000
Independent Floor ,3 BHK,2852.0,West End,Delhi,28.57413292,77.16131592,,2.0,>100k,Unfurnished,235222
,3 BHK,2856.0,Greater kailash 1,Delhi,28.55175018,77.23332977,3.0,2.0,>100k,Unfurnished,301012
Independent Floor ,2 BHK,,Dwarka Mor,Delhi,28.62621689,77.03955078,2.0,0.0,0,Furnished,15000
Apartment ,2 BHK,600.0,Andheri West,Mumbai,19.13805008,72.82532501,2.0,0.0,0,Semi-Furnished,56000
Apartment ,1 BHK,642.0,Ghansoli,Mumbai,19.12399673,72.9980545,1.0,0.0,<=100k,Unfurnished,21000
Apartment ,2 BHK,822.0,Ravet,Pune,18.65150261,73.73059845,3.0,2.0,<=100k,Semi-Furnished,19000
Apartment ,3 BHK,1550.0,Andheri West,Mumbai,19.13851357,72.81504059,3.0,0.0,0,Semi-Furnished,80000
Independent Floor ,3 BHK,1872.0,Moti Bagh,Delhi,28.54796982,77.23588562,3.0,0.0,0,Unfurnished,170000
Apartment ,2 BHK,1000.0,Undri,Pune,18.46245575,73.91368866,2.0,1.0,<=100k,Unfurnished,18000
Independent Floor ,4 BHK,3600.0,Vasant Vihar,Delhi,28.56521034,77.16281891,4.0,0.0,0,Semi-Furnished,210000
Studio Apartment ,1 RK,,Borivali East,Mumbai,19.22686195,72.86437988,1.0,1.0,<=100k,Semi-Furnished,20000
Apartment ,2 BHK,700.0,Khar West,Mumbai,19.07024956,72.8334198,2.0,0.0,0,Semi-Furnished,125000
Apartment ,3 BHK,1322.0,Chembur,Mumbai,19.0538311,72.88913727,2.0,0.0,0,Semi-Furnished,72000
Apartment ,3 BHK,1300.0,Thane West,Mumbai,19.23393059,72.98840332,3.0,0.0,0,Semi-Furnished,29000
Apartment ,1 BHK,580.0,Mira Road East,Mumbai,19.28781509,72.86935425,1.0,0.0,,Semi-Furnished,18000
Apartment ,1 BHK,500.0,Malviya Nagar,Delhi,28.61302757,77.09531403,1.0,1.0,<=100k,Semi-Furnished,12500
Apartment ,2 BHK,1500.0,Sector 11 Dwarka,Delhi,28.58954048,77.04999542,2.0,0.0,0,Semi-Furnished,28000
,2 BHK,951.0,Wagholi,Pune,18.57670975,73.99583435,2.0,2.0,<=100k,Unfurnished,12000
Apartment ,1 BHK,500.0,Ghansoli,Mumbai,19.12399673,72.9980545,2.0,1.0,<=100k,Unfurnished,12000
Independent Floor ,1 BHK,450.0,Uttam Nagar,Delhi,28.61945724,77.05670929,1.0,0.0,0,Semi-Furnished,10000
Apartment ,1 BHK,,Diva Gaon,Mumbai,19.18997192,73.0427475,1.0,0.0,0,Unfurnished,13000
Apartment ,2 BHK,1080.0,Dhanori,Pune,18.59778595,73.90550995,2.0,1.0,<=100k,Unfurnished,20000
Apartment ,2 BHK,960.0,Wagholi,Pune,18.57983208,73.98499298,2.0,1.0,,Unfurnished,12000
Apartment ,1 BHK,800.0,Powai,Mumbai,19.12780571,72.89354706,2.0,0.0,0,Semi-Furnished,55000
Apartment ,1 BHK,612.0,Dhanori,Pune,18.60419464,73.90248871,1.0,1.0,<=100k,Unfurnished,18500
Apartment ,1 BHK,700.0,Bhandup West,Mumbai,19.15069008,72.93463135,2.0,2.0,0,Unfurnished,22000
Apartment ,1 BHK,620.0,Katraj,Pune,18.44367027,73.86656189,1.0,0.0,0,Unfurnished,9000
Independent Floor ,3 BHK,2000.0,Defence Colony,Delhi,28.57263374,77.23251343,4.0,0.0,,Semi-Furnished,250000
Apartment ,2 BHK,1150.0,Nerul,Mumbai,19.03613091,73.01737213,2.0,0.0,0,Furnished,60000
Independent Floor ,2 BHK,670.0,Dwarka Mor,Delhi,28.62432671,77.02622986,1.0,0.0,0,Semi-Furnished,7500
Independent Floor ,4 BHK,5211.0,Greater kailash 1,Delhi,28.55175018,77.23332977,4.0,2.0,>100k,Unfurnished,321122
Apartment ,1 BHK,550.0,Kharghar,Mumbai,19.0399704,73.07698059,2.0,0.0,0,Unfurnished,16000
Apartment ,1 BHK,,Andheri West,Mumbai,19.12641144,72.82249451,1.0,0.0,0,Semi-Furnished,42000
Apartment ,1 BHK,,Dombivali,Mumbai,19.16758537,73.07501221,1.0,0.0,0,Unfurnished,11500
Independent Floor ,3 BHK,2856.0,Sarvodaya Enclave,Delhi,28.5376606,77.20207214,3.0,2.0,>100k,Unfurnished,301022
Apartment ,1 BHK,632.0,Malabar Hill,Mumbai,18.95371056,72.8004303,1.0,0.0,0,Furnished,90000
,2 BHK,900.0,Dadar East,Mumbai,19.01447678,72.84549713,2.0,0.0,0,Furnished,60000
Apartment ,3 BHK,2100.0,Bandra West,Mumbai,19.05635643,72.8288269,4.0,0.0,0,Semi-Furnished,300000
Apartment ,2 BHK,825.0,Malviya Nagar,Delhi,28.61302757,77.09531403,2.0,1.0,<=100k,Semi-Furnished,21000
Independent Floor ,3 BHK,,Jor bagh,Delhi,28.67728996,77.15930176,3.0,2.0,>100k,Unfurnished,362625
Independent Floor ,3 BHK,2896.0,Gulmohar park,Delhi,28.55765915,77.21248627,3.0,2.0,>100k,Unfurnished,381012
Apartment ,2 BHK,890.0,Thane West,Mumbai,19.19083977,72.97228241,2.0,0.0,0,Semi-Furnished,38000
Apartment ,2 BHK,740.0,Kanjurmarg,Mumbai,19.1315136,72.92739868,2.0,0.0,0,Semi-Furnished,28000
Studio Apartment ,1 RK,350.0,Kothrud,Pune,18.50739861,73.80764771,1.0,0.0,0,Semi-Furnished,8500
Apartment ,2 BHK,1315.0,Kharadi,Pune,18.55762672,73.94908142,2.0,0.0,<=100k,Semi-Furnished,36000
Independent Floor ,3 BHK,2800.0,Safdarjung Enclave,Delhi,28.56477928,77.19426727,3.0,0.0,0,Semi-Furnished,150000
Apartment ,2 BHK,850.0,Santacruz East,Mumbai,19.0825882,72.85115051,2.0,0.0,0,Furnished,62000
Apartment ,3 BHK,1170.0,Andheri West,Mumbai,19.12628365,72.8326416,3.0,2.0,>100k,Semi-Furnished,120000
Apartment ,2 BHK,900.0,Ville Parle East,Mumbai,19.0951004,72.8605957,2.0,0.0,0,Semi-Furnished,85000
Apartment ,2 BHK,1380.0,Kharghar,Mumbai,19.04291344,73.06665802,3.0,0.0,0,Semi-Furnished,45000
Independent Floor ,3 BHK,900.0,Dabri,Delhi,28.60993385,77.09203339,2.0,0.0,,Semi-Furnished,22000
Apartment ,2 BHK,,Kharadi,Pune,18.56857491,73.95127869,2.0,1.0,<=100k,Semi-Furnished,25000
Independent Floor ,4 BHK,5896.0,Golf Links,Delhi,28.59763908,77.23332977,4.0,2.0,>100k,Unfurnished,401015
Apartment ,1 BHK,580.0,Andheri East,Mumbai,19.11567116,72.88295746,2.0,0.0,0,Furnished,45000
Apartment ,1 BHK,600.0,Andheri East,Mumbai,19.10876465,72.86569214,2.0,0.0,0,Furnished,50000
,1 BHK,680.0,Ghansoli,Mumbai,19.12399673,72.9980545,2.0,2.0,<=100k,Unfurnished,25000
Independent Floor ,4 BHK,5896.0,Jor bagh,Delhi,28.67728996,77.15930176,4.0,2.0,>100k,Unfurnished,381811
Apartment ,2 BHK,825.0,Kharadi,Pune,18.54139328,73.94002533,2.0,2.0,<=100k,Unfurnished,33000
Independent Floor ,2 BHK,850.0,Janakpuri,Delhi,28.62191963,77.08881378,2.0,2.0,<=100k,Semi-Furnished,30000
Apartment ,2 BHK,966.0,Wagholi,Pune,18.58331299,73.97669983,2.0,2.0,<=100k,Unfurnished,9500
Independent Floor ,3 BHK,2856.0,West End,Delhi,28.57413292,77.16131592,3.0,2.0,>100k,Unfurnished,301012
Apartment ,3 BHK,1100.0,Kondhwa,Pune,18.47486115,73.89528656,2.0,1.0,,Furnished,35000
Apartment ,2 BHK,900.0,Aundh,Pune,18.55888367,73.80407715,2.0,1.0,<=100k,Furnished,25000
Independent Floor ,3 BHK,1800.0,Pitampura,Delhi,28.69317627,77.13703156,3.0,0.0,0,Furnished,60000
Apartment ,2 BHK,950.0,Andheri East,Mumbai,19.11567116,72.88295746,2.0,0.0,0,Unfurnished,78000
,1 RK,1200.0,Mahipalpur,Delhi,28.54797935,77.13013458,1.0,0.0,0,Furnished,14000
Apartment ,1 BHK,525.0,Andheri East,Mumbai,19.10876465,72.86569214,2.0,0.0,0,Furnished,33000
Apartment ,3 BHK,1650.0,Sector 2 Dwarka,Delhi,28.59767723,77.0710144,3.0,3.0,<=100k,Semi-Furnished,34000
Apartment ,2 BHK,1134.0,Aundh,Pune,18.56630898,73.81248474,2.0,2.0,>100k,Furnished,30000
Apartment ,2 BHK,1200.0,Wakad,Pune,18.59487152,73.76429749,2.0,0.0,0,Furnished,37000
Apartment ,2 BHK,850.0,i p extension patparganj,Delhi,28.62952423,77.31233978,1.0,1.0,<=100k,Semi-Furnished,18000
Apartment ,2 BHK,850.0,Kondhwa,Pune,18.47813034,73.90167999,2.0,1.0,<=100k,Unfurnished,28000
Apartment ,2 BHK,1200.0,Sanpada,Mumbai,19.06126404,73.0033493,2.0,0.0,0,Furnished,60000
Independent Floor ,2 BHK,650.0,Uttam Nagar,Delhi,28.61945724,77.05670929,1.0,0.0,0,Semi-Furnished,12000
Apartment ,1 BHK,,Kandivali West,Mumbai,19.21733093,72.82610321,2.0,0.0,0,Unfurnished,22000
Independent Floor ,1 BHK,650.0,Dwarka Mor,Delhi,28.6241684,77.0315094,1.0,0.0,0,Furnished,12000
Apartment ,1 BHK,600.0,Kondhwa,Pune,18.47803879,73.88882446,1.0,0.0,<=100k,Semi-Furnished,13000
Studio Apartment ,1 RK,500.0,Uttam Nagar,Delhi,28.61945724,77.05670929,1.0,0.0,,Furnished,6499
Apartment ,2 BHK,876.0,Belapur,Mumbai,19.0124855,73.03336334,2.0,0.0,0,Semi-Furnished,30000
Apartment ,2 BHK,900.0,Dahisar,Mumbai,19.26166916,72.87430573,2.0,0.0,0,Semi-Furnished,16000
Apartment ,1 BHK,,Kandivali West,Mumbai,19.1939106,72.84563446,1.0,0.0,0,Semi-Furnished,34000
,2 BHK,1150.0,Colaba,Mumbai,18.90838814,72.81639862,2.0,0.0,0,Semi-Furnished,80000
Independent Floor ,3 BHK,2741.0,Vasant Vihar,Delhi,28.55739021,77.15714264,3.0,2.0,>100k,Unfurnished,301012
Independent Floor ,2 BHK,1600.0,Rajouri Garden,Delhi,28.64152908,77.12091064,2.0,0.0,0,Furnished,35000
Independent Floor ,3 BHK,2000.0,Defence Colony,Delhi,28.57263374,77.23251343,4.0,0.0,0,Semi-Furnished,180000
Apartment ,2 BHK,,Viman Nagar,Pune,18.56938934,73.91133118,2.0,0.0,0,Furnished,50000
Independent Floor ,4 BHK,6521.0,Vasant Vihar,Delhi,28.55739021,77.15714264,4.0,2.0,>100k,Unfurnished,301012
Apartment ,1 BHK,577.0,Wagholi,Pune,18.59058952,73.99626923,,0.0,<=100k,Unfurnished,8500
Apartment ,2 BHK,1008.0,Mulund West,Mumbai,19.15857124,72.94791412,2.0,0.0,,Semi-Furnished,38000
Apartment ,1 BHK,600.0,Viman Nagar,Pune,18.57149506,73.90843201,1.0,0.0,,Furnished,31000
Apartment ,2 BHK,1150.0,Wakad,Pune,18.59722519,73.77924347,2.0,0.0,0,Semi-Furnished,30000
Independent House ,4 BHK,5896.0,West End,Delhi,28.57413292,77.16131592,4.0,2.0,>100k,Unfurnished,504015
Apartment ,3 BHK,1100.0,Powai,Mumbai,19.1196804,72.89414978,3.0,0.0,0,Semi-Furnished,80000
Independent Floor ,3 BHK,1800.0,Greater Kailash II,Delhi,28.53174019,77.24913788,3.0,3.0,>100k,Unfurnished,53000
Apartment ,1 BHK,710.0,Kalamboli,Mumbai,19.04022598,73.09493256,2.0,0.0,0,Unfurnished,12000
Apartment ,1 BHK,645.0,Wagholi,Pune,18.5822506,73.98009491,1.0,2.0,<=100k,Unfurnished,9000
Apartment ,2 BHK,1210.0,Colaba,Mumbai,18.91856384,72.82546234,2.0,0.0,,Furnished,115000
Apartment ,3 BHK,1200.0,Malad East,Mumbai,19.17831421,72.87186432,3.0,0.0,0,Furnished,87000
Independent Floor ,4 BHK,4500.0,Greater Kailash,Delhi,28.54933357,77.24269867,4.0,0.0,0,Semi-Furnished,275000
Independent Floor ,3 BHK,1872.0,Greater Kailash,Delhi,28.54933357,77.24269867,,0.0,0,Semi-Furnished,85000
Villa ,2 BHK,1200.0,NIBM,Pune,18.47689629,73.89581299,2.0,1.0,<=100k,Unfurnished,32000
Apartment ,2 BHK,650.0,Rasayani,Mumbai,18.88423347,73.16943359,2.0,1.0,<=100k,Unfurnished,9500
Apartment ,2 BHK,1050.0,Powai,Mumbai,19.11456108,72.89637756,,0.0,0,Semi-Furnished,75000
Independent Floor ,2 BHK,850.0,Vasant Vihar,Delhi,28.55739021,77.15714264,2.0,0.0,>100k,Furnished,90000
,3 BHK,1635.0,Kothrud,Pune,18.51283836,73.81687927,3.0,0.0,,Unfurnished,30000
Villa ,2 BHK,1000.0,NIBM,Pune,18.47689629,73.89581299,2.0,1.0,<=100k,Unfurnished,32000
Apartment ,1 BHK,500.0,Khirki Extension,Delhi,28.53081703,77.2168045,,1.0,<=100k,Semi-Furnished,14000
Apartment ,1 BHK,800.0,Andheri West,Mumbai,19.12927437,72.83625031,1.0,0.0,0,Unfurnished,42000
Independent Floor ,3 BHK,2000.0,Jor bagh,Delhi,28.58775711,77.21530914,4.0,0.0,0,Furnished,350000
,4 BHK,6251.0,Hauz Khas,Delhi,28.55542183,77.20988464,4.0,2.0,>100k,Unfurnished,308512
Apartment ,2 BHK,990.0,Wakad,Pune,18.59248543,73.75439453,2.0,0.0,0,Semi-Furnished,23500
Apartment ,3 BHK,1150.0,Thane West,Mumbai,19.22800827,72.97892761,4.0,0.0,0,Semi-Furnished,30000
Apartment ,1 BHK,705.0,Dhanori,Pune,18.5975399,73.9161911,1.0,0.0,<=100k,Semi-Furnished,14000
Apartment ,2 BHK,890.0,Andheri East,Mumbai,19.11548805,72.88269806,2.0,0.0,0,Furnished,65000
Apartment ,1 BHK,610.0,Ghansoli,Mumbai,19.12399673,72.9980545,2.0,1.0,<=100k,Unfurnished,16000
,5 BHK,6521.0,Ghitorni,Delhi,28.49571991,77.13581085,4.0,2.0,>100k,Unfurnished,408521
Independent Floor ,2 BHK,1600.0,East of Kailash,Delhi,28.55871391,77.25095367,2.0,2.0,<=100k,Semi-Furnished,40000
Independent Floor ,2 BHK,750.0,Dakshini Pitampura,Delhi,28.70100784,77.13773346,2.0,1.0,<=100k,Semi-Furnished,25000
,4 BHK,3000.0,Powai,Mumbai,19.11625862,72.91133881,,0.0,0,Furnished,300000
Apartment ,2 BHK,750.0,Thane West,Mumbai,19.27772713,72.96806335,2.0,0.0,0,Semi-Furnished,18000
Independent House ,4 BHK,5896.0,Gulmohar park,Delhi,28.55765915,77.21248627,,2.0,>100k,Unfurnished,401012
,3 BHK,1600.0,Viman Nagar,Pune,18.56972122,73.91083527,3.0,2.0,>100k,Furnished,59500
Apartment ,4 BHK,2200.0,Sector 13 Dwarka,Delhi,28.60037231,77.03916931,3.0,0.0,0,Semi-Furnished,40000
Apartment ,3 BHK,1255.0,Bandra Kurla Complex,Mumbai,19.0660305,72.86507416,3.0,3.0,,Semi-Furnished,150000
Independent Floor ,4 BHK,5896.0,Golf Links,Delhi,28.59763908,77.23332977,4.0,2.0,>100k,Unfurnished,500115
Independent Floor ,1 BHK,900.0,East of Kailash,Delhi,28.55871391,77.25095367,1.0,1.0,<=100k,Unfurnished,11000
Independent Floor ,3 BHK,2741.0,Anand Niketan,Delhi,28.57893944,77.16504669,3.0,2.0,>100k,Unfurnished,308521
Apartment ,1 BHK,655.0,Wagholi,Pune,18.58422279,73.98563385,1.0,2.0,<=100k,Semi-Furnished,11000
Independent Floor ,4 BHK,5896.0,West End,Delhi,28.57413292,77.16131592,4.0,2.0,>100k,Unfurnished,301101
Independent House ,5 BHK,6521.0,Niti Bagh,Delhi,28.55949974,77.21679688,4.0,2.0,>100k,Unfurnished,640110
Apartment ,2 BHK,600.0,Deccan Gymkhana,Pune,18.51568413,73.83542633,2.0,0.0,0,Semi-Furnished,6000
Studio Apartment ,1 RK,344.0,Goregaon East,Mumbai,19.15562439,72.88517761,1.0,0.0,0,Semi-Furnished,12000
Apartment ,1 BHK,459.0,Andheri East,Mumbai,19.13594818,72.86940002,2.0,0.0,0,Semi-Furnished,32000
Apartment ,2 BHK,900.0,Chembur,Mumbai,19.06415176,72.8937912,2.0,0.0,0,Unfurnished,55000
Independent Floor ,3 BHK,2856.0,Safdarjung Enclave,Delhi,28.56125832,77.19052124,3.0,2.0,>100k,Unfurnished,301121
Apartment ,2 BHK,1150.0,Mira Road East,Mumbai,19.26466942,72.8784256,2.0,0.0,0,Semi-Furnished,25500
Apartment ,1 BHK,550.0,Jogeshwari West,Mumbai,19.14125633,72.84004211,,0.0,0,Unfurnished,30000
Apartment ,2 BHK,1040.0,Thane West,Mumbai,19.25846672,72.97864532,2.0,0.0,0,Semi-Furnished,27000
Independent Floor ,4 BHK,2700.0,Greater Kailash,Delhi,28.53398132,77.24250031,4.0,0.0,0,Semi-Furnished,200000
Apartment ,1 BHK,640.0,Ulwe,Mumbai,18.98457527,73.02407837,1.0,0.0,0,Unfurnished,12000
Apartment ,2 BHK,1340.0,Tingre Nagar,Pune,18.57694817,73.88828278,2.0,0.0,<=100k,Unfurnished,25000
Apartment ,3 BHK,2212.0,Girgaon,Mumbai,18.95463753,72.81288147,4.0,0.0,0,Furnished,300000
Independent Floor ,3 BHK,2100.0,Golf Links,Delhi,28.59951973,77.23078156,4.0,0.0,0,Semi-Furnished,225000
Apartment ,1 BHK,650.0,Karanjade,Mumbai,18.97457123,73.10448456,2.0,0.0,0,Unfurnished,7000
Apartment ,2 BHK,870.0,Kandivali West,Mumbai,19.20986748,72.83059692,2.0,0.0,0,Semi-Furnished,37000
Apartment ,1 BHK,680.0,Dhanori,Pune,18.59881783,73.90312195,1.0,1.0,<=100k,Unfurnished,16000
,1 BHK,500.0,Goregaon West,Mumbai,19.16913414,72.84459686,2.0,0.0,0,Semi-Furnished,30000
Apartment ,3 BHK,1502.0,Kharghar,Mumbai,19.03384018,73.07701874,3.0,0.0,<=100k,Semi-Furnished,35000
Apartment ,2 BHK,1027.0,Borivali East,Mumbai,19.22131157,72.85739899,2.0,1.0,>100k,Unfurnished,45000
Independent Floor ,3 BHK,2741.0,New Friends Colony,Delhi,28.56705093,77.27355957,3.0,2.0,>100k,Unfurnished,301022
Independent Floor ,4 BHK,5564.0,Hauz Khas,Delhi,28.55542183,77.20988464,4.0,2.0,>100k,Unfurnished,308211
Apartment ,3 BHK,1367.0,Hadapsar,Pune,18.51945686,73.91488647,3.0,0.0,0,Unfurnished,25000
Apartment ,2 BHK,1150.0,Khar West,Mumbai,19.07457161,72.83242798,3.0,0.0,>100k,Furnished,160000
Independent Floor ,3 BHK,1750.0,Uttari Pitampura,Delhi,28.71280289,77.13853455,3.0,1.0,>100k,Semi-Furnished,60000
Apartment ,3 BHK,1580.0,Thane West,Mumbai,19.22338867,72.98991394,2.0,1.0,>100k,Semi-Furnished,50000
Apartment ,1 BHK,540.0,Ambegaon Budruk,Pune,18.45327187,73.83125305,1.0,0.0,0,Semi-Furnished,5500
Apartment ,2 BHK,1200.0,Jogeshwari West,Mumbai,19.13975906,72.84013367,2.0,0.0,0,Unfurnished,75000
Studio Apartment ,1 RK,150.0,Ladosarai,Delhi,28.52681732,77.19074249,,0.0,0,Semi-Furnished,11000
Independent Floor ,3 BHK,1350.0,Naraina,Delhi,28.63214111,77.13885498,2.0,0.0,0,Semi-Furnished,40000
,2 BHK,1220.0,Ghansoli,Mumbai,19.12911034,72.99610901,2.0,4.0,>100k,Furnished,40000
Apartment ,2 BHK,1150.0,Viman Nagar,Pune,18.56602287,73.9102478,2.0,1.0,>100k,Unfurnished,35000
,3 BHK,1800.0,Sector 6 Dwarka,Delhi,28.58529282,77.06371307,2.0,0.0,0,Semi-Furnished,30000
Independent Floor ,4 BHK,5896.0,Geetanjali Enclave,Delhi,28.53087997,77.20243073,4.0,2.0,>100k,Unfurnished,301010
Apartment ,2 BHK,1100.0,Dhanori,Pune,18.59800339,73.90225983,2.0,0.0,<=100k,Semi-Furnished,25000
Apartment ,2 BHK,1075.0,Chembur,Mumbai,19.04731178,72.89689636,2.0,0.0,0,Unfurnished,68000
Independent Floor ,3 BHK,2500.0,Defence Colony,Delhi,28.57263374,77.23251343,3.0,0.0,0,Unfurnished,140000
Apartment ,3 BHK,1550.0,Wakad,Pune,18.59720993,73.75839996,3.0,3.0,<=100k,Unfurnished,22000
Independent Floor ,4 BHK,5896.0,West End,Delhi,28.57413292,77.16131592,4.0,2.0,>100k,Unfurnished,401012
Apartment ,1 BHK,700.0,Kalamboli,Mumbai,19.03845215,73.09728241,1.0,0.0,0,Unfurnished,10000
Apartment ,2 BHK,900.0,Wadala,Mumbai,19.03086853,72.8801651,,0.0,0,Semi-Furnished,85000
Apartment ,4 BHK,5569.0,Ghitorni,Delhi,28.49571991,77.13581085,,2.0,>100k,Unfurnished,784485
Apartment ,2 BHK,1000.0,Andheri West,Mumbai,19.1300869,72.82094574,2.0,0.0,0,Semi-Furnished,70000
Studio Apartment ,1 RK,344.0,Goregaon East,Mumbai,19.15221214,72.88626099,1.0,0.0,0,Unfurnished,10000
Apartment ,3 BHK,1500.0,Chembur,Mumbai,19.06293297,72.89239502,3.0,0.0,,Semi-Furnished,85000
Apartment ,1 BHK,550.0,Andheri East,Mumbai,19.10786247,72.85948181,,0.0,,Semi-Furnished,25000
Independent Floor ,5 BHK,6521.0,Hauz Khas,Delhi,28.55542183,77.20988464,4.0,2.0,>100k,Unfurnished,301012
Apartment ,2 BHK,1100.0,Goregaon West,Mumbai,19.15450859,72.84287262,2.0,0.0,0,Semi-Furnished,70000
,4 BHK,5896.0,Anand Niketan,Delhi,28.57893944,77.16504669,4.0,2.0,>100k,Unfurnished,301012
Apartment ,2 BHK,757.0,Powai,Mumbai,19.11634064,72.91352081,2.0,0.0,0,Semi-Furnished,90000
Apartment ,1 BHK,654.0,Wagholi,Pune,18.56855774,74.02105713,2.0,2.0,<=100k,Unfurnished,8000
Apartment ,2 BHK,1244.0,Ghansoli,Mumbai,19.11484909,73.00028992,2.0,4.0,,Unfurnished,44500
Independent Floor ,4 BHK,,Greater kailash 1,Delhi,28.55195999,77.23581696,4.0,0.0,0,Semi-Furnished,225000
Independent Floor ,4 BHK,5896.0,Gulmohar park,Delhi,28.55765915,77.21248627,4.0,2.0,>100k,Unfurnished,301012
Apartment ,1 BHK,680.0,Tardeo,Mumbai,18.96496964,72.80918121,2.0,0.0,0,Furnished,65000
Apartment ,2 BHK,648.0,Hinjewadi,Pune,18.59685707,73.69957733,2.0,0.0,0,Furnished,15500
Apartment ,3 BHK,1500.0,Bhandup West,Mumbai,19.14695168,72.93522644,2.0,0.0,0,Furnished,50000
,2 BHK,800.0,Andheri West,Mumbai,19.13943481,72.8208847,,0.0,0,Furnished,80000
Apartment ,2 BHK,961.0,Wagholi,Pune,18.58561516,73.97576141,2.0,1.0,<=100k,Unfurnished,15000
Apartment ,4 BHK,2700.0,Chittaranjan Park,Delhi,28.53873825,77.2490921,,0.0,0,Semi-Furnished,100000
Apartment ,2 BHK,1200.0,Ulwe,Mumbai,18.97071648,73.01301575,2.0,0.0,0,Unfurnished,26000
Apartment ,1 BHK,600.0,Dombivali East,Mumbai,19.21087646,73.10479736,1.0,0.0,0,Unfurnished,10000
Apartment ,2 BHK,,Andheri West,Mumbai,19.12177086,72.82602692,2.0,0.0,0,Semi-Furnished,60000
,3 BHK,2856.0,Panchsheel Enclave,Delhi,28.54351997,77.22973633,3.0,2.0,>100k,Unfurnished,301022
,1 BHK,578.0,Thane West,Mumbai,19.26602936,72.97202301,,0.0,<=100k,Semi-Furnished,20808
Independent Floor ,2 BHK,750.0,Pitampura,Delhi,28.695364,77.15354919,2.0,1.0,<=100k,Semi-Furnished,25000
Independent Floor ,4 BHK,5896.0,Vasant Vihar,Delhi,28.55739021,77.15714264,4.0,2.0,>100k,Unfurnished,401102
Apartment ,2 BHK,1045.0,Lohegaon,Pune,18.59620094,73.90930176,2.0,0.0,0,Furnished,31000
Independent Floor ,2 BHK,1000.0,Sector 8 Dwarka,Delhi,28.57110023,77.07225037,2.0,0.0,0,Semi-Furnished,20000
Apartment ,1 BHK,,Sector 21 Ghansoli,Mumbai,19.13016319,72.99938202,2.0,1.0,<=100k,Unfurnished,18600
,2 BHK,,Panvel,Mumbai,18.96326828,73.12701416,2.0,0.0,0,Semi-Furnished,15000
Apartment ,1 BHK,585.0,Andheri East,Mumbai,19.11310196,72.87252808,1.0,0.0,0,Semi-Furnished,26910
Apartment ,1 BHK,535.0,Goregaon East,Mumbai,19.15395355,72.88471222,1.0,0.0,0,Unfurnished,16000
Apartment ,2 BHK,1160.0,Viman Nagar,Pune,18.57481003,73.91124725,2.0,2.0,>100k,Furnished,40000
Apartment ,2 BHK,850.0,Bhandup West,Mumbai,19.15442848,72.93182373,2.0,0.0,0,Furnished,45000
,1 BHK,670.0,Dombivali,Mumbai,19.20772552,73.11164093,2.0,0.0,0,Semi-Furnished,14000
Villa ,4 BHK,5896.0,Ghitorni,Delhi,28.49571991,77.13581085,4.0,2.0,>100k,Unfurnished,381102
Independent Floor ,3 BHK,2950.0,Defence Colony,Delhi,28.57263374,77.23251343,3.0,0.0,0,Semi-Furnished,200000
Apartment ,2 BHK,1000.0,Bavdhan,Pune,18.52125931,73.7677536,2.0,0.0,0,Furnished,32000
Independent Floor ,4 BHK,6521.0,Geetanjali Enclave,Delhi,28.53087997,77.20243073,4.0,2.0,>100k,Unfurnished,235562
Independent Floor ,4 BHK,5896.0,Defence Colony,Delhi,28.57183075,77.23332977,4.0,2.0,>100k,Unfurnished,381182
Apartment ,2 BHK,987.0,Wagholi,Pune,18.58864784,73.98957062,2.0,2.0,<=100k,Unfurnished,15000
Independent Floor ,3 BHK,1800.0,East of Kailash,Delhi,28.55871391,77.25095367,,2.0,,Semi-Furnished,65000
Apartment ,1 BHK,550.0,Mira Road East,Mumbai,19.28962708,72.87622833,2.0,0.0,0,Semi-Furnished,13500
Apartment ,1 BHK,580.0,Aundh,Pune,18.56114769,73.81332397,1.0,1.0,<=100k,Semi-Furnished,12500
Apartment ,1 BHK,572.0,Dhayari,Pune,18.45824623,73.79203033,2.0,1.0,<=100k,Semi-Furnished,10500
Independent Floor ,3 BHK,1350.0,Pitampura,Delhi,28.695364,77.15354919,3.0,1.0,<=100k,Semi-Furnished,40000
,2 BHK,1100.0,Kalamboli,Mumbai,19.03714943,73.09010315,2.0,0.0,0,Unfurnished,16000
Apartment ,2 BHK,1200.0,Powai,Mumbai,19.11632729,72.91363525,2.0,0.0,0,Semi-Furnished,68000
Apartment ,2 BHK,945.0,Tathawade,Pune,18.6384201,73.73475647,2.0,0.0,0,Semi-Furnished,13100
Apartment ,3 BHK,1420.0,Thane West,Mumbai,19.24021149,72.99583435,3.0,0.0,0,Semi-Furnished,38000
,2 BHK,1115.0,Kharghar,Mumbai,19.06905174,73.08538818,2.0,0.0,0,Semi-Furnished,25200
Apartment ,2 BHK,760.0,Hinjewadi,Pune,18.57841873,73.68244171,2.0,1.0,<=100k,Unfurnished,17000
Apartment ,2 BHK,1100.0,Hinjewadi,Pune,18.57535172,73.67964935,2.0,0.0,0,Furnished,23000
Apartment ,2 BHK,1000.0,Kondhwa,Pune,18.47699928,73.88762665,2.0,1.0,<=100k,Semi-Furnished,24000
Apartment ,2 BHK,750.0,Powai,Mumbai,19.12780571,72.89354706,2.0,0.0,0,Semi-Furnished,80000
,2 BHK,985.0,Wagholi,Pune,18.57564735,73.98487854,2.0,2.0,<=100k,Unfurnished,12000
Apartment ,2 BHK,1300.0,Airoli,Mumbai,19.15826607,72.99282837,2.0,0.0,0,Semi-Furnished,27000
Apartment ,2 BHK,858.0,Wagholi,Pune,18.589571,74.00563812,2.0,0.0,<=100k,Unfurnished,12000
Apartment ,2 BHK,1100.0,Malad West,Mumbai,19.18694305,72.83223724,2.0,0.0,0,Furnished,47000
Apartment ,4 BHK,2400.0,Sector 4 Dwarka,Delhi,28.60176086,77.04917145,4.0,0.0,0,Semi-Furnished,40000
Apartment ,3 BHK,2500.0,Panchsheel Enclave,Delhi,28.54351997,77.22973633,3.0,2.0,>100k,Semi-Furnished,140000
Apartment ,3 BHK,2000.0,Sector 4 Dwarka,Delhi,28.60218048,77.05325317,2.0,0.0,0,Semi-Furnished,32000
Apartment ,2 BHK,1004.0,Vishrantwadi,Pune,18.57371902,73.87998199,2.0,0.0,<=100k,Unfurnished,24000
,2 BHK,850.0,Bhandup West,Mumbai,19.15442848,72.93182373,2.0,0.0,0,Furnished,45000
Independent Floor ,3 BHK,1800.0,Saket,Delhi,28.52508545,77.20816803,3.0,0.0,0,Semi-Furnished,65000
Apartment ,3 BHK,,Aundh,Pune,18.55742264,73.80046082,3.0,2.0,>100k,Furnished,40000
Apartment ,2 BHK,1058.0,Worli,Mumbai,19.00612831,72.82883453,3.0,0.0,0,Unfurnished,160000
Apartment ,3 BHK,1555.0,Wakad,Pune,18.59652519,73.76265717,2.0,2.0,<=100k,Unfurnished,18000
Apartment ,1 BHK,450.0,Sector 11 Dwarka,Delhi,28.59047318,77.048172,,1.0,<=100k,Semi-Furnished,13000
Independent Floor ,1 BHK,650.0,Patel Nagar,Delhi,28.65198898,77.16931152,1.0,0.0,0,Furnished,25000
Independent Floor ,4 BHK,5896.0,Anand Niketan,Delhi,28.57893944,77.16504669,4.0,2.0,>100k,Unfurnished,301022
Apartment ,2 BHK,740.0,Kanjurmarg,Mumbai,19.1315136,72.92739868,2.0,0.0,0,Semi-Furnished,28000
Apartment ,2 BHK,820.0,Chattarpur,Delhi,28.49288368,77.17655182,2.0,0.0,0,Furnished,22000
Apartment ,3 BHK,1645.0,Wagholi,Pune,18.58410645,74.00319672,2.0,2.0,<=100k,Unfurnished,18000
Apartment ,1 BHK,580.0,Hadapsar,Pune,18.5008564,73.93518066,1.0,1.0,<=100k,Semi-Furnished,10000
Apartment ,2 BHK,900.0,Kharadi,Pune,18.54711151,73.93025208,2.0,0.0,0,Semi-Furnished,30000
Independent Floor ,3 BHK,2253.0,Safdarjung Enclave,Delhi,28.56125832,77.19052124,3.0,2.0,>100k,Unfurnished,301105
Apartment ,2 BHK,800.0,Santacruz East,Mumbai,19.0793705,72.85626221,2.0,0.0,0,Furnished,63000
Apartment ,2 BHK,800.0,Chattarpur,Delhi,28.50008965,77.18770599,,0.0,0,Semi-Furnished,15000
Independent Floor ,1 BHK,650.0,Patel Nagar,Delhi,28.64999771,77.16490173,1.0,0.0,0,Furnished,19700
Independent Floor ,3 BHK,3000.0,Greater kailash 1,Delhi,28.55175018,77.23332977,3.0,3.0,>100k,Unfurnished,99000
Independent Floor ,1 BHK,300.0,New Rajinder Nagar,Delhi,28.63493347,77.17928314,1.0,1.0,<=100k,Furnished,25000
Apartment ,1 BHK,750.0,Virar,Mumbai,19.47031784,72.7999649,1.0,0.0,0,Semi-Furnished,8000
Apartment ,1 BHK,300.0,Vasai,Mumbai,19.38999557,72.82585144,1.0,0.0,<=100k,Semi-Furnished,14000
,3 BHK,1800.0,Kalkaji,Delhi,28.55150414,77.25912476,4.0,0.0,0,Semi-Furnished,100000
Apartment ,2 BHK,955.0,Dhayari,Pune,18.45890045,73.78898621,2.0,1.0,<=100k,Unfurnished,15500
Apartment ,2 BHK,900.0,Ville Parle East,Mumbai,19.0951004,72.8605957,2.0,0.0,0,Furnished,65000
Apartment ,2 BHK,1290.0,Dhanori,Pune,18.59719658,73.90261078,1.0,1.0,<=100k,Semi-Furnished,18000
Apartment ,2 BHK,,Lohegaon,Pune,18.61758995,73.9103241,2.0,0.0,,Semi-Furnished,22000
Apartment ,2 BHK,852.0,Tathawade,Pune,18.62059402,73.75565338,,0.0,<=100k,Unfurnished,24000
Independent Floor ,4 BHK,4500.0,Naraina,Delhi,28.63214111,77.13885498,4.0,0.0,0,Semi-Furnished,130000
Apartment ,1 BHK,610.0,Kalyan West,Mumbai,19.25731087,73.12992096,1.0,0.0,0,Unfurnished,14500
Apartment ,2 BHK,,Wagholi,Pune,18.58438492,73.99645233,,2.0,<=100k,Furnished,14000
Independent Floor ,4 BHK,5896.0,Niti Bagh,Delhi,28.55949974,77.21679688,4.0,2.0,>100k,Unfurnished,301101
Independent Floor ,2 BHK,780.0,Janakpuri,Delhi,28.62119293,77.09102631,1.0,0.0,,Semi-Furnished,25000
Independent Floor ,4 BHK,5896.0,Geetanjali Enclave,Delhi,28.53087997,77.20243073,4.0,2.0,>100k,Unfurnished,401012
Independent Floor ,3 BHK,2851.0,Green Park,Delhi,28.55761909,77.20458984,3.0,2.0,>100k,Unfurnished,301011
Apartment ,3 BHK,1690.0,Andheri East,Mumbai,19.1108036,72.87134552,3.0,0.0,0,Semi-Furnished,142300
Independent Floor ,3 BHK,2741.0,Gulmohar park,Delhi,28.55765915,77.21248627,3.0,2.0,>100k,Unfurnished,325461
Apartment ,1 BHK,550.0,Koper Khairane,Mumbai,19.10782623,73.00067902,1.0,0.0,0,Unfurnished,10000
Apartment ,3 BHK,1085.0,Wagholi,Pune,18.57997322,73.9730072,3.0,0.0,0,Semi-Furnished,16500
Apartment ,1 BHK,699.0,Kalyan West,Mumbai,19.24366951,73.12358093,1.0,0.0,<=100k,Semi-Furnished,12000
Apartment ,4 BHK,1500.0,Malabar Hill,Mumbai,18.94757462,72.79395294,4.0,0.0,0,Furnished,215000
Apartment ,5 BHK,2600.0,Santacruz East,Mumbai,18.97277069,72.81299591,4.0,0.0,0,Furnished,350000
Independent House ,4 BHK,5896.0,Panchsheel Enclave,Delhi,28.54351997,77.22973633,4.0,2.0,>100k,Unfurnished,301022
Independent Floor ,3 BHK,2250.0,Hauz Khas,Delhi,28.55016518,77.19645691,3.0,0.0,0,Semi-Furnished,110000
Apartment ,2 BHK,1050.0,Nerul,Mumbai,19.03713226,73.00855255,2.0,0.0,0,Semi-Furnished,56000
Apartment ,3 BHK,2200.0,Defence Colony,Delhi,28.57709885,77.23474884,3.0,2.0,>100k,Furnished,200000
Apartment ,1 BHK,525.0,Kandivali East,Mumbai,19.19499969,72.875,,0.0,0,Unfurnished,18000
Apartment ,3 BHK,1650.0,Wagholi,Pune,18.57700348,73.98805237,3.0,3.0,<=100k,Unfurnished,14000
Independent Floor ,5 BHK,6521.0,Gulmohar park,Delhi,28.55765915,77.21248627,4.0,2.0,>100k,Unfurnished,301812
Apartment ,2 BHK,1035.0,Mahalaxmi,Mumbai,18.98710442,72.8290863,2.0,0.0,0,Unfurnished,135000
Apartment ,2 BHK,675.0,Sector 1 Dwarka,Delhi,28.60317993,77.08067322,2.0,0.0,0,Semi-Furnished,8500
Apartment ,1 BHK,650.0,Titwala,Mumbai,19.29271317,73.2019043,1.0,0.0,,Semi-Furnished,7500
Studio Apartment ,1 RK,225.0,Malad West,Mumbai,19.20204163,72.81889343,,0.0,0,Unfurnished,10000
Independent Floor ,3 BHK,1350.0,Janakpuri,Delhi,28.61662483,77.09482574,3.0,2.0,<=100k,Semi-Furnished,36000
Apartment ,2 BHK,951.0,Wagholi,Pune,18.58792686,73.98773193,2.0,2.0,<=100k,Unfurnished,12000
Apartment ,2 BHK,1070.0,Wagholi,Pune,18.57670975,73.99583435,2.0,2.0,<=100k,Semi-Furnished,12500
Apartment ,2 BHK,,Wagholi,Pune,18.56955719,73.97392273,1.0,2.0,<=100k,Unfurnished,20000
Apartment ,3 BHK,1180.0,Thane West,Mumbai,19.22232819,72.98812103,2.0,0.0,>100k,Semi-Furnished,30000
Apartment ,1 BHK,500.0,Thane West,Mumbai,19.25776482,72.96995544,1.0,0.0,<=100k,Unfurnished,13000
Apartment ,2 BHK,900.0,Thane West,Mumbai,19.22576714,72.99422455,2.0,0.0,0,Semi-Furnished,30000
Apartment ,2 BHK,1100.0,Powai,Mumbai,19.11899948,72.91719055,2.0,0.0,0,Furnished,80000
Apartment ,1 BHK,651.0,Ghansoli,Mumbai,19.12399673,72.9980545,2.0,2.0,<=100k,Unfurnished,20000
Apartment ,2 BHK,900.0,Andheri East,Mumbai,19.11651802,72.8895874,2.0,0.0,0,Furnished,50000
Apartment ,3 BHK,1355.0,Wakad,Pune,18.5965538,73.77578735,3.0,0.0,0,Unfurnished,32000
Apartment ,1 BHK,,Bandra West,Mumbai,19.06106186,72.8347168,,0.0,0,Unfurnished,55000
,3 BHK,2856.0,Sarvodaya Enclave,Delhi,28.5376606,77.20207214,3.0,2.0,>100k,Unfurnished,301022
Independent Floor ,3 BHK,1750.0,Poorvi Pitampura,Delhi,28.70433044,77.14995575,3.0,1.0,,Semi-Furnished,56000
Independent Floor ,1 BHK,500.0,Ramesh Nagar,Delhi,28.64922142,77.13320923,1.0,0.0,0,Furnished,18000
Apartment ,3 BHK,1600.0,Kharghar,Mumbai,19.04327202,73.06098938,3.0,0.0,,Furnished,65000
Independent Floor ,5 BHK,6521.0,Panchsheel Park,Delhi,28.54154015,77.21611786,4.0,2.0,>100k,Unfurnished,301012
,2 BHK,1250.0,Ghansoli,Mumbai,19.12399673,72.9980545,2.0,4.0,<=100k,Unfurnished,29500
Apartment ,2 BHK,,Andheri West,Mumbai,19.13736153,72.83709717,2.0,0.0,>100k,Furnished,110000
Villa ,5 BHK,6251.0,Panchsheel Park,Delhi,28.54154015,77.21611786,5.0,2.0,>100k,Unfurnished,562562
Apartment ,2 BHK,900.0,Worli,Mumbai,19.00169182,72.818573,2.0,0.0,0,Furnished,105000
Independent House ,5 BHK,6521.0,Chattarpur,Delhi,28.49946976,77.19647217,4.0,2.0,>100k,Unfurnished,401012
Independent Floor ,3 BHK,2741.0,Safdarjung Enclave,Delhi,28.56125832,77.19052124,3.0,2.0,>100k,Unfurnished,301012
Independent Floor ,1 BHK,600.0,Hadapsar,Pune,18.48603058,73.93418884,1.0,0.0,0,Semi-Furnished,5500
Apartment ,2 BHK,1100.0,Kanjurmarg,Mumbai,19.13116074,72.94013977,2.0,0.0,,Semi-Furnished,33000
,2 BHK,806.0,Kharghar,Mumbai,19.0733223,73.07743073,2.0,2.0,<=100k,Semi-Furnished,24000
Apartment ,2 BHK,910.0,Mira Road East,Mumbai,19.28087616,72.87459564,2.0,0.0,0,Semi-Furnished,17000
Independent Floor ,4 BHK,5896.0,Sarvodaya Enclave,Delhi,28.5376606,77.20207214,4.0,3.0,>100k,Unfurnished,301012
Independent Floor ,4 BHK,,Sector 19 Dwarka,Delhi,28.57611275,77.04671478,4.0,0.0,0,Semi-Furnished,70000
Apartment ,2 BHK,1100.0,Kharghar,Mumbai,19.0428257,73.07227325,,0.0,0,Semi-Furnished,23000
Apartment ,1 BHK,700.0,Thane West,Mumbai,19.26537704,72.97238922,1.0,0.0,0,Semi-Furnished,15002
Apartment ,2 BHK,1088.0,Kharghar,Mumbai,19.06855965,73.08152008,2.0,0.0,>100k,Furnished,45000
Apartment ,2 BHK,983.0,Moshi,Pune,18.67595482,73.84246063,2.0,0.0,<=100k,Unfurnished,16500
Apartment ,2 BHK,1100.0,Hinjewadi,Pune,18.57535172,73.67964935,2.0,0.0,0,Furnished,23000
Independent Floor ,3 BHK,2500.0,Hauz Khas,Delhi,28.55016518,77.19645691,3.0,0.0,0,Unfurnished,100000
Studio Apartment ,1 RK,250.0,Andheri East,Mumbai,19.13683128,72.86800385,1.0,0.0,0,Semi-Furnished,16000
Apartment ,1 BHK,650.0,Vishrantwadi,Pune,18.57470322,73.88276672,1.0,1.0,<=100k,Unfurnished,16500
Apartment ,4 BHK,1300.0,NIBM Annex Mohammadwadi,Pune,18.47583008,73.90903473,,1.0,>100k,Unfurnished,60000
Apartment ,2 BHK,757.0,Ravet,Pune,18.65584183,73.73114777,2.0,2.0,,Semi-Furnished,22000
Apartment ,2 BHK,1098.0,Dombivali,Mumbai,19.14808083,73.07962036,2.0,0.0,0,Semi-Furnished,16000
Apartment ,2 BHK,1100.0,Kandivali East,Mumbai,19.20486069,72.87245178,2.0,0.0,0,Unfurnished,65000
Independent Floor ,3 BHK,2856.0,Hauz Khas,Delhi,28.55542183,77.20988464,3.0,2.0,>100k,Unfurnished,301012
Apartment ,3 BHK,1500.0,NIBM,Pune,18.47696114,73.89567566,3.0,1.0,<=100k,Furnished,38000
Apartment ,3 BHK,2150.0,Lower Parel,Mumbai,19.0024128,72.82653809,4.0,0.0,0,Semi-Furnished,425000
,3 BHK,900.0,Dabri,Delhi,28.60993385,77.09203339,2.0,0.0,,Semi-Furnished,18000
Apartment ,4 BHK,2160.0,Sector 2 Dwarka,Delhi,28.59634781,77.06911469,4.0,3.0,>100k,Semi-Furnished,65000
Apartment ,1 BHK,540.0,Thane West,Mumbai,19.2348175,72.96658325,1.0,0.0,0,Semi-Furnished,15000
Independent Floor ,3 BHK,2700.0,Safdarjung Enclave,Delhi,28.56470108,77.19415283,3.0,0.0,0,Semi-Furnished,140000
Apartment ,2 BHK,905.0,Wakad,Pune,18.5906601,73.77902985,2.0,0.0,0,Semi-Furnished,18000
Apartment ,1 BHK,434.0,Dombivali,Mumbai,19.21064949,73.09201813,1.0,0.0,<=100k,Semi-Furnished,5500
Apartment ,2 BHK,900.0,Andheri West,Mumbai,19.12791443,72.8188858,2.0,0.0,0,Unfurnished,65000
,2 BHK,,Virar,Mumbai,19.46809959,72.79780579,2.0,0.0,0,Semi-Furnished,7500
Apartment ,2 BHK,1100.0,Wagholi,Pune,18.57500267,73.9759903,2.0,2.0,<=100k,Semi-Furnished,20000
Apartment ,2 BHK,905.0,Wakad,Pune,18.5906601,73.77902985,2.0,0.0,0,Semi-Furnished,18000
Independent Floor ,3 BHK,2350.0,Greater Kailash,Delhi,28.5457592,77.24568176,3.0,0.0,0,Semi-Furnished,125000
Independent Floor ,3 BHK,2741.0,Panchsheel Enclave,Delhi,28.54351997,77.22973633,3.0,2.0,>100k,Unfurnished,362612
Villa ,5 BHK,6521.0,Prithviraj Road,Delhi,28.6001606,77.22097778,4.0,2.0,>100k,Unfurnished,1216162
Apartment ,1 BHK,610.0,Kharghar,Mumbai,19.07730484,73.07568359,2.0,0.0,0,Unfurnished,9800
Independent Floor ,4 BHK,4500.0,Greater kailash 1,Delhi,28.55195999,77.23581696,4.0,0.0,0,Semi-Furnished,325000
Apartment ,1 BHK,700.0,Hinjewadi,Pune,18.59160042,73.71278381,1.0,0.0,,Furnished,18000
,1 BHK,700.0,Colaba,Mumbai,18.90356064,72.81304169,1.0,0.0,0,Furnished,90000
Independent Floor ,3 BHK,2856.0,Golf Links,Delhi,28.59763908,77.23332977,3.0,2.0,>100k,Unfurnished,329295
Apartment ,2 BHK,850.0,Bhandup West,Mumbai,19.15442848,72.93182373,2.0,0.0,0,Semi-Furnished,25000
Apartment ,1 BHK,444.0,Goregaon West,Mumbai,19.16921997,72.83662415,2.0,0.0,0,Semi-Furnished,26300
Independent Floor ,2 BHK,600.0,Dabri,Delhi,28.60993385,77.09203339,2.0,0.0,0,Semi-Furnished,13000
Independent Floor ,3 BHK,900.0,Jhil Mil Colony,Delhi,28.67067719,77.30408478,3.0,2.0,<=100k,Furnished,25000
Apartment ,3 BHK,1400.0,Andheri West,Mumbai,19.13851357,72.81504059,3.0,0.0,0,Furnished,75000
Apartment ,2 BHK,800.0,Andheri West,Mumbai,19.14526939,72.8306427,2.0,0.0,0,Unfurnished,56000
,1 BHK,450.0,Kandivali East,Mumbai,19.19689178,72.87253571,2.0,0.0,0,Furnished,28000
Apartment ,2 BHK,1258.0,Ghansoli,Mumbai,19.11989021,73.00995636,2.0,2.0,>100k,Furnished,59000
Apartment ,2 BHK,995.0,Wagholi,Pune,18.57175446,73.97624207,2.0,2.0,<=100k,Unfurnished,12000
Independent Floor ,3 BHK,3000.0,Defence Colony,Delhi,28.57470131,77.23387146,3.0,0.0,0,Semi-Furnished,165000
Apartment ,1 BHK,550.0,Mira Road East,Mumbai,19.28962708,72.87622833,2.0,0.0,0,Semi-Furnished,13500
Apartment ,2 BHK,,Andheri East,Mumbai,19.13874435,72.81476593,2.0,0.0,0,Semi-Furnished,70000
Independent Floor ,3 BHK,2856.0,Anand Niketan,Delhi,28.57893944,77.16504669,3.0,2.0,>100k,Unfurnished,301012
Independent Floor ,3 BHK,2846.0,Panchsheel Park,Delhi,28.54154015,77.21611786,,2.0,>100k,Unfurnished,235652
Apartment ,2 BHK,987.0,Wagholi,Pune,18.58604813,73.98841095,2.0,2.0,<=100k,Unfurnished,12500
Apartment ,2 BHK,1000.0,Wanowrie,Pune,18.48082352,73.89649963,2.0,1.0,<=100k,Unfurnished,25000
Independent Floor ,3 BHK,2856.0,Jor bagh,Delhi,28.67728996,77.15930176,3.0,2.0,>100k,Unfurnished,401015
,1 BHK,500.0,Katraj,Pune,18.45146942,73.86211395,1.0,1.0,<=100k,Unfurnished,12000
Apartment ,1 BHK,620.0,Virar West,Mumbai,19.45285606,72.80165863,2.0,0.0,0,Semi-Furnished,6000
Apartment ,2 BHK,1050.0,Powai,Mumbai,19.11456108,72.89637756,2.0,0.0,0,Semi-Furnished,75000
Apartment ,3 BHK,1500.0,Malad West,Mumbai,19.17896652,72.83389282,3.0,0.0,0,Furnished,85000
Apartment ,1 BHK,500.0,Ville Parle East,Mumbai,19.0951004,72.8605957,1.0,0.0,0,Semi-Furnished,45000
,4 BHK,5896.0,Vasant Vihar,Delhi,28.55739021,77.15714264,4.0,2.0,>100k,Unfurnished,235562
Apartment ,2 BHK,750.0,Mulund East,Mumbai,19.15246582,72.96372223,1.0,0.0,0,Semi-Furnished,40000
Independent Floor ,5 BHK,6521.0,Golf Links,Delhi,28.59763908,77.23332977,4.0,2.0,>100k,Unfurnished,322299
Apartment ,2 BHK,990.0,Wakad,Pune,18.59248543,73.75439453,2.0,0.0,0,Semi-Furnished,23500
Apartment ,1 BHK,552.0,Chembur,Mumbai,19.04881477,72.8870697,1.0,0.0,0,Unfurnished,35000
Apartment ,2 BHK,1000.0,Hinjewadi,Pune,18.58396339,73.69768524,2.0,0.0,0,Unfurnished,17000
Apartment ,3 BHK,1080.0,Wagholi,Pune,18.57997322,73.9730072,,0.0,0,Semi-Furnished,16000
Apartment ,1 BHK,633.0,Dhanori,Pune,18.58916855,73.8928833,1.0,0.0,<=100k,Unfurnished,13000
Apartment ,1 BHK,400.0,Shivane,Pune,18.46567345,73.78303528,1.0,0.0,0,Unfurnished,6500
Apartment ,1 BHK,650.0,Pashan,Pune,18.54591942,73.77755737,1.0,1.0,<=100k,Unfurnished,15000
Apartment ,2 BHK,800.0,Bavdhan,Pune,18.5183506,73.77896881,2.0,0.0,0,Semi-Furnished,20000
Apartment ,2 BHK,1050.0,Thane West,Mumbai,19.23074341,72.96775055,2.0,0.0,0,Furnished,38000
Apartment ,3 BHK,1650.0,Wagholi,Pune,18.58410645,74.00319672,3.0,2.0,<=100k,Semi-Furnished,20000
Studio Apartment ,1 RK,365.0,Karampura,Delhi,28.665308,77.15024567,,0.0,0,Furnished,21000
Independent Floor ,3 BHK,1350.0,Paschim Vihar,Delhi,28.66866684,77.10193634,3.0,0.0,0,Furnished,30000
Apartment ,2 BHK,1100.0,Kandivali East,Mumbai,19.20110893,72.87722778,2.0,0.0,0,Semi-Furnished,58000
Independent Floor ,3 BHK,2000.0,Defence Colony,Delhi,28.57263374,77.23251343,4.0,0.0,0,Semi-Furnished,180000
Apartment ,3 BHK,2070.0,Tardeo,Mumbai,18.96496964,72.80918121,4.0,0.0,0,Semi-Furnished,390000
Independent Floor ,3 BHK,2741.0,Anand Niketan,Delhi,28.57893944,77.16504669,,2.0,>100k,Unfurnished,301022
,2 BHK,,Dhayari,Pune,18.45851326,73.78095245,2.0,1.0,<=100k,Unfurnished,14500
Apartment ,5 BHK,5896.0,Vasant Kunj,Delhi,28.52631378,77.14366913,4.0,2.0,>100k,Unfurnished,401012
Apartment ,2 BHK,1100.0,Andheri West,Mumbai,19.12691879,72.83322906,2.0,0.0,>100k,Furnished,90000
Independent Floor ,4 BHK,5896.0,Greater Kailash II,Delhi,28.53174019,77.24913788,4.0,2.0,>100k,Unfurnished,401012
Apartment ,2 BHK,800.0,Kharghar,Mumbai,19.033638,73.0694046,2.0,2.0,<=100k,Semi-Furnished,34000
Apartment ,1 BHK,,Wagholi,Pune,18.57997322,73.9730072,1.0,1.0,<=100k,Unfurnished,13000
Independent Floor ,4 BHK,6521.0,Niti Bagh,Delhi,28.55949974,77.21679688,4.0,2.0,>100k,Unfurnished,310202
Apartment ,3 BHK,1650.0,Aundh,Pune,18.5635128,73.80041504,3.0,0.0,0,Semi-Furnished,35500
Independent Floor ,3 BHK,3011.0,Hauz Khas,Delhi,28.55542183,77.20988464,3.0,2.0,>100k,Unfurnished,301012
,1 BHK,600.0,Tagore Garden Extension,Delhi,28.6476841,77.1100769,1.0,0.0,0,Furnished,16000
Apartment ,2 BHK,850.0,Santacruz East,Mumbai,19.07924843,72.853508,2.0,0.0,0,Unfurnished,40000
,3 BHK,1380.0,Chembur,Mumbai,19.05467415,72.90143585,3.0,0.0,0,Furnished,105000
Villa ,5 BHK,6521.0,Lodhi Road,Delhi,28.59095383,77.22794342,4.0,2.0,>100k,Unfurnished,1201010
Apartment ,2 BHK,939.0,Wakad,Pune,18.6076107,73.75753021,2.0,0.0,0,Furnished,16000
Apartment ,2 BHK,1080.0,Dhanori,Pune,18.59778595,73.90550995,2.0,1.0,<=100k,Unfurnished,20000
Apartment ,2 BHK,1315.0,Kharadi,Pune,18.55762672,73.94908142,2.0,0.0,>100k,Semi-Furnished,45000
,3 BHK,1856.0,Golf Links,Delhi,28.59763908,77.23332977,3.0,2.0,>100k,Unfurnished,401022
Apartment ,2 BHK,980.0,Lohegaon,Pune,18.60580063,73.91000366,2.0,1.0,<=100k,Semi-Furnished,16000
,1 BHK,621.0,Yerawada,Pune,18.55448723,73.89758301,1.0,0.0,0,Furnished,28000
Independent House ,4 BHK,2500.0,Baner,Pune,18.5647049,73.77220154,4.0,0.0,0,Furnished,150000
Apartment ,1 BHK,,Dadar East,Mumbai,19.01052475,72.84575653,,0.0,0,Unfurnished,18500
,2 BHK,,Hinjewadi,Pune,18.58396339,73.69768524,2.0,0.0,0,Unfurnished,17000
,1 BHK,530.0,Andheri East,Mumbai,19.12290573,72.88780212,2.0,0.0,0,Unfurnished,32000
Apartment ,2 BHK,900.0,IP Extension,Delhi,28.62976646,77.30672455,1.0,1.0,<=100k,Semi-Furnished,18000
Apartment ,2 BHK,1000.0,Virar,Mumbai,19.4446125,72.80041504,2.0,0.0,0,Semi-Furnished,10000
Villa ,5 BHK,6521.0,Aurungzeb Road,Delhi,28.60279655,77.21968079,4.0,2.0,>100k,Unfurnished,1549195
,3 BHK,1500.0,Sector 5 Dwarka,Delhi,28.59773827,77.0566864,2.0,0.0,0,Unfurnished,35000
Apartment ,1 BHK,580.0,Naigaon East,Mumbai,19.35858154,72.85855865,1.0,0.0,0,Semi-Furnished,7500
,3 BHK,1500.0,Aundh,Pune,18.56524658,73.8010788,3.0,2.0,<=100k,Semi-Furnished,35000
Independent Floor ,5 BHK,6521.0,Friends Colony,Delhi,28.56834984,77.27211761,4.0,2.0,>100k,Unfurnished,401012
Apartment ,1 BHK,684.0,Ghansoli,Mumbai,19.12306786,73.00344849,2.0,3.0,<=100k,Unfurnished,32900
Independent Floor ,2 BHK,450.0,Dwarka Mor,Delhi,28.6262207,77.03955078,1.0,0.0,0,Semi-Furnished,8000
Apartment ,2 BHK,680.0,Alandi,Pune,18.6780529,73.88217926,2.0,0.0,0,Semi-Furnished,15000
Independent House ,4 BHK,5896.0,Green Park Extension,Delhi,28.55970383,77.20386505,4.0,2.0,>100k,Unfurnished,640101
,2 BHK,1000.0,Shahpur Jat Village,Delhi,28.54905128,77.21381378,1.0,1.0,<=100k,Semi-Furnished,18000
Apartment ,1 BHK,568.0,Chinchwad,Pune,18.63496017,73.7894516,2.0,0.0,,Unfurnished,13000
Apartment ,2 BHK,740.0,Kanjurmarg,Mumbai,19.1315136,72.92739868,2.0,0.0,0,Semi-Furnished,28000
Apartment ,3 BHK,1050.0,Andheri East,Mumbai,19.11686325,72.86997986,3.0,0.0,0,Furnished,80000
penthouse ,6 BHK,6500.0,Bandra West,Mumbai,19.06009293,72.83030701,5.0,3.0,>100k,Furnished,1189500
Apartment ,3 BHK,1700.0,Seawoods,Mumbai,19.02178192,73.0182724,3.0,0.0,0,Semi-Furnished,88000
Independent Floor ,5 BHK,6521.0,Geetanjali Enclave,Delhi,28.53087997,77.20243073,4.0,2.0,>100k,Unfurnished,401012
Independent Floor ,3 BHK,1856.0,Panchsheel Enclave,Delhi,28.54351997,77.22973633,,2.0,>100k,Unfurnished,301012
Independent Floor ,2 BHK,1125.0,Naraina,Delhi,28.63214111,77.13885498,2.0,0.0,0,Semi-Furnished,23000
,1 BHK,900.0,Vasant Kunj,Delhi,28.52456093,77.14914703,1.0,0.0,0,Furnished,26000
Independent Floor ,5 BHK,6521.0,Sunder Nagar,Delhi,28.61843681,76.96178436,4.0,2.0,>100k,Unfurnished,401012
Villa ,4 BHK,5896.0,Anand Niketan,Delhi,28.57893944,77.16504669,4.0,3.0,>100k,Unfurnished,704105
Apartment ,2 BHK,987.0,Wagholi,Pune,18.58992004,74.00083923,2.0,2.0,<=100k,Unfurnished,10000
Apartment ,2 BHK,,Dhanori,Pune,18.60192871,73.90148163,2.0,0.0,0,Semi-Furnished,19000
Independent Floor ,3 BHK,1846.0,Sarvpriya Vihar,Delhi,28.54276657,77.20674133,3.0,2.0,>100k,Unfurnished,235925
Apartment ,2 BHK,1050.0,Andheri West,Mumbai,19.14069557,72.81018066,2.0,3.0,>100k,Furnished,85000
Apartment ,2 BHK,900.0,Malviya Nagar,Delhi,28.61302757,77.09531403,,1.0,<=100k,Semi-Furnished,20000
Apartment ,3 BHK,1270.0,Chakan,Pune,18.74325562,73.84774017,,0.0,0,Semi-Furnished,9500
Independent Floor ,4 BHK,5896.0,Shanti Niketan,Delhi,28.57792091,77.16937256,4.0,2.0,,Unfurnished,504101
Apartment ,2 BHK,1000.0,Borivali East,Mumbai,19.22686195,72.86437988,2.0,1.0,>100k,Unfurnished,40000
Apartment ,1 BHK,650.0,Pashan,Pune,18.54436111,73.78487396,1.0,2.0,<=100k,Semi-Furnished,16500
Independent Floor ,4 BHK,4852.0,Niti Bagh,Delhi,28.55949974,77.21679688,4.0,2.0,>100k,Unfurnished,301012
Studio Apartment ,1 RK,200.0,Wakad,Pune,18.59894371,73.76527405,1.0,0.0,0,Furnished,6500
Apartment ,1 BHK,590.0,Thane West,Mumbai,19.18950081,72.94877625,1.0,0.0,0,Semi-Furnished,23500
Apartment ,3 BHK,1248.0,Mulund West,Mumbai,19.15857124,72.94791412,2.0,0.0,0,Semi-Furnished,42000
,1 RK,550.0,Borivali West,Mumbai,19.23723793,72.84564209,1.0,0.0,0,Semi-Furnished,19000
Independent Floor ,3 BHK,2856.0,Sarvpriya Vihar,Delhi,28.54276657,77.20674133,3.0,2.0,>100k,Unfurnished,301012
Villa ,4 BHK,5896.0,Sainik Farm,Delhi,28.50527763,77.20741272,4.0,2.0,>100k,Unfurnished,310102
Apartment ,1 BHK,520.0,Mahalunge,Pune,18.55588722,73.88839722,1.0,0.0,<=100k,Furnished,22000
Apartment ,2 BHK,950.0,Tardeo,Mumbai,18.96496964,72.80918121,2.0,0.0,0,Furnished,140000
Apartment ,2 BHK,900.0,Ambernath East,Mumbai,19.19903946,73.19889069,2.0,0.0,<=100k,Unfurnished,11000
Apartment ,1 BHK,365.0,Karampura,Delhi,28.66560173,77.15029907,1.0,0.0,0,Furnished,22000
Independent Floor ,3 BHK,2856.0,New Friends Colony,Delhi,28.56705093,77.27355957,3.0,2.0,>100k,Unfurnished,301011
,2 BHK,750.0,Mulund East,Mumbai,19.15246582,72.96372223,2.0,0.0,0,Unfurnished,45000
,2 BHK,860.0,Thane West,Mumbai,19.27087021,72.96713257,2.0,4.0,>100k,Semi-Furnished,26000
Apartment ,2 BHK,1150.0,Seawoods,Mumbai,19.01244736,73.01242065,2.0,0.0,0,Semi-Furnished,44000
Apartment ,2 BHK,850.0,Thane West,Mumbai,19.26477814,72.96714783,,0.0,0,Semi-Furnished,25000
Apartment ,1 BHK,555.0,Powai,Mumbai,19.1228199,72.89530945,2.0,0.0,0,Unfurnished,30000
,1 BHK,610.0,Virar,Mumbai,19.47192574,72.80041504,2.0,0.0,0,Semi-Furnished,6500
Independent Floor ,3 BHK,1300.0,laxmi nagar,Delhi,28.63550949,77.26966095,2.0,0.0,0,Furnished,20000
Apartment ,2 BHK,940.0,Borivali East,Mumbai,19.22451973,72.86052704,2.0,0.0,>100k,Unfurnished,46000
Independent Floor ,5 BHK,6521.0,Panchsheel Enclave,Delhi,28.54351997,77.22973633,4.0,2.0,,Unfurnished,401012
Villa ,4 BHK,5896.0,Sunder Nagar,Delhi,28.61843681,76.96178436,4.0,2.0,>100k,Unfurnished,1012005
Apartment ,2 BHK,987.0,Wagholi,Pune,18.57494926,74.00061035,2.0,2.0,<=100k,Unfurnished,10500
Independent Floor ,3 BHK,1900.0,Rajouri Garden,Delhi,28.63903809,77.12332916,3.0,0.0,0,Furnished,60000
Apartment ,1 BHK,600.0,Dahisar,Mumbai,19.25876045,72.87361145,,0.0,0,Semi-Furnished,17000
Apartment ,2 BHK,710.0,Malad West,Mumbai,19.18646049,72.83118439,,0.0,>100k,Semi-Furnished,65000
Apartment ,2 BHK,972.0,Dhayari,Pune,18.45800209,73.78517914,2.0,1.0,,Unfurnished,13000
Independent Floor ,2 BHK,900.0,Subhash Nagar,Delhi,28.63766098,77.11206818,2.0,0.0,0,Semi-Furnished,24000
Independent Floor ,2 BHK,500.0,Govindpuri,Delhi,28.53511238,77.26423645,1.0,0.0,0,Semi-Furnished,10000
Independent Floor ,3 BHK,1350.0,Poorvi Pitampura,Delhi,28.70433044,77.14995575,3.0,1.0,<=100k,Semi-Furnished,38000
Independent Floor ,1 BHK,750.0,Rajouri Garden,Delhi,28.64381599,77.11975861,1.0,0.0,0,Furnished,20000
Apartment ,2 BHK,1000.0,Powai,Mumbai,19.12058449,72.89415741,2.0,0.0,0,Semi-Furnished,50000
Apartment ,2 BHK,1169.0,Baner,Pune,18.55918884,73.78131104,2.0,1.0,<=100k,Unfurnished,27000
,2 BHK,1000.0,Dhayari,Pune,18.4456501,73.82772827,2.0,2.0,<=100k,Semi-Furnished,13000
,1 BHK,500.0,Chembur,Mumbai,19.04825401,72.88893127,1.0,0.0,0,Furnished,45000
Independent Floor ,4 BHK,5412.0,Jor bagh,Delhi,28.67728996,77.15930176,,2.0,>100k,Unfurnished,301012
Apartment ,3 BHK,1200.0,Sheikh Sarai,Delhi,28.53747177,77.21471405,3.0,0.0,0,Semi-Furnished,40000
Independent Floor ,3 BHK,900.0,Krishna Nagar,Delhi,28.65669441,77.28876495,2.0,0.0,0,Semi-Furnished,25500
,2 BHK,1300.0,Airoli,Mumbai,19.14338875,72.9906311,4.0,0.0,0,Semi-Furnished,37000
Apartment ,3 BHK,950.0,Santacruz East,Mumbai,19.0758667,72.84881592,2.0,0.0,0,Semi-Furnished,65000
Villa ,4 BHK,5896.0,Chattarpur,Delhi,28.49946976,77.19647217,4.0,2.0,,Unfurnished,504011
Apartment ,2 BHK,1000.0,Wakad,Pune,18.60369873,73.7612381,2.0,1.0,<=100k,Unfurnished,18000
Apartment ,1 BHK,500.0,Sheikh Sarai,Delhi,28.53747177,77.21471405,1.0,1.0,,Semi-Furnished,14000
Apartment ,2 BHK,1050.0,Mayur Vihar,Delhi,28.60975075,77.33620453,2.0,1.0,<=100k,Semi-Furnished,18000
Apartment ,1 BHK,657.0,Ghansoli,Mumbai,19.12399673,72.9980545,,1.0,<=100k,Unfurnished,11500
,3 BHK,2856.0,Gulmohar park,Delhi,28.55765915,77.21248627,3.0,2.0,>100k,Unfurnished,301012
Independent Floor ,3 BHK,1350.0,Shalimar Bagh,Delhi,28.71273994,77.16290283,3.0,1.0,<=100k,Semi-Furnished,45000
Apartment ,2 BHK,1000.0,St Andrew Rd,Mumbai,19.0596962,72.8265686,2.0,2.0,>100k,Furnished,79000
Independent House ,4 BHK,6521.0,Lodhi Road,Delhi,28.59095383,77.22794342,4.0,2.0,>100k,Unfurnished,1418181
Apartment ,3 BHK,1367.0,Hadapsar,Pune,18.51945686,73.91488647,3.0,0.0,0,Unfurnished,25000
Apartment ,2 BHK,1040.0,Andheri West,Mumbai,19.12855911,72.81993103,2.0,0.0,0,Semi-Furnished,70000
,4 BHK,5896.0,Sunder Nagar,Delhi,28.61843681,76.96178436,4.0,2.0,,Unfurnished,401012
Apartment ,3 BHK,1050.0,Andheri West,Mumbai,19.13284874,72.8217926,,0.0,0,Furnished,120000
Independent House ,5 BHK,6521.0,Chattarpur,Delhi,28.49946976,77.19647217,4.0,2.0,,Unfurnished,401010
Apartment ,1 BHK,515.0,Mahape,Mumbai,19.11924934,73.02577209,2.0,0.0,,Unfurnished,13400
Apartment ,1 BHK,550.0,Sector 11 Dwarka,Delhi,28.59047318,77.048172,1.0,1.0,<=100k,Semi-Furnished,12000
Independent House ,5 BHK,6952.0,Vasant Kunj,Delhi,28.52631378,77.14366913,4.0,2.0,>100k,Unfurnished,548185
,2 BHK,800.0,Andheri West,Mumbai,19.13937759,72.82843781,2.0,0.0,0,Furnished,75000
Apartment ,2 BHK,900.0,Ville Parle East,Mumbai,19.0951004,72.8605957,,0.0,0,Furnished,65000
Independent Floor ,3 BHK,1800.0,Rajouri Garden,Delhi,28.64152908,77.12091064,4.0,0.0,0,Semi-Furnished,56000
,2 BHK,955.0,Dhayari,Pune,18.45889854,73.78898621,2.0,1.0,<=100k,Unfurnished,18000
Apartment ,2 BHK,926.0,Andheri West,Mumbai,19.12988663,72.83614349,2.0,3.0,>100k,Furnished,75000
Apartment ,2 BHK,1186.0,Wagholi,Pune,18.58410645,74.00319672,2.0,2.0,<=100k,Unfurnished,21000
Apartment ,1 BHK,560.0,Kalwa,Mumbai,19.19865036,73.00214386,1.0,0.0,0,Unfurnished,14000
Apartment ,2 BHK,1180.0,Ulwe,Mumbai,18.97104645,73.01772308,2.0,0.0,0,Furnished,19000
Independent Floor ,3 BHK,1800.0,Greater kailash 1,Delhi,28.55195999,77.23581696,3.0,0.0,0,Semi-Furnished,120000
Apartment ,1 BHK,550.0,Mira Road East,Mumbai,19.30034447,72.86470795,1.0,0.0,<=100k,Unfurnished,16000
Apartment ,2 BHK,1000.0,Nerul,Mumbai,19.02084732,73.02590179,2.0,0.0,0,Unfurnished,28000
,2 BHK,980.0,Kharghar,Mumbai,19.04971313,73.06507874,2.0,0.0,,Unfurnished,23000
Apartment ,3 BHK,949.0,Wagholi,Pune,18.5781498,74.00430298,,2.0,<=100k,Unfurnished,15000
Apartment ,3 BHK,1300.0,Vasai,Mumbai,19.36641502,72.82137299,3.0,0.0,0,Semi-Furnished,18000
Apartment ,2 BHK,1050.0,Thane West,Mumbai,19.2126503,72.9861145,2.0,2.0,<=100k,Semi-Furnished,28000
Apartment ,1 BHK,510.0,Malviya Nagar,Delhi,28.61302757,77.09531403,,1.0,<=100k,Furnished,15500
Independent Floor ,3 BHK,1440.0,Chittaranjan Park,Delhi,28.53816032,77.24881744,3.0,0.0,0,Semi-Furnished,95000
Independent Floor ,3 BHK,900.0,Dabri,Delhi,28.60993385,77.09203339,2.0,0.0,0,Semi-Furnished,23000
Apartment ,1 BHK,680.0,Tingre Nagar,Pune,18.58148193,73.89109802,1.0,1.0,<=100k,Semi-Furnished,16000
Apartment ,2 BHK,972.0,Dhayari,Pune,18.45800209,73.78517914,2.0,1.0,<=100k,Unfurnished,13500
Apartment ,2 BHK,1242.0,Kharadi,Pune,18.53852463,73.938591,2.0,2.0,>100k,Furnished,38000
Apartment ,3 BHK,1325.0,Napeansea Road,Mumbai,18.94491959,72.79441071,3.0,0.0,0,Furnished,180000
Apartment ,2 BHK,1110.0,Kharghar,Mumbai,19.05172348,73.07276917,2.0,2.0,<=100k,Semi-Furnished,20000
Independent Floor ,5 BHK,6521.0,Green Park Extension,Delhi,28.55970383,77.20386505,4.0,2.0,>100k,Unfurnished,301202
,2 BHK,1027.0,Borivali East,Mumbai,19.22131157,72.85739899,2.0,0.0,>100k,Unfurnished,50000
Apartment ,4 BHK,2530.0,Wadala,Mumbai,19.01874352,72.86030579,2.0,0.0,0,Semi-Furnished,325000
Apartment ,2 BHK,735.0,Vikhroli,Mumbai,19.11114311,72.93238068,,0.0,0,Semi-Furnished,40000
Independent Floor ,4 BHK,5562.0,Greater kailash 1,Delhi,28.55175018,77.23332977,4.0,2.0,>100k,Unfurnished,201020
Apartment ,2 BHK,677.0,Thane West,Mumbai,19.23309517,72.96710205,2.0,0.0,0,Furnished,40000
Independent Floor ,4 BHK,3600.0,Rajouri Garden,Delhi,28.64152908,77.12091064,5.0,0.0,0,Semi-Furnished,110000
Apartment ,2 BHK,1590.0,Dhanori,Pune,18.58590889,73.89323425,2.0,2.0,<=100k,Unfurnished,25000
Independent Floor ,3 BHK,2025.0,Surajmal Vihar,Delhi,28.65982056,77.30496979,3.0,0.0,0,Semi-Furnished,61000
,2 BHK,1000.0,Dwarka Mor,Delhi,28.62432671,77.02622986,,0.0,0,Semi-Furnished,12500
Studio Apartment ,1 RK,200.0,Wakad,Pune,18.59894371,73.76527405,1.0,0.0,0,Furnished,4000
Independent Floor ,3 BHK,2856.0,Shanti Niketan,Delhi,28.57792091,77.16937256,3.0,2.0,>100k,Unfurnished,301012
Apartment ,1 BHK,639.0,Wadgaon Sheri,Pune,18.55819511,73.92140961,1.0,0.0,0,Unfurnished,13000
Apartment ,2 BHK,705.0,Lohegaon,Pune,18.60276604,73.92597961,2.0,0.0,0,Semi-Furnished,21000
Independent Floor ,4 BHK,1450.0,Sector 11 Rohini,Delhi,28.73200989,77.1081543,2.0,0.0,0,Semi-Furnished,35000
Apartment ,3 BHK,1352.0,Wagholi,Pune,18.57123566,73.97721863,3.0,0.0,<=100k,Unfurnished,18000
Apartment ,2 BHK,1080.0,Kalyan West,Mumbai,19.25814056,73.13052368,,0.0,0,Semi-Furnished,22000
Apartment ,2 BHK,1050.0,Malabar Hill,Mumbai,18.95890045,72.80997467,2.0,0.0,0,Semi-Furnished,120000
Apartment ,2 BHK,1200.0,Ulwe,Mumbai,18.98021317,73.02484894,2.0,0.0,,Unfurnished,12000
Villa ,4 BHK,6251.0,Chattarpur,Delhi,28.49946976,77.19647217,4.0,2.0,>100k,Unfurnished,301020
,2 BHK,1000.0,Thane West,Mumbai,19.26623917,72.962883,2.0,0.0,0,Semi-Furnished,22900
Studio Apartment ,1 RK,310.0,Borivali East,Mumbai,19.22686195,72.86437988,1.0,1.0,>100k,Semi-Furnished,50000
,2 BHK,850.0,Undri,Pune,18.44071579,73.9079895,2.0,0.0,<=100k,Unfurnished,11000
Apartment ,2 BHK,1250.0,Wadgaon Sheri,Pune,18.54774284,73.91387939,2.0,0.0,0,Furnished,26000
Apartment ,1 BHK,635.0,Ambegaon Budruk,Pune,18.44947624,73.84402466,1.0,1.0,<=100k,Semi-Furnished,9000
,1 BHK,650.0,Andheri East,Mumbai,19.11651802,72.8895874,1.0,0.0,0,Furnished,38000
Apartment ,2 BHK,1000.0,Powai,Mumbai,19.11077309,72.90171051,2.0,0.0,0,Semi-Furnished,70000
Apartment ,1 BHK,600.0,Mundhwa,Pune,18.53703308,73.94950104,2.0,2.0,<=100k,Unfurnished,14500
Independent Floor ,5 BHK,,Geetanjali Enclave,Delhi,28.53087997,77.20243073,4.0,2.0,>100k,Unfurnished,301012
Apartment ,3 BHK,1800.0,Wadgaon Sheri,Pune,18.54603577,73.90991211,3.0,0.0,0,Furnished,50000
Apartment ,2 BHK,,Pimple Saudagar,Pune,18.59247589,73.79853821,2.0,0.0,<=100k,Furnished,20000
Independent Floor ,1 BHK,500.0,Govindpuri Extension,Delhi,28.53482056,77.25739288,1.0,0.0,0,Unfurnished,11500
Apartment ,2 BHK,1100.0,Andheri West,Mumbai,19.13946533,72.83043671,2.0,0.0,>100k,Furnished,85000
Independent House ,1 BHK,630.0,Wakad,Pune,18.61376381,73.71811676,1.0,0.0,0,Semi-Furnished,16500
Apartment ,2 BHK,1402.0,Santacruz West,Mumbai,19.08271599,72.83628082,2.0,0.0,0,Furnished,100000
Apartment ,1 BHK,1000.0,Hinjawadi Village,Pune,18.59140968,73.73464203,1.0,0.0,0,Furnished,11000
Apartment ,2 BHK,1040.0,Goregaon West,Mumbai,19.17062187,72.8449173,2.0,0.0,>100k,Unfurnished,44000
Villa ,4 BHK,5852.0,Green Park,Delhi,28.55761909,77.20458984,4.0,2.0,>100k,Unfurnished,405112
Apartment ,3 BHK,1200.0,NIBM Annex Mohammadwadi,Pune,18.47183418,73.92155457,3.0,2.0,>100k,Semi-Furnished,25000
Apartment ,4 BHK,2400.0,Sector 22 Dwarka,Delhi,28.5587635,77.06131744,3.0,0.0,0,Semi-Furnished,40000
Apartment ,1 BHK,,Goregaon West,Mumbai,19.16975403,72.83875275,1.0,0.0,0,Unfurnished,30000
,2 BHK,1010.0,Belapur,Mumbai,19.01490974,73.04190826,2.0,0.0,>100k,Semi-Furnished,35000
Independent Floor ,3 BHK,900.0,Prashant Vihar Sector 14,Delhi,28.7157402,77.13514709,2.0,1.0,<=100k,Semi-Furnished,33000
Apartment ,1 BHK,650.0,Andheri West,Mumbai,19.13805008,72.82532501,2.0,0.0,0,Furnished,60000
Apartment ,2 BHK,960.0,Mira Road East,Mumbai,19.28417206,72.88123322,2.0,0.0,0,Semi-Furnished,28500
,3 BHK,2925.0,South Extension 2,Delhi,28.5687809,77.23298645,3.0,0.0,0,Semi-Furnished,170000
Independent Floor ,4 BHK,6300.0,Greater Kailash,Delhi,28.5457592,77.24568176,4.0,0.0,0,Semi-Furnished,250000
Apartment ,1 BHK,600.0,Hinjewadi,Pune,18.58146667,73.73651123,,0.0,0,Semi-Furnished,24000
Apartment ,1 BHK,750.0,Kharadi,Pune,18.55333519,73.94477844,,0.0,0,Unfurnished,16000
Apartment ,4 BHK,1500.0,Dwarka Mor,Delhi,28.62274551,77.03400421,3.0,0.0,0,Semi-Furnished,32000
Independent Floor ,3 BHK,1000.0,Dabri,Delhi,28.60993385,77.09203339,2.0,0.0,0,Semi-Furnished,20000
Apartment ,1 BHK,670.0,Virar,Mumbai,19.46747208,72.80194092,2.0,0.0,,Semi-Furnished,6000
Apartment ,2 BHK,868.0,Vadgaon Budruk,Pune,18.45633507,73.83314514,,0.0,<=100k,Semi-Furnished,15000
,4 BHK,5896.0,Vasant Vihar,Delhi,28.55739021,77.15714264,4.0,2.0,>100k,Unfurnished,401105
,4 BHK,,Golf Links,Delhi,28.59763908,77.23332977,4.0,2.0,>100k,Unfurnished,301012
Independent Floor ,2 BHK,900.0,Poorvi Pitampura,Delhi,28.70433044,77.14995575,1.0,1.0,<=100k,Semi-Furnished,22000
Apartment ,2 BHK,1300.0,Chinchwad,Pune,18.63287354,73.78612518,2.0,0.0,0,Furnished,25000
Apartment ,1 BHK,600.0,Kothrud,Pune,18.50799751,73.79019165,1.0,1.0,<=100k,Unfurnished,13500
Apartment ,1 BHK,720.0,Thane West,Mumbai,19.22291374,72.98842621,2.0,0.0,0,Semi-Furnished,24000
Apartment ,2 BHK,1200.0,Bavdhan,Pune,18.51146126,73.76261902,2.0,0.0,0,Unfurnished,24000
,2 BHK,,Rajouri Garden,Delhi,28.64152908,77.12091064,2.0,0.0,0,Furnished,38000
Apartment ,3 BHK,950.0,Borivali West,Mumbai,19.24041748,72.8500824,2.0,0.0,0,Unfurnished,35000
,2 BHK,1250.0,Kamothe,Mumbai,19.02579117,73.08976746,2.0,0.0,0,Unfurnished,20000
,3 BHK,2000.0,Defence Colony,Delhi,28.57263374,77.23251343,4.0,0.0,0,Furnished,250000
Apartment ,1 BHK,640.0,Koper Khairane,Mumbai,19.1027832,73.01050568,1.0,0.0,0,Furnished,27000
Apartment ,2 BHK,1050.0,Kharghar,Mumbai,19.05172348,73.07276917,2.0,2.0,<=100k,Furnished,30000
Independent Floor ,4 BHK,5852.0,New Friends Colony,Delhi,28.56705093,77.27355957,4.0,2.0,>100k,Unfurnished,321222
Independent Floor ,3 BHK,2856.0,Friends Colony,Delhi,28.56834984,77.27211761,3.0,2.0,>100k,Unfurnished,235592
Independent House ,5 BHK,6251.0,Tuglak Road,Delhi,28.59545326,77.21033478,,2.0,>100k,Unfurnished,2162955
Apartment ,2 BHK,1140.0,Kharghar,Mumbai,19.03384018,73.07701874,2.0,0.0,<=100k,Semi-Furnished,40000
Apartment ,2 BHK,1025.0,Andheri West,Mumbai,19.13617134,72.83621216,2.0,0.0,0,Unfurnished,52000
Apartment ,3 BHK,1637.0,Baner,Pune,18.55434418,73.77623749,3.0,2.0,,Semi-Furnished,32000
,3 BHK,1700.0,Sector 11 Dwarka,Delhi,28.58954048,77.04999542,3.0,0.0,0,Semi-Furnished,43000
Independent Floor ,5 BHK,6521.0,Golf Links,Delhi,28.59763908,77.23332977,4.0,2.0,>100k,Unfurnished,354915
,2 BHK,600.0,Virar,Mumbai,19.46762085,72.79753113,2.0,0.0,0,Semi-Furnished,7500
Apartment ,2 BHK,998.0,Kandivali West,Mumbai,19.20575714,72.82209778,2.0,0.0,>100k,Semi-Furnished,35000
Apartment ,2 BHK,957.0,Wagholi,Pune,18.58507729,73.97621155,2.0,0.0,<=100k,Unfurnished,15000
Independent Floor ,3 BHK,1500.0,Rajouri Garden,Delhi,28.64152908,77.12091064,3.0,0.0,0,Semi-Furnished,38000
Apartment ,2 BHK,900.0,Pimple Saudagar,Pune,18.59686661,73.80332184,2.0,0.0,<=100k,Unfurnished,23000
Apartment ,2 BHK,1000.0,Kharghar,Mumbai,19.04759026,73.0774765,2.0,0.0,0,Furnished,40000
,3 BHK,,Saket,Delhi,28.52081108,77.20144653,3.0,0.0,0,Semi-Furnished,28000
,3 BHK,1200.0,Jamia Nagar,Delhi,28.55385208,77.29555511,2.0,1.0,<=100k,Semi-Furnished,17500
Independent Floor ,4 BHK,6251.0,Uday Park,Delhi,28.56010056,77.2193222,4.0,2.0,>100k,Unfurnished,235592
Apartment ,2 BHK,1200.0,Hauz Khas,Delhi,28.54609871,77.19909668,2.0,0.0,0,Furnished,20000
Apartment ,1 BHK,,Malad East,Mumbai,19.19338989,72.85915375,2.0,0.0,<=100k,Furnished,40000
Villa ,4 BHK,5896.0,Tilak Marg,Delhi,28.6206398,77.23696136,4.0,2.0,>100k,Unfurnished,2236212
Apartment ,1 BHK,,Goregaon West,Mumbai,19.16975403,72.83875275,1.0,0.0,0,Unfurnished,24500
,2 BHK,670.0,Kalyan West,Mumbai,19.2570858,73.12992859,2.0,0.0,0,Semi-Furnished,13000
,3 BHK,1200.0,Wanowrie,Pune,18.48369408,73.90781403,3.0,1.0,<=100k,Unfurnished,30000
,4 BHK,4000.0,New Friends Colony,Delhi,28.57615089,77.27926636,4.0,0.0,0,Semi-Furnished,130000
Apartment ,1 BHK,,Thane West,Mumbai,19.28519821,72.94740295,1.0,3.0,,Unfurnished,12500
,3 BHK,1500.0,Andheri West,Mumbai,19.12937355,72.81874847,3.0,0.0,0,Furnished,125000
Apartment ,2 BHK,850.0,Andheri West,Mumbai,19.12514305,72.83178711,2.0,0.0,0,Unfurnished,75000
Apartment ,3 BHK,1650.0,Chembur,Mumbai,19.05430222,72.89217377,3.0,0.0,0,Unfurnished,115000
Apartment ,3 BHK,1700.0,Aundh,Pune,18.5668869,73.80753326,3.0,2.0,>100k,Semi-Furnished,45000
Apartment ,1 BHK,,Sheikh Sarai,Delhi,28.53427887,77.20841217,1.0,1.0,<=100k,Furnished,17500
,1 BHK,550.0,MATUNGA WEST,Mumbai,19.02820587,72.84375763,2.0,0.0,0,Unfurnished,40000
Apartment ,1 BHK,450.0,Dhanori,Pune,18.5941391,73.89772797,1.0,1.0,,Unfurnished,8000
Independent Floor ,3 BHK,2856.0,Vasant Vihar,Delhi,28.55739021,77.15714264,3.0,3.0,>100k,Unfurnished,301012
Apartment ,2 BHK,1300.0,NIBM Annex Mohammadwadi,Pune,18.47241592,73.91330719,2.0,1.0,<=100k,Semi-Furnished,30000
,2 BHK,947.0,Moshi,Pune,18.67595482,73.84246063,2.0,0.0,<=100k,Unfurnished,11000
Apartment ,2 BHK,986.0,Goregaon West,Mumbai,19.16894722,72.84313965,2.0,0.0,>100k,Unfurnished,70000
Independent Floor ,4 BHK,5896.0,Anand Niketan,Delhi,28.57893944,77.16504669,4.0,2.0,>100k,Unfurnished,381812
Apartment ,1 BHK,620.0,Naigaon East,Mumbai,19.36510086,72.86039734,,0.0,0,Unfurnished,9500
Independent House ,5 BHK,,Ghitorni,Delhi,28.49571991,77.13581085,,2.0,>100k,Unfurnished,401105
Independent Floor ,3 BHK,1600.0,Anand Niketan,Delhi,28.57889748,77.1645813,4.0,0.0,0,Semi-Furnished,125000
Independent Floor ,5 BHK,6521.0,Gulmohar park,Delhi,28.55765915,77.21248627,4.0,2.0,>100k,Unfurnished,301012
Independent Floor ,1 BHK,450.0,Dabri,Delhi,28.60906982,77.08935547,1.0,0.0,0,Semi-Furnished,10500
Apartment ,3 BHK,1724.0,Wagholi,Pune,18.57436371,73.99543762,3.0,3.0,<=100k,Semi-Furnished,30000
Apartment ,2 BHK,900.0,Pimple Saudagar,Pune,18.59380913,73.79833221,2.0,0.0,0,Semi-Furnished,17000
Apartment ,1 BHK,780.0,Dhanori,Pune,18.59597397,73.90444946,1.0,1.0,<=100k,Unfurnished,17000
Apartment ,1 BHK,690.0,Vishrantwadi,Pune,18.57291031,73.88282013,1.0,1.0,<=100k,Unfurnished,12000
Apartment ,3 BHK,1200.0,Santacruz East,Mumbai,19.07627678,72.86540222,3.0,0.0,0,Semi-Furnished,99999
Independent Floor ,3 BHK,2741.0,Geetanjali Enclave,Delhi,28.53087997,77.20243073,3.0,2.0,>100k,Unfurnished,301011
Apartment ,2 BHK,995.0,Wagholi,Pune,18.58424377,74.003685,2.0,2.0,<=100k,Semi-Furnished,13000
Independent Floor ,3 BHK,2000.0,Chittaranjan Park,Delhi,28.63529968,77.22499847,3.0,3.0,>100k,Unfurnished,60000
Apartment ,3 BHK,,Sector 5 Dwarka,Delhi,28.60169601,77.05503082,2.0,0.0,0,Semi-Furnished,37000
Apartment ,2 BHK,1150.0,Lohegaon,Pune,18.60209465,73.91862488,2.0,0.0,0,Unfurnished,21000
Studio Apartment ,1 RK,450.0,Badlapur East,Mumbai,19.144207,73.24699402,1.0,0.0,0,Unfurnished,3000
Independent Floor ,3 BHK,2741.0,Niti Bagh,Delhi,28.55949974,77.21679688,3.0,2.0,>100k,Unfurnished,304101
Apartment ,2 BHK,1200.0,Balewadi,Pune,18.58207512,73.76696014,2.0,0.0,0,Semi-Furnished,28000
,3 BHK,1404.0,Dhanori,Pune,18.60248947,73.90661621,3.0,0.0,0,Semi-Furnished,30000
Studio Apartment ,1 RK,400.0,Andheri East,Mumbai,19.11651802,72.8895874,1.0,0.0,0,Semi-Furnished,25000
Apartment ,2 BHK,1360.0,Vasai,Mumbai,19.3658886,72.8132019,2.0,0.0,0,Semi-Furnished,21500
Independent Floor ,1 BHK,560.0,Ramesh Nagar,Delhi,28.64922142,77.13320923,1.0,0.0,0,Furnished,18000
Apartment ,2 BHK,980.0,Kothrud,Pune,18.50429916,73.80525208,2.0,2.0,<=100k,Semi-Furnished,20000
Apartment ,3 BHK,1460.0,Tathawade,Pune,18.62471008,73.73709869,2.0,0.0,0,Semi-Furnished,30000
Apartment ,1 BHK,520.0,Malad West,Mumbai,19.2008419,72.81732178,2.0,0.0,0,Semi-Furnished,28000
Apartment ,2 BHK,,Saket,Delhi,28.52349854,77.20964813,,0.0,0,Semi-Furnished,25000
Apartment ,1 BHK,635.0,Andheri East,Mumbai,19.11784935,72.86292267,2.0,0.0,0,Unfurnished,45000
Apartment ,1 BHK,380.0,Hinjewadi,Pune,18.57936478,73.73588562,1.0,0.0,0,Furnished,28000
Apartment ,2 BHK,1003.0,Lohegaon,Pune,18.62072754,73.91501617,2.0,0.0,0,Semi-Furnished,22000
Apartment ,2 BHK,,Dhanori,Pune,18.59844017,73.9008255,2.0,1.0,<=100k,Furnished,28000
Independent Floor ,3 BHK,1600.0,Safdarjung Enclave,Delhi,28.56470108,77.19415283,3.0,0.0,0,Furnished,90000
,4 BHK,5896.0,Kasturba Gandhi Marg,Delhi,28.62281036,77.22541809,4.0,2.0,>100k,Unfurnished,1220012
Independent Floor ,4 BHK,5896.0,Jor bagh,Delhi,28.67728996,77.15930176,4.0,2.0,>100k,Unfurnished,401010
Apartment ,2 BHK,500.0,Malad East,Mumbai,19.18027878,72.86412048,2.0,0.0,0,Unfurnished,26000
Apartment ,2 BHK,650.0,Hinjewadi,Pune,18.59685707,73.69957733,2.0,1.0,<=100k,Semi-Furnished,13000
Villa ,4 BHK,5896.0,Green Park,Delhi,28.55761909,77.20458984,4.0,2.0,>100k,Unfurnished,301102
Apartment ,1 BHK,650.0,Borivali West,Mumbai,19.23134422,72.84638977,2.0,2.0,<=100k,Semi-Furnished,27000
Apartment ,2 BHK,1050.0,Kharghar,Mumbai,19.0435276,73.06318665,2.0,0.0,0,Semi-Furnished,26000
Independent Floor ,4 BHK,5896.0,West End,Delhi,28.57413292,77.16131592,4.0,2.0,>100k,Unfurnished,401012
Apartment ,2 BHK,1080.0,Wagholi,Pune,18.58679199,73.99843597,2.0,2.0,<=100k,Unfurnished,17000
,3 BHK,1170.0,Wagholi,Pune,18.5932312,73.96865082,3.0,0.0,<=100k,Semi-Furnished,30000
Apartment ,1 BHK,750.0,Bandra West,Mumbai,19.06962967,72.82893372,1.0,0.0,0,Furnished,80000
,2 BHK,1008.0,Mulund West,Mumbai,19.15857124,72.94791412,2.0,0.0,0,Semi-Furnished,38000
,3 BHK,1400.0,Andheri East,Mumbai,19.12072563,72.88448334,2.0,0.0,0,Furnished,70000
Independent Floor ,4 BHK,,Uday Park,Delhi,28.56010056,77.2193222,4.0,2.0,>100k,Unfurnished,301012
,2 BHK,900.0,Dadar East,Mumbai,19.01447678,72.84549713,,0.0,0,Furnished,60000
Independent Floor ,3 BHK,2741.0,Gulmohar park,Delhi,28.55765915,77.21248627,3.0,2.0,>100k,Unfurnished,301022
Apartment ,2 BHK,1050.0,Andheri West,Mumbai,19.11730576,72.82823181,2.0,0.0,0,Furnished,70000
Apartment ,2 BHK,,Wagholi,Pune,18.58956146,73.96814728,2.0,2.0,<=100k,Unfurnished,19000
Apartment ,2 BHK,865.0,Undri,Pune,18.45936012,73.92002869,2.0,2.0,<=100k,Unfurnished,14000
Independent Floor ,4 BHK,2700.0,Greater Kailash,Delhi,28.53972435,77.23821259,4.0,0.0,0,Semi-Furnished,200000
Apartment ,2 BHK,1080.0,Tingre Nagar,Pune,18.57693863,73.88834381,2.0,1.0,<=100k,Semi-Furnished,22000
Apartment ,2 BHK,1055.0,Hadapsar,Pune,18.48131561,73.93276215,2.0,1.0,<=100k,Unfurnished,17000
Apartment ,2 BHK,,Santacruz East,Mumbai,19.0825882,72.85115051,2.0,0.0,0,Semi-Furnished,62000
Studio Apartment ,1 RK,350.0,Wagholi,Pune,18.58033562,73.9805069,1.0,0.0,0,Unfurnished,4500
Apartment ,2 BHK,882.0,Sus,Pune,18.55093956,73.76186371,2.0,2.0,<=100k,Unfurnished,23000
,1 RK,150.0,Borivali East,Mumbai,19.22686195,72.86437988,1.0,1.0,<=100k,Semi-Furnished,20000
Apartment ,2 BHK,1150.0,Mahape,Mumbai,19.11924934,73.02577209,2.0,3.0,<=100k,Unfurnished,29000
,3 BHK,1115.0,Dhayari,Pune,18.45963287,73.79055786,2.0,1.0,<=100k,Unfurnished,15000
,1 BHK,600.0,Hadapsar,Pune,18.48603058,73.93418884,1.0,0.0,0,Semi-Furnished,5500
Apartment ,1 BHK,700.0,Kharghar,Mumbai,19.05057907,73.0680542,,0.0,0,Unfurnished,19000
Apartment ,1 BHK,600.0,Andheri West,Mumbai,19.1376152,72.82183075,1.0,0.0,0,Furnished,40000
,2 BHK,850.0,Ulwe,Mumbai,18.97544861,73.02937317,2.0,0.0,,Semi-Furnished,17000
Villa ,4 BHK,5896.0,Sainik Farm,Delhi,28.50527763,77.20741272,4.0,2.0,>100k,Unfurnished,401022
Apartment ,2 BHK,668.0,Wagholi,Pune,18.5845089,73.98793793,,2.0,<=100k,Unfurnished,12000
Apartment ,2 BHK,1080.0,Vishrantwadi,Pune,18.57247162,73.87510681,2.0,1.0,<=100k,Unfurnished,25000
Independent Floor ,2 BHK,1500.0,Defence Colony,Delhi,28.57263374,77.23251343,2.0,0.0,,Semi-Furnished,140000
Independent Floor ,3 BHK,2856.0,Defence Colony,Delhi,28.57183075,77.23332977,,2.0,>100k,Unfurnished,301012
Apartment ,3 BHK,2620.0,Balewadi,Pune,18.57759094,73.76396179,3.0,3.0,>100k,Semi-Furnished,45000
Apartment ,3 BHK,1380.0,Mira Road East,Mumbai,19.28087616,72.87459564,2.0,0.0,0,Semi-Furnished,23000
Apartment ,3 BHK,1300.0,Chattarpur,Delhi,28.50022316,77.18759918,2.0,0.0,0,Semi-Furnished,40000
,3 BHK,,Greater kailash 1,Delhi,28.55175018,77.23332977,3.0,2.0,>100k,Unfurnished,204500
,2 BHK,941.0,Wagholi,Pune,18.58424377,74.003685,2.0,2.0,<=100k,Semi-Furnished,13000
Apartment ,2 BHK,1000.0,Yerawada,Pune,18.56578255,73.8832016,3.0,0.0,0,Semi-Furnished,20000
Apartment ,3 BHK,1500.0,Powai,Mumbai,19.11899948,72.91719055,,0.0,0,Semi-Furnished,90000
,3 BHK,,Andheri West,Mumbai,19.14692116,72.8230896,3.0,0.0,0,Furnished,125000
Apartment ,2 BHK,1050.0,Kharghar,Mumbai,19.04891014,73.06781006,2.0,0.0,<=100k,Semi-Furnished,20000
Apartment ,1 BHK,740.0,Kondhwa,Pune,18.48234177,73.89289093,,1.0,<=100k,Unfurnished,13000
,4 BHK,3000.0,South Extension 2,Delhi,28.5687809,77.23298645,4.0,0.0,0,Semi-Furnished,250000
Apartment ,2 BHK,1000.0,Bandra West,Mumbai,19.05635643,72.8288269,2.0,0.0,0,Furnished,135000
Apartment ,3 BHK,1350.0,Baner,Pune,18.56052589,73.77519989,3.0,1.0,<=100k,Furnished,39999
Independent Floor ,4 BHK,5596.0,Gulmohar park,Delhi,28.55765915,77.21248627,4.0,2.0,>100k,Unfurnished,401010
Independent Floor ,4 BHK,5896.0,Anand Niketan,Delhi,28.57893944,77.16504669,4.0,2.0,>100k,Unfurnished,401102
Apartment ,1 BHK,570.0,Nalasopara West,Mumbai,19.40540504,72.75317383,1.0,2.0,<=100k,Unfurnished,5000
Apartment ,3 BHK,1550.0,Wakad,Pune,18.59720993,73.75839996,,2.0,<=100k,Unfurnished,20000
Apartment ,2 BHK,1000.0,Mahalunge,Pune,18.56652641,73.73932648,2.0,1.0,<=100k,Semi-Furnished,25000
Independent Floor ,1 BHK,370.0,Uttam Nagar,Delhi,28.61771202,77.06600952,1.0,0.0,0,Semi-Furnished,8000
Independent Floor ,3 BHK,2856.0,Vasant Vihar,Delhi,28.55739021,77.15714264,3.0,2.0,>100k,Unfurnished,310102
Apartment ,3 BHK,1200.0,Khar West,Mumbai,19.06879044,72.82737732,3.0,0.0,>100k,Semi-Furnished,175000
Independent Floor ,3 BHK,2856.0,Sarvpriya Vihar,Delhi,28.54276657,77.20674133,3.0,2.0,>100k,Unfurnished,301011
Independent Floor ,3 BHK,2856.0,Anand Niketan,Delhi,28.57893944,77.16504669,3.0,2.0,>100k,Unfurnished,381012
,4 BHK,5211.0,Green Park Extension,Delhi,28.55970383,77.20386505,4.0,2.0,>100k,Unfurnished,362125
Independent Floor ,3 BHK,2800.0,Greater Kailash,Delhi,28.53972435,77.23821259,3.0,0.0,0,Semi-Furnished,100000
Independent Floor ,4 BHK,3200.0,Janakpuri,Delhi,28.62191963,77.08881378,4.0,3.0,>100k,Semi-Furnished,85000
Apartment ,1 BHK,450.0,Thane West,Mumbai,19.22076607,72.96321869,2.0,0.0,0,Semi-Furnished,35000
Apartment ,1 BHK,585.0,Malad West,Mumbai,19.1743145,72.83811951,1.0,0.0,,Unfurnished,35000
Independent Floor ,4 BHK,5896.0,Jor bagh,Delhi,28.67728996,77.15930176,4.0,2.0,>100k,Unfurnished,410202
Apartment ,2 BHK,1200.0,Mulund West,Mumbai,19.17752266,72.96000671,,0.0,,Unfurnished,44000
Apartment ,2 BHK,1000.0,Pimple Saudagar,Pune,18.59325409,73.79299927,2.0,2.0,<=100k,Unfurnished,26000
,2 BHK,700.0,Uttam Nagar,Delhi,28.61945724,77.05670929,2.0,0.0,0,Semi-Furnished,8500
Apartment ,2 BHK,950.0,Ghatkopar West,Mumbai,19.09415054,72.90492249,2.0,0.0,0,Semi-Furnished,45000
Independent Floor ,3 BHK,2000.0,Defence Colony,Delhi,28.57263374,77.23251343,4.0,0.0,0,Semi-Furnished,180000
,3 BHK,2250.0,Saket,Delhi,28.52459908,77.20823669,3.0,3.0,>100k,Furnished,120000
Apartment ,4 BHK,2400.0,Kalyani Nagar,Pune,18.54414368,73.90107727,4.0,2.0,>100k,Furnished,110000
Apartment ,2 BHK,1095.0,Kalyani Nagar,Pune,18.54798126,73.90657806,2.0,0.0,>100k,Semi-Furnished,40000
Apartment ,2 BHK,1200.0,Tathawade,Pune,18.62477303,73.73713684,2.0,0.0,,Semi-Furnished,22000
Apartment ,1 BHK,595.0,Dombivali,Mumbai,19.14808083,73.07962036,1.0,0.0,0,Unfurnished,9500
Independent Floor ,4 BHK,5562.0,Navjeevan Vihar,Delhi,28.53347588,77.19955444,,2.0,>100k,Unfurnished,253562
Apartment ,2 BHK,866.0,Wagholi,Pune,18.59069443,74.00778961,2.0,1.0,<=100k,Unfurnished,15000
Apartment ,2 BHK,1000.0,Cuffe Parade,Mumbai,18.91439247,72.82426453,2.0,0.0,0,Furnished,175000
Apartment ,2 BHK,939.0,Wakad,Pune,18.6076107,73.75753021,2.0,0.0,0,Furnished,16000
Apartment ,2 BHK,1050.0,Powai,Mumbai,19.12459946,72.91601562,2.0,0.0,0,Furnished,57000
Independent Floor ,4 BHK,5896.0,Safdarjung Enclave,Delhi,28.56125832,77.19052124,4.0,2.0,,Unfurnished,381812
Apartment ,1 BHK,685.0,Wakad,Pune,18.60369873,73.7612381,1.0,0.0,<=100k,Semi-Furnished,12000
,3 BHK,2856.0,New Friends Colony,Delhi,28.56705093,77.27355957,3.0,2.0,>100k,Unfurnished,301022
Independent Floor ,3 BHK,1800.0,South Extension 2,Delhi,28.5687809,77.23298645,3.0,0.0,0,Semi-Furnished,150000
Apartment ,2 BHK,1064.0,Wagholi,Pune,18.5717144,73.97583771,2.0,0.0,<=100k,Semi-Furnished,13000
Independent Floor ,4 BHK,4500.0,Naraina,Delhi,28.63214111,77.13885498,4.0,0.0,0,Semi-Furnished,130000
Independent Floor ,3 BHK,2856.0,New Friends Colony,Delhi,28.56705093,77.27355957,3.0,2.0,,Unfurnished,235562
Apartment ,2 BHK,963.0,Wagholi,Pune,18.58126259,73.98873901,2.0,2.0,<=100k,Furnished,22000
Apartment ,2 BHK,850.0,Bhandup West,Mumbai,19.15110016,72.94132233,1.0,0.0,0,Furnished,27000
,3 BHK,2852.0,Greater kailash 1,Delhi,28.55175018,77.23332977,3.0,2.0,,Unfurnished,252122
Apartment ,1 BHK,550.0,Malabar Hill,Mumbai,18.95371056,72.8004303,1.0,0.0,0,Furnished,85000
Apartment ,2 BHK,1155.0,Baner,Pune,18.55163956,73.76681519,2.0,2.0,<=100k,Semi-Furnished,20000
Apartment ,1 BHK,1106.0,Kurla,Mumbai,19.07992172,72.88587189,2.0,0.0,0,Semi-Furnished,23000
Apartment ,3 BHK,,Charholi Budruk,Pune,18.64663315,73.87836456,2.0,2.0,<=100k,Semi-Furnished,30000
Apartment ,2 BHK,987.0,Wagholi,Pune,18.58422279,73.98563385,2.0,2.0,<=100k,Semi-Furnished,14500
Apartment ,2 BHK,1210.0,Kharghar,Mumbai,19.04390335,73.07848358,2.0,0.0,0,Semi-Furnished,33999
Independent Floor ,5 BHK,,Sunder Nagar,Delhi,28.61843681,76.96178436,,2.0,>100k,Unfurnished,540105
Apartment ,2 BHK,690.0,Kanjurmarg,Mumbai,19.1315136,72.92739868,2.0,0.0,0,Semi-Furnished,27000
Apartment ,3 BHK,1800.0,Panvel,Mumbai,18.95242119,73.12985229,3.0,0.0,0,Semi-Furnished,35000
Independent Floor ,3 BHK,2351.0,Uday Park,Delhi,28.56010056,77.2193222,3.0,2.0,>100k,Unfurnished,301012
Independent Floor ,4 BHK,6521.0,Greater Kailash II,Delhi,28.53174019,77.24913788,4.0,2.0,>100k,Unfurnished,301011
Apartment ,1 BHK,900.0,Law College Road,Pune,18.52046967,73.85662079,2.0,2.0,<=100k,Furnished,4000
Independent Floor ,4 BHK,5562.0,Saket,Delhi,28.52354813,77.20014191,4.0,2.0,>100k,Unfurnished,381022
Apartment ,2 BHK,960.0,Thane West,Mumbai,19.25920677,72.9858017,2.0,0.0,0,Semi-Furnished,26000
